movieId,success,total,alpha,beta
1,37709,57309,37710,19601
2,8276,24228,8277,15953
3,3674,11804,3675,8131
4,637,2523,638,1887
5,3161,11714,3162,8554
6,15598,24588,15599,8991
7,4885,12132,4886,7248
8,394,1344,395,951
9,934,3711,935,2778
10,11681,28265,11682,16585
11,9443,17042,9444,7600
12,675,3741,676,3067
13,653,1715,654,1063
14,2463,5509,2464,3047
15,554,2760,555,2207
16,11561,18404,11562,6844
17,13708,19729,13709,6022
18,2276,5374,2277,3099
19,4081,21552,4082,17472
20,728,3840,729,3113
21,11572,22277,11573,10706
22,3550,9237,3551,5688
23,1248,4108,1249,2861
24,2654,7450,2655,4797
25,11711,20070,11712,8360
26,1377,2549,1378,1173
27,636,1577,637,942
28,2165,2950,2166,786
29,5719,8305,5720,2587
30,660,1166,661,507
31,2999,9106,3000,6108
32,31550,47054,31551,15505
33,20,65,21,46
34,17009,31456,17010,14448
35,680,1352,681,673
36,13053,19388,13054,6336
37,25,75,26,51
38,180,631,181,452
39,11649,26230,11650,14582
40,440,797,441,358
41,2824,4266,2825,1443
42,636,2300,637,1665
43,1074,2308,1075,1235
44,1971,10629,1972,8659
45,3632,8267,3633,4636
46,1083,2889,1084,1807
47,38051,50596,38052,12546
48,3513,13461,3514,9949
49,117,228,118,112
50,45648,55366,45649,9719
51,5,28,6,24
52,4339,8543,4340,4205
53,74,137,75,64
54,215,919,216,705
55,321,851,322,531
56,8,65,9,58
57,898,2236,899,1339
58,7358,10483,7359,3126
59,100,181,101,82
60,1836,5960,1837,4125
61,818,2088,819,1271
62,10344,18242,10345,7899
63,779,2336,780,1558
64,341,1884,342,1544
65,681,4663,682,3983
66,229,2215,230,1987
67,68,163,69,96
68,508,1124,509,617
69,2157,4278,2158,2122
70,5751,14118,5752,8368
71,153,1202,154,1050
72,563,1179,564,617
73,1733,2699,1734,967
74,1193,3235,1194,2043
75,75,526,76,452
76,845,3235,846,2391
77,100,211,101,112
78,348,1129,349,782
79,1516,5061,1517,3546
80,325,515,326,191
81,1153,3007,1154,1855
82,1635,2288,1636,654
83,304,537,305,234
84,66,141,67,76
85,1274,2441,1275,1168
86,1802,3921,1803,2120
87,125,938,126,814
88,1443,4730,1444,3288
89,901,3095,902,2195
90,80,201,81,122
92,452,2114,453,1663
93,258,1936,259,1679
94,1822,3760,1823,1939
95,5724,20642,5725,14919
96,257,444,258,188
97,1878,2615,1879,738
98,14,83,15,70
99,265,668,266,404
100,1180,3770,1181,2591
101,2613,4438,2614,1826
102,211,1841,212,1631
103,347,1046,348,700
104,8307,19190,8308,10884
105,3918,9006,3919,5089
106,69,125,70,57
107,2125,6015,2126,3891
108,38,115,39,78
109,3,16,4,14
110,41246,59184,41247,17939
111,21587,29133,21588,7547
112,4657,10958,4658,6302
113,273,990,274,718
114,124,230,125,107
115,26,43,27,18
116,615,875,616,261
117,614,1142,615,529
118,290,1030,291,741
119,50,246,51,197
120,27,142,28,116
121,474,764,475,291
122,702,3588,703,2887
123,1817,2607,1818,791
124,156,298,157,143
125,1968,3231,1969,1264
126,192,1329,193,1138
127,15,41,16,27
128,34,71,35,38
129,52,172,53,121
130,15,42,16,28
131,67,169,68,103
132,369,1925,370,1557
133,3,20,4,18
134,18,31,19,14
135,1615,5932,1616,4318
136,61,90,62,30
137,78,206,79,129
138,41,123,42,83
139,10,36,11,27
140,1708,4553,1709,2846
141,9965,20757,9966,10793
142,15,37,16,23
143,2,14,3,13
144,1983,4097,1984,2115
145,4607,12796,4608,8190
146,142,551,143,410
147,2128,4222,2129,2095
148,79,335,80,257
149,601,1007,602,407
150,31114,48377,31115,17264
151,5760,11595,5761,5836
152,204,638,205,435
153,6350,31101,6351,24752
154,1794,2889,1795,1096
155,520,1168,521,649
156,732,1521,733,790
157,509,2432,510,1924
158,2909,12589,2910,9681
159,943,2209,944,1267
160,2074,13853,2075,11780
161,13150,22340,13151,9191
162,4079,5633,4080,1555
163,6164,14216,6165,8053
164,1874,4011,1875,2138
165,15392,33731,15393,18340
166,206,683,207,478
167,24,72,25,49
168,3618,11309,3619,7692
169,393,3172,394,2780
170,2659,7721,2660,5063
171,711,1297,712,587
172,2247,12156,2248,9910
173,2092,14758,2093,12667
174,290,1932,291,1643
175,2392,4744,2393,2353
176,1467,2203,1468,737
177,505,2149,506,1645
178,210,453,211,244
179,211,1119,212,909
180,4244,8366,4245,4123
181,207,2539,208,2333
182,173,636,174,464
183,262,581,263,320
184,103,313,104,211
185,6503,23018,6504,16516
186,2225,10419,2226,8195
187,416,875,417,460
188,980,2390,981,1411
189,62,304,63,243
190,518,953,519,436
191,308,1555,309,1248
192,24,79,25,56
193,926,7142,927,6217
194,3592,5459,3593,1868
195,778,2938,779,2161
196,2558,12993,2559,10436
197,31,99,32,69
198,3799,8646,3800,4848
199,942,1507,943,566
200,56,315,57,260
201,105,343,106,239
202,142,414,143,273
203,1732,5060,1733,3329
204,2108,7882,2109,5775
205,587,1213,588,627
206,464,936,465,473
207,2181,5018,2182,2838
208,6015,27377,6016,21363
209,132,681,133,550
210,95,447,96,353
211,280,526,281,247
212,69,426,70,358
213,1289,1753,1290,465
214,659,890,660,232
215,4415,6582,4416,2168
216,3407,9048,3408,5642
217,180,940,181,761
218,1442,3864,1443,2423
219,301,589,302,289
220,37,290,38,254
222,2705,5374,2706,2670
223,15512,24050,15513,8539
224,3497,7809,3498,4313
225,4183,11592,4184,7410
226,7,37,8,31
227,1081,4189,1082,3109
228,88,436,89,349
229,1154,2256,1155,1103
230,3531,6729,3532,3199
231,9482,31843,9483,22362
232,4190,5620,4191,1431
233,1665,3204,1666,1540
234,530,2952,531,2423
235,8855,15582,8856,6728
236,4193,11357,4194,7165
237,1951,5770,1952,3820
238,263,766,264,504
239,1000,3368,1001,2369
240,168,779,169,612
241,151,536,152,386
242,465,1000,466,536
243,74,424,75,351
244,47,277,48,231
245,51,239,52,189
246,7087,9739,7088,2653
247,4584,7144,4585,2561
248,695,2866,696,2172
249,2552,4542,2553,1991
250,269,918,270,650
251,98,341,99,244
252,2946,9280,2947,6335
253,12913,27577,12914,14665
254,127,574,128,448
255,111,975,112,865
256,1635,9442,1636,7808
257,1469,3542,1470,2074
258,282,1596,283,1315
259,454,1845,455,1392
260,52099,68717,52100,16619
261,5226,9656,5227,4431
262,2412,4008,2413,1597
263,235,368,236,134
264,64,163,65,100
265,7389,10781,7390,3393
266,7561,15759,7562,8199
267,909,3757,910,2849
268,260,681,261,422
269,255,550,256,296
270,379,1185,380,807
271,439,1138,440,700
272,4292,7136,4293,2845
273,2002,6796,2003,4795
274,247,1135,248,889
275,255,1445,256,1191
276,1184,4968,1185,3785
277,3778,8574,3779,4797
278,234,1038,235,805
279,500,846,501,347
280,2718,4680,2719,1963
281,2018,3588,2019,1571
282,4519,10402,4520,5884
283,63,222,64,160
284,9,34,10,26
285,13,80,14,68
286,12,98,13,87
287,111,305,112,195
288,9589,23259,9590,13671
289,1126,2963,1127,1838
290,2634,3749,2635,1116
292,9988,24760,9989,14773
293,25300,33680,25301,8381
294,270,777,271,508
295,80,420,81,341
296,62416,79672,62417,17257
297,96,249,97,154
298,115,227,116,113
299,1453,2389,1454,937
300,10599,18997,10600,8399
301,208,418,209,211
302,854,1453,855,600
303,1728,6532,1729,4805
304,209,652,210,444
305,576,3105,577,2530
306,5307,7058,5308,1752
307,4691,6616,4692,1926
308,3443,5085,3444,1643
309,238,417,239,180
310,54,231,55,178
311,16,76,17,61
312,241,1200,242,960
313,340,1282,341,943
314,2486,3775,2487,1290
315,2292,10295,2293,8004
316,12288,30910,12289,18623
317,4895,15733,4896,10839
318,70514,81482,70515,10969
319,4106,6727,4107,2622
320,130,299,131,170
321,507,834,508,328
322,1588,2800,1589,1213
324,257,431,258,175
325,195,951,196,757
326,995,1293,996,299
327,1757,6691,1758,4935
328,797,2311,798,1515
329,9468,24615,9469,15148
330,317,1415,318,1099
331,176,495,177,320
332,388,2038,389,1651
333,4569,10852,4570,6284
334,965,1495,966,531
335,156,384,157,229
336,55,267,56,213
337,10334,17234,10335,6901
338,1082,4341,1083,3260
339,10149,22111,10150,11963
340,550,1330,551,781
341,195,352,196,158
342,5389,10735,5390,5347
343,169,854,170,686
344,10555,37453,10556,26899
345,5344,9531,5345,4188
346,472,1033,473,562
347,725,1548,726,824
348,4337,7399,4338,3063
349,14965,27766,14966,12802
350,6435,14696,6436,8262
351,1264,3322,1265,2059
352,486,1228,487,743
353,7775,16219,7776,8445
354,327,1146,328,820
355,846,9580,847,8735
356,58875,81491,58876,22617
357,14660,26709,14661,12050
358,778,2075,779,1298
359,99,256,100,158
360,316,1915,317,1600
361,1795,4809,1796,3015
362,2875,6993,2876,4119
363,441,590,442,150
364,26171,42745,26172,16575
365,540,1708,541,1169
366,730,2660,731,1931
367,11191,34621,11192,23431
368,6915,16475,6916,9561
369,401,1010,402,610
370,3604,13958,3605,10355
371,1278,3915,1279,2638
372,2499,7415,2500,4917
373,2055,3265,2056,1211
374,513,4953,514,4441
375,83,230,84,148
376,3513,10374,3514,6862
377,19043,41302,19044,22260
378,593,2125,594,1533
379,966,5362,967,4397
380,19283,41673,19284,22391
381,1887,4476,1888,2590
382,1251,5077,1252,3827
383,1507,4717,1508,3211
384,170,694,171,525
385,59,116,60,58
386,77,333,78,257
387,117,648,118,532
388,275,509,276,235
389,102,187,103,86
390,389,841,390,453
391,124,397,125,274
392,121,253,122,133
393,121,2222,122,2102
394,54,132,55,79
395,4,12,5,9
396,2,32,3,31
397,11,88,12,78
398,26,52,27,27
399,1,10,2,10
400,5,28,6,24
401,6,17,7,12
402,13,52,14,40
403,2,15,3,14
404,33,70,34,38
405,513,3357,514,2845
406,22,66,23,45
407,799,1993,800,1195
408,244,611,245,368
409,103,420,104,318
410,4246,17836,4247,13591
411,33,105,34,73
412,2122,4231,2123,2110
413,1023,5737,1024,4715
414,108,829,109,722
415,469,2938,470,2470
416,263,1634,264,1372
417,1530,3007,1531,1478
418,128,637,129,510
419,487,4219,488,3733
420,2334,13942,2335,11609
421,651,1631,652,981
422,393,1300,394,908
423,535,2184,536,1650
424,107,706,108,600
425,397,791,398,395
426,907,3021,908,2115
427,558,3078,559,2521
428,3011,4785,3012,1775
429,207,1403,208,1197
430,17,237,18,221
431,5135,8879,5136,3745
432,1708,11729,1709,10022
433,239,1150,240,912
434,5867,23089,5868,17223
435,1773,13194,1774,11422
436,194,1185,195,992
437,197,1675,198,1479
438,182,985,183,804
439,10,57,11,48
440,9232,17918,9233,8687
441,4640,8204,4641,3565
442,5122,18088,5123,12967
443,253,548,254,296
444,152,1193,153,1042
445,385,1743,386,1359
446,2390,3472,2391,1083
447,24,209,25,186
448,1363,2743,1364,1381
449,323,642,324,320
450,1117,2750,1118,1634
451,178,581,179,404
452,547,1082,548,536
453,234,874,235,641
454,10853,24161,10854,13309
455,1210,8275,1211,7066
456,582,892,583,311
457,34764,49638,34765,14875
458,284,956,285,673
459,188,1036,189,849
460,85,834,86,750
461,368,815,369,448
462,32,179,33,148
463,79,369,80,291
464,682,3021,683,2340
465,253,680,254,428
466,3069,12947,3070,9879
467,290,664,291,375
468,2527,6711,2528,4185
469,446,1213,447,768
470,40,440,41,401
471,5884,10631,5885,4748
472,134,663,135,530
473,148,1292,149,1145
474,10556,17996,10557,7441
475,5951,8580,5952,2630
476,60,212,61,153
477,2080,4128,2081,2049
478,23,253,24,231
479,249,1136,250,888
480,35121,64144,35122,29024
481,1977,4993,1978,3017
482,1126,2508,1127,1383
483,338,538,339,201
484,150,692,151,543
485,2455,13156,2456,10702
486,88,559,89,472
487,92,564,93,473
488,219,525,220,307
489,376,2765,377,2390
490,1173,2935,1174,1763
491,2032,4991,2033,2960
492,1736,3038,1737,1303
493,1923,3450,1924,1528
494,4496,11284,4497,6789
495,303,685,304,383
496,170,383,171,214
497,8652,13084,8653,4433
498,77,362,78,286
499,55,378,56,324
500,13911,34194,13912,20284
501,1255,1923,1256,669
502,317,3454,318,3138
503,48,131,49,84
504,298,1080,299,783
505,144,1224,145,1081
506,649,1272,650,624
507,1521,3109,1522,1589
508,12256,19902,12257,7647
509,9298,15998,9299,6701
510,131,822,132,692
511,479,1535,480,1057
512,318,1176,319,859
513,151,521,152,371
514,1924,4285,1925,2362
515,6745,9940,6746,3196
516,870,3147,871,2278
517,988,3298,989,2311
518,218,1145,219,928
519,350,4697,351,4348
520,4075,14245,4076,10171
521,793,1987,794,1195
522,603,1228,604,626
523,488,833,489,346
524,3536,7233,3537,3698
525,65,153,66,89
526,54,121,55,68
527,48680,60411,48681,11732
528,127,839,128,713
529,6595,10037,6596,3443
530,10,30,11,21
531,3435,7010,3436,3576
532,1768,5555,1769,3788
533,782,3638,783,2857
534,2920,4460,2921,1541
535,3197,5170,3198,1974
536,254,671,255,418
537,945,3085,946,2141
538,2725,4684,2726,1960
539,13398,28137,13399,14740
540,678,4550,679,3873
541,27314,36702,27315,9389
542,793,3309,794,2517
543,4004,11396,4005,7393
544,434,2058,435,1625
546,417,5371,418,4955
547,176,761,177,586
548,537,2605,538,2069
549,907,1326,908,420
550,924,3063,925,2140
551,12849,21940,12850,9092
552,3931,12096,3932,8166
553,7938,14333,7939,6396
554,140,463,141,324
555,9535,15314,9536,5780
556,842,1152,843,311
558,337,1495,338,1159
559,15,45,16,31
560,13,38,14,26
561,93,199,94,107
562,3734,5787,3735,2054
563,151,313,152,163
564,29,307,30,279
565,289,831,290,543
566,19,139,20,121
567,132,363,133,232
568,180,339,181,160
569,334,1547,335,1214
570,104,206,105,103
571,102,178,103,77
572,6,30,7,25
573,94,183,95,90
574,563,1276,564,714
575,663,2614,664,1952
576,3,24,4,22
577,137,589,138,453
579,7,35,8,29
580,149,510,150,362
581,1272,1756,1273,485
582,49,119,50,71
583,132,247,133,116
584,8,28,9,21
585,1687,8928,1688,7242
586,9252,29540,9253,20289
587,12551,28516,12552,15966
588,24456,43373,24457,18918
589,39292,57379,39293,18088
590,24283,41615,24284,17333
591,3,29,4,27
592,17679,44110,17680,26432
593,57969,74127,57970,16159
594,9007,17940,9008,8934
595,19550,35723,19551,16174
596,5881,12742,5882,6862
597,14668,34234,14669,19567
598,74,146,75,73
599,2236,3219,2237,984
600,87,278,88,192
601,46,105,47,60
602,223,297,224,75
603,149,569,150,421
604,2,6,3,5
605,1184,3255,1185,2072
606,247,1407,248,1161
607,3,16,4,14
608,36348,47823,36349,11476
609,634,2317,635,1684
610,3162,7289,3163,4128
611,307,1714,308,1408
612,245,1477,246,1233
613,1227,2227,1228,1001
614,49,144,50,96
615,407,578,408,172
616,3273,8197,3274,4925
617,261,504,262,244
618,67,343,68,277
619,120,663,121,544
620,15,39,16,25
621,170,299,171,130
623,14,34,15,21
625,9,25,10,17
626,158,598,159,441
627,852,1729,853,878
628,6604,10950,6605,4347
629,10,23,11,14
630,75,200,76,126
631,444,2070,445,1627
632,233,361,234,129
633,134,307,135,174
634,40,309,41,270
635,544,1005,545,462
636,13,34,14,22
637,1086,5371,1087,4286
638,195,534,196,340
639,260,1057,261,798
640,675,2861,676,2187
641,21,98,22,78
642,1,12,2,12
643,1,21,2,21
644,2,15,3,14
645,154,274,155,121
647,3625,7345,3626,3721
648,15071,37035,15072,21965
649,80,131,81,52
650,571,1233,572,663
651,5,40,6,36
652,18,73,19,56
653,4588,13693,4589,9106
654,3,16,4,14
655,2,18,3,17
656,276,1138,277,863
657,6,36,7,31
658,17,47,18,31
659,274,454,275,181
660,34,112,35,79
661,3799,9943,3800,6145
662,933,2646,934,1714
663,1316,3042,1317,1727
664,82,301,83,220
665,871,1269,872,399
666,66,161,67,96
667,174,998,175,825
668,648,854,649,207
670,579,740,580,162
671,3410,5883,3411,2474
672,3,24,4,22
673,2231,10707,2232,8477
674,906,3142,907,2237
675,2,26,3,25
676,5,25,6,21
678,1867,2479,1868,613
679,38,88,39,51
680,609,1181,610,573
681,174,323,175,150
682,18,62,19,45
683,6,34,7,29
684,3,23,4,21
685,246,502,247,257
687,21,94,22,74
688,454,2700,455,2247
690,30,72,31,43
691,350,1110,351,761
692,126,843,127,718
693,10,26,11,17
694,662,2535,663,1874
695,275,768,276,494
696,38,114,39,77
697,212,1045,213,834
698,36,143,37,108
699,1,15,2,15
700,442,1132,443,691
701,36,102,37,67
702,261,406,262,146
703,75,335,76,261
704,368,1695,369,1328
705,213,394,214,182
706,71,236,72,166
707,1138,4201,1139,3064
708,5930,13940,5931,8011
709,986,2720,987,1735
710,207,1172,208,966
711,341,1989,342,1649
712,75,172,76,98
713,58,127,59,70
714,2577,3906,2578,1330
715,302,558,303,257
716,93,292,94,200
717,30,85,31,56
718,484,1033,485,550
719,1737,7148,1738,5412
720,5980,7719,5981,1740
721,6,15,7,10
722,184,312,185,129
723,14,36,15,23
724,2348,8426,2349,6079
725,254,1426,255,1173
726,149,491,150,343
727,10,24,11,15
728,2072,3207,2073,1136
729,62,114,63,53
730,21,62,22,42
731,175,781,176,607
732,54,219,55,166
733,17448,31979,17449,14532
734,8,54,9,47
735,596,1127,597,532
736,10182,31040,10183,20859
737,448,4238,449,3791
738,10,25,11,16
739,0,11,1,12
741,5813,8381,5814,2569
742,381,1850,382,1470
743,1028,5784,1029,4757
744,11,34,12,24
745,9457,12241,9458,2785
746,198,311,199,114
747,179,997,180,819
748,1644,4958,1645,3315
749,8,39,9,32
750,20908,26714,20909,5807
751,82,154,83,73
752,13,39,14,27
753,190,461,191,272
754,100,351,101,252
755,65,138,66,74
756,39,103,40,65
757,122,244,123,123
758,8,23,9,16
759,235,340,236,106
760,515,907,516,393
761,658,3536,659,2879
762,1097,8959,1098,7863
763,15,53,16,39
764,239,541,240,303
765,1295,4775,1296,3481
766,772,1648,773,877
767,132,282,133,151
768,12,33,13,22
769,73,127,74,55
770,7,25,8,19
771,67,138,68,72
772,10,31,11,22
773,18,44,19,27
774,6,32,7,27
775,37,147,38,111
776,17,42,18,26
777,8,30,9,23
778,20724,28702,20725,7979
779,124,475,125,352
780,20505,48902,20506,28398
781,819,1878,820,1060
782,521,2621,522,2101
783,3965,10676,3966,6712
784,2544,14457,2545,11914
785,4099,10260,4100,6162
786,4788,15412,4789,10625
787,59,81,60,23
788,4432,19138,4433,14707
789,15,44,16,30
790,47,98,48,52
791,60,102,61,43
792,16,43,17,28
793,46,109,47,64
794,43,99,44,57
795,31,96,32,66
796,14,42,15,29
797,48,104,49,57
798,614,2959,615,2346
799,2400,5867,2401,3468
800,4918,6537,4919,1620
801,417,1540,418,1124
802,5674,12436,5675,6763
803,281,540,282,260
804,606,2081,607,1476
805,6273,11232,6274,4960
806,179,523,180,345
807,84,196,85,113
808,275,752,276,478
809,282,1288,283,1007
810,141,1842,142,1702
812,6,30,7,25
813,76,450,77,375
814,2,12,3,11
815,3,25,4,23
816,29,71,30,43
818,501,2669,502,2169
819,24,54,25,31
820,21,62,22,42
821,13,44,14,32
822,12,33,13,22
823,49,121,50,73
824,238,357,239,120
825,5,24,6,20
826,3,20,4,18
827,54,151,55,98
828,453,1385,454,933
829,368,1726,369,1359
830,1917,6098,1918,4182
831,109,208,110,100
832,5955,13849,5956,7895
833,278,1354,279,1077
834,41,182,42,142
835,289,889,290,601
836,993,4620,994,3628
837,2488,5800,2489,3313
838,4669,7420,4670,2752
839,799,3722,800,2924
840,124,642,125,519
841,366,615,367,250
842,436,1901,437,1466
843,24,55,25,32
844,96,155,97,60
845,29,66,30,38
846,203,378,204,176
847,22,109,23,88
848,1079,1893,1080,815
849,1495,7751,1496,6257
850,127,247,128,121
851,729,1528,730,800
852,3274,9849,3275,6576
853,44,103,45,60
854,131,211,132,81
855,7,32,8,26
856,22,53,23,32
857,18,44,19,27
858,43411,52498,43412,9088
859,3,15,4,13
860,165,327,166,163
861,1127,2371,1128,1245
862,176,334,177,159
864,38,82,39,45
865,32,90,33,59
866,3495,5844,3496,2350
867,48,314,49,267
868,25,79,26,55
869,167,529,168,363
870,56,436,57,381
871,21,52,22,32
872,36,69,37,34
873,14,39,15,26
874,16,68,17,53
875,222,471,223,250
876,58,273,59,216
877,63,153,64,91
878,8,27,9,20
879,470,2104,471,1635
880,680,5033,681,4354
881,261,1040,262,780
882,194,757,195,564
884,19,48,20,30
885,120,589,121,470
886,467,1633,468,1167
887,8,35,9,28
889,54,115,55,62
890,8,26,9,19
891,397,1934,398,1538
892,778,1266,779,489
893,292,528,293,237
894,9,35,10,27
895,14,53,15,40
896,257,444,258,188
897,452,808,453,357
898,5018,6499,5019,1482
899,7902,10895,7903,2994
900,1804,2913,1805,1110
901,871,1569,872,699
902,6352,10145,6353,3794
903,12135,15945,12136,3811
904,16467,20162,16468,3696
905,3348,4313,3349,966
906,1577,2118,1578,542
907,595,823,596,229
908,13500,16850,13501,3351
909,4101,5621,4102,1521
910,8380,11549,8381,3170
911,3159,4259,3160,1101
912,21032,26890,21033,5859
913,9472,12257,9473,2786
914,6422,9692,6423,3271
915,3441,5167,3442,1727
916,4694,6420,4695,1727
917,576,1026,577,451
918,1085,1830,1086,746
919,16219,24658,16220,8440
920,9054,14668,9055,5615
921,1435,2209,1436,775
922,5864,7368,5865,1505
923,13949,19091,13950,5143
924,19968,28820,19969,8853
925,42,86,43,45
926,3996,5068,3997,1073
927,600,865,601,266
928,3700,4905,3701,1206
929,605,960,606,356
930,4051,5062,4052,1012
931,1556,2287,1557,732
932,1291,2074,1292,784
933,3470,4827,3471,1358
934,1655,3592,1656,1938
935,371,607,372,237
936,995,1394,996,400
937,292,503,293,212
938,903,1616,904,714
939,45,102,46,58
940,2429,3714,2430,1286
941,469,897,470,429
942,2096,2782,2097,687
943,1042,1616,1043,575
944,648,1012,649,365
945,1520,2029,1521,510
946,1006,1424,1007,419
947,1330,1794,1331,465
948,982,1648,983,667
949,1440,2114,1441,675
950,2643,3318,2644,676
951,3115,4145,3116,1031
952,1082,2296,1083,1215
953,10917,15384,10918,4468
954,4117,5714,4118,1598
955,3198,4452,3199,1255
956,160,349,161,190
957,91,209,92,119
958,23,92,24,70
959,226,372,227,147
960,80,157,81,78
961,98,235,99,138
962,44,98,45,55
963,270,510,271,241
964,135,315,136,181
965,2576,3630,2577,1055
966,58,117,59,60
967,33,158,34,126
968,4603,8005,4604,3403
969,7656,10279,7657,2624
970,189,375,190,187
971,1998,2892,1999,895
972,35,109,36,75
973,585,909,586,325
974,54,127,55,74
975,6,27,7,22
976,210,406,211,197
977,0,9,1,10
979,11,36,12,26
980,38,110,39,73
981,31,190,32,160
982,320,549,321,230
983,5,21,6,17
984,47,206,48,160
985,27,53,28,27
986,1326,2628,1327,1303
987,102,256,103,155
988,207,496,208,290
989,35,70,36,36
990,166,874,167,709
991,1164,2358,1165,1195
992,44,239,45,196
993,102,226,103,125
994,3517,4844,3518,1328
996,842,3087,843,2246
997,97,191,98,95
998,290,776,291,487
999,1120,2881,1121,1762
1000,70,201,71,132
1001,7,33,8,27
1002,64,129,65,66
1003,465,1506,466,1042
1004,283,1473,284,1191
1005,307,1943,308,1637
1006,474,1403,475,930
1007,412,1692,413,1281
1008,310,728,311,419
1009,756,2411,757,1656
1010,674,2392,675,1719
1011,245,1434,246,1190
1012,1672,3204,1673,1533
1013,1893,4261,1894,2369
1014,689,1518,690,830
1015,1375,3601,1376,2227
1016,398,1342,399,945
1017,1487,3083,1488,1597
1018,354,1141,355,788
1019,2804,5689,2805,2886
1020,2313,6804,2314,4492
1021,720,3395,721,2676
1022,4748,9603,4749,4856
1023,1934,3095,1935,1162
1024,352,1082,353,731
1025,2711,5815,2712,3105
1026,49,119,50,71
1027,2914,8068,2915,5155
1028,8765,15121,8766,6357
1029,4142,9088,4143,4947
1030,921,3092,922,2172
1031,1654,4121,1655,2468
1032,4326,8408,4327,4083
1033,1904,4558,1905,2655
1034,735,1456,736,722
1035,9361,15248,9362,5888
1036,24935,36716,24936,11782
1037,1339,6637,1340,5299
1038,74,216,75,143
1039,19,51,20,33
1040,55,142,56,88
1041,3914,5162,3915,1249
1042,3437,7785,3438,4349
1043,305,1107,306,803
1044,180,466,181,287
1045,12,43,13,32
1046,874,1249,875,376
1047,3588,8165,3589,4578
1049,2032,4756,2033,2725
1050,1030,1589,1031,560
1051,663,1274,664,612
1052,21,42,22,22
1053,63,195,64,133
1054,374,726,375,353
1055,59,300,60,242
1056,312,682,313,371
1057,1463,3107,1464,1645
1058,58,123,59,66
1059,5327,10455,5328,5129
1060,5942,9319,5943,3378
1061,4512,8381,4513,3870
1062,17,72,18,56
1063,57,145,58,89
1065,3,17,4,15
1066,958,1318,959,361
1067,61,132,62,72
1068,190,322,191,133
1069,535,756,536,222
1070,19,62,20,44
1071,16,47,17,32
1073,15876,28079,15877,12204
1075,55,120,56,66
1076,361,556,362,196
1077,4395,6751,4396,2357
1078,2089,3496,2090,1408
1079,12523,19715,12524,7193
1080,15926,22484,15927,6559
1081,1803,3589,1804,1787
1082,956,1707,957,752
1083,669,1450,670,782
1084,6077,9247,6078,3171
1085,695,1162,696,468
1086,4492,5999,4493,1508
1087,117,244,118,128
1088,4630,11935,4631,7306
1089,26231,34634,26232,8404
1090,11344,16796,11345,5453
1091,1052,4943,1053,3892
1092,4346,11109,4347,6764
1093,3033,7266,3034,4234
1094,6550,11377,6551,4828
1095,4086,6161,4087,2076
1096,2424,3552,2425,1129
1097,20011,34602,20012,14592
1098,38,118,39,81
1099,1265,1967,1266,703
1100,1136,5175,1137,4040
1101,8800,20453,8801,11654
1102,12,74,13,63
1103,3515,5806,3516,2292
1104,4405,6223,4406,1819
1105,147,873,148,727
1106,9,37,10,29
1107,7,76,8,70
1109,3,12,4,10
1110,4,28,5,25
1111,1207,1725,1208,519
1112,172,360,173,189
1113,321,964,322,644
1114,164,448,165,285
1115,11,33,12,23
1116,72,159,73,88
1117,129,237,130,109
1118,10,25,11,16
1119,62,166,63,105
1120,4365,8668,4366,4304
1121,27,115,28,89
1122,6,15,7,10
1123,117,188,118,72
1124,2473,4327,2474,1855
1125,2792,4899,2793,2108
1126,568,2901,569,2334
1127,9737,17568,9738,7832
1128,521,1833,522,1313
1129,3907,9177,3908,5271
1130,696,1939,697,1244
1131,2415,3142,2416,728
1132,2180,2879,2181,700
1133,52,100,53,49
1134,16,53,17,38
1135,1022,3704,1023,2683
1136,29137,37723,29138,8587
1137,28,67,29,40
1138,23,46,24,24
1139,10,24,11,15
1140,12,28,13,17
1141,1,5,2,5
1142,14,55,15,42
1143,19,52,20,34
1144,91,152,92,62
1145,24,51,25,28
1146,9,32,10,24
1147,2805,3576,2806,772
1148,11756,15270,11757,3515
1149,24,54,25,31
1150,1031,1501,1032,471
1151,199,367,200,169
1152,74,170,75,97
1153,64,150,65,87
1154,52,119,53,68
1155,1,9,2,9
1156,20,46,21,27
1157,14,33,15,20
1158,2,13,3,12
1159,2,19,3,18
1160,14,40,15,27
1161,945,1438,946,494
1162,485,753,486,269
1163,95,217,96,123
1164,92,196,93,105
1165,11,33,12,23
1166,15,34,16,20
1167,195,800,196,606
1168,43,199,44,157
1169,199,285,200,87
1170,14,149,15,136
1171,1801,3026,1802,1226
1172,7277,9456,7278,2180
1173,1535,2931,1536,1397
1174,37,99,38,63
1175,5108,7301,5109,2194
1176,1218,1780,1219,563
1177,1129,1705,1130,577
1178,3413,4254,3414,842
1179,3704,6152,3705,2449
1180,269,428,270,160
1181,33,92,34,60
1183,8209,14748,8210,6540
1184,600,970,601,371
1185,3661,5325,3662,1665
1186,3392,6613,3393,3222
1187,637,1076,638,440
1188,4627,7084,4628,2458
1189,2103,2738,2104,636
1190,690,1481,691,792
1191,383,1500,384,1118
1192,777,1126,778,350
1193,29099,36058,29100,6960
1194,1121,2514,1122,1394
1196,44246,57361,44247,13116
1197,28607,37863,28608,9257
1198,41539,54675,41540,13137
1199,11022,15455,11023,4434
1200,22549,31684,22550,9136
1201,13858,18162,13859,4305
1202,1104,1707,1105,604
1203,13570,16569,13571,3000
1204,9934,13173,9935,3240
1206,21092,29856,21093,8765
1207,12303,15986,12304,3684
1208,19781,26370,19782,6590
1209,4255,5607,4256,1353
1210,38997,54917,38998,15921
1211,2683,3727,2684,1045
1212,5696,7194,5697,1499
1213,25866,32663,25867,6798
1214,26820,36357,26821,9538
1215,7370,12457,7371,5088
1216,1123,1776,1124,654
1217,4053,5220,4054,1168
1218,1993,2731,1994,739
1219,16296,22146,16297,5851
1220,12507,20460,12508,7954
1221,27691,34188,27692,6498
1222,19168,25946,19169,6779
1223,5721,7695,5722,1975
1224,3347,4325,3348,979
1225,15586,21085,15587,5500
1226,1431,2161,1432,731
1227,3295,4735,3296,1441
1228,7803,10712,7804,2910
1230,11896,16371,11897,4476
1231,5142,7377,5143,2236
1232,1959,2665,1960,707
1233,10513,13573,10514,3061
1234,12290,15675,12291,3386
1235,5759,8207,5760,2449
1236,670,905,671,236
1237,3722,5063,3723,1342
1238,2061,2944,2062,884
1240,25453,38612,25454,13160
1241,1689,2821,1690,1133
1242,8138,11608,8139,3471
1243,2760,4013,2761,1254
1244,6342,8527,6343,2186
1245,4375,6239,4376,1865
1246,16773,24954,16774,8182
1247,13346,18724,13347,5379
1248,3724,4823,3725,1100
1249,5844,8816,5845,2973
1250,9477,12634,9478,3158
1251,2483,3487,2484,1005
1252,13038,16929,13039,3892
1253,4047,6078,4048,2032
1254,4142,5360,4143,1219
1255,959,2043,960,1085
1256,4220,5556,4221,1337
1257,3224,5110,3225,1887
1258,21469,29931,21470,8463
1259,16176,22694,16177,6519
1260,3637,4636,3638,1000
1261,5082,8193,5083,3112
1262,8537,11265,8538,2729
1263,7893,11333,7894,3441
1264,1780,2420,1781,641
1265,24754,37616,24755,12863
1266,10597,14802,10598,4206
1267,6598,8851,6599,2254
1268,1413,2976,1414,1564
1269,4944,6729,4945,1786
1270,33741,49595,33742,15855
1271,5119,8580,5120,3462
1272,5759,7930,5760,2172
1273,2001,2763,2002,763
1274,6138,9175,6139,3038
1275,5978,11415,5979,5438
1276,8766,11533,8767,2768
1277,2364,3761,2365,1398
1278,10956,15594,10957,4639
1279,1667,2577,1668,911
1280,2498,3181,2499,684
1281,3270,4439,3271,1170
1282,7162,12290,7163,5129
1283,3676,5045,3677,1370
1284,4530,5720,4531,1191
1285,6530,10918,6531,4389
1286,1071,2090,1072,1020
1287,5633,8891,5634,3259
1288,11738,16558,11739,4821
1289,2006,2865,2007,860
1290,1119,2316,1120,1198
1291,26611,37908,26612,11298
1292,4447,6281,4448,1835
1293,6883,9702,6884,2820
1295,1885,3217,1886,1333
1296,4161,6055,4162,1895
1297,2310,4194,2311,1885
1298,3710,6342,3711,2633
1299,5169,6803,5170,1635
1300,2436,3279,2437,844
1301,2421,3748,2422,1328
1302,6628,12352,6629,5725
1303,2530,3460,2531,931
1304,11193,15265,11194,4073
1305,1688,2540,1689,853
1306,537,1005,538,469
1307,14497,23074,14498,8578
1308,7,21,8,15
1309,12,30,13,19
1310,172,350,173,179
1311,49,153,50,105
1312,144,298,145,155
1313,29,110,30,82
1314,14,40,15,27
1315,25,56,26,32
1316,13,43,14,31
1317,94,288,95,195
1318,62,153,63,92
1319,7,21,8,15
1320,4054,13783,4055,9730
1321,3913,7530,3914,3618
1322,14,272,15,259
1323,18,390,19,373
1324,16,227,17,212
1325,12,261,13,250
1326,39,557,40,519
1327,763,2955,764,2193
1328,20,251,21,232
1329,89,343,90,255
1330,209,891,210,683
1331,87,390,88,304
1332,200,690,201,491
1333,6931,11707,6932,4777
1334,828,2603,829,1776
1335,16,205,17,190
1336,40,432,41,393
1337,306,641,307,336
1339,4409,9765,4410,5357
1340,1352,2265,1353,914
1341,98,403,99,306
1342,958,3546,959,2589
1343,4523,9123,4524,4601
1344,2621,4095,2622,1475
1345,4153,9196,4154,5044
1346,451,1655,452,1205
1347,3411,8027,3412,4617
1348,2594,3968,2595,1375
1349,47,105,48,59
1350,2960,5739,2961,2780
1351,99,374,100,276
1352,204,725,205,522
1353,739,1979,740,1241
1354,2497,3749,2498,1253
1355,245,796,246,552
1356,10897,19202,10898,8306
1357,4991,7431,4992,2441
1358,9154,12700,9155,3547
1359,601,3784,602,3184
1360,20,56,21,37
1361,1234,1627,1235,394
1363,460,1577,461,1118
1364,48,90,49,43
1365,695,1031,696,337
1366,801,1871,802,1071
1367,2401,8825,2402,6425
1368,16,38,17,23
1369,45,95,46,51
1370,7139,16548,7140,9410
1371,2951,9369,2952,6419
1372,4437,10302,4438,5866
1373,1773,7079,1774,5307
1374,9277,15787,9278,6511
1375,3670,10358,3671,6689
1376,6375,12585,6376,6211
1377,3892,13401,3893,9510
1378,2401,6380,2402,3980
1379,760,2809,761,2050
1380,6687,16206,6688,9520
1381,291,3458,292,3168
1382,189,964,190,776
1383,24,130,25,107
1384,61,117,62,57
1385,2036,6125,2037,4090
1386,7,34,8,28
1387,14559,24188,14560,9630
1388,561,4330,562,3770
1389,106,1900,107,1795
1390,550,1526,551,977
1391,4927,17814,4928,12888
1392,927,1591,928,665
1393,11830,22960,11831,11131
1394,10168,15470,10169,5303
1395,902,2096,903,1195
1396,6359,11756,6360,5398
1397,289,570,290,282
1398,270,774,271,505
1399,582,1353,583,772
1400,12,30,13,19
1401,692,1381,693,690
1404,236,610,237,375
1405,2605,8407,2606,5803
1406,211,352,212,142
1407,6584,16657,6585,10074
1408,6863,11946,6864,5084
1409,1702,5748,1703,4047
1410,211,697,212,487
1411,3429,5505,3430,2077
1412,161,261,162,101
1413,182,338,183,157
1414,735,1501,736,767
1415,131,249,132,119
1416,1806,4749,1807,2944
1417,233,686,234,454
1419,901,1367,902,467
1420,45,80,46,36
1421,76,172,77,97
1422,767,2681,768,1915
1423,108,163,109,56
1424,7,23,8,17
1425,702,2034,703,1333
1426,49,232,50,184
1427,119,720,120,602
1428,152,297,153,146
1429,1258,3188,1259,1931
1430,67,185,68,119
1431,493,2916,494,2424
1432,271,1286,272,1016
1433,10,62,11,53
1434,20,56,21,37
1436,19,62,20,44
1437,179,305,180,127
1438,1226,5840,1227,4615
1439,38,311,39,274
1440,123,679,124,557
1441,2744,5677,2745,2934
1442,272,676,273,405
1443,10,22,11,13
1444,59,127,60,69
1445,157,1185,158,1029
1446,1527,2064,1528,538
1447,223,586,224,364
1448,17,48,18,32
1449,3898,5681,3899,1784
1450,166,274,167,109
1453,243,1461,244,1219
1454,255,722,256,468
1455,53,161,54,109
1456,69,528,70,460
1457,809,2685,810,1877
1458,60,210,61,151
1459,1356,3438,1357,2083
1460,132,728,133,597
1461,536,2474,537,1939
1462,6,20,7,15
1463,113,329,114,217
1464,2739,4630,2740,1892
1465,453,906,454,454
1466,7006,11158,7007,4153
1467,8,25,9,18
1468,233,1075,234,843
1470,22,49,23,28
1471,42,85,43,44
1472,104,378,105,275
1473,63,212,64,150
1474,315,1766,316,1452
1475,247,728,248,482
1476,2342,5422,2343,3081
1477,141,328,142,188
1479,2574,7664,2575,5091
1480,684,1764,685,1081
1482,218,468,219,251
1483,990,2687,991,1698
1484,563,946,564,384
1485,6464,18777,6465,12314
1486,37,82,38,46
1487,507,1554,508,1048
1488,885,3301,886,2417
1489,141,427,142,287
1490,33,306,34,274
1493,89,197,90,109
1495,41,689,42,649
1496,118,318,119,201
1497,90,736,91,647
1498,398,1134,399,737
1499,472,5961,473,5490
1500,8110,13905,8111,5796
1501,24,177,25,154
1502,107,239,108,133
1503,229,1207,230,979
1504,66,123,67,58
1507,160,358,161,199
1508,75,182,76,108
1509,83,188,84,106
1510,4,19,5,16
1511,73,143,74,71
1513,2160,7811,2161,5652
1514,37,115,38,79
1515,598,3577,599,2980
1516,233,430,234,198
1517,10550,23254,10551,12705
1518,1190,2911,1191,1722
1519,50,106,51,57
1520,28,133,29,106
1522,5,33,6,29
1523,80,326,81,247
1524,2,17,3,16
1525,53,314,54,262
1526,97,738,98,642
1527,19737,33153,19738,13417
1528,5,28,6,24
1529,120,261,121,142
1531,26,70,27,45
1532,8,61,9,54
1533,201,311,202,111
1534,62,123,63,62
1535,381,693,382,313
1537,2563,3598,2564,1036
1538,26,114,27,89
1539,97,274,98,178
1541,614,2015,615,1402
1542,1057,1973,1058,917
1543,23,65,24,43
1544,4057,15928,4058,11872
1545,373,578,374,206
1546,241,435,242,195
1547,91,254,92,164
1548,13,40,14,28
1549,39,119,40,81
1550,129,638,130,510
1551,55,292,56,238
1552,5125,15116,5126,9992
1553,11,29,12,19
1554,657,1207,658,551
1555,30,59,31,30
1556,271,5175,272,4905
1557,8,20,9,13
1558,6,27,7,22
1559,2,9,3,8
1561,10,37,11,28
1562,865,9872,866,9008
1563,83,191,84,109
1564,142,241,143,100
1565,57,228,58,172
1566,3040,6999,3041,3960
1567,13,72,14,60
1568,3,7,4,5
1569,3871,10220,3872,6350
1570,114,297,115,184
1571,235,414,236,180
1572,446,738,447,293
1573,8189,20129,8190,11941
1574,32,106,33,75
1575,70,144,71,75
1577,20,34,21,15
1578,3,16,4,14
1579,10,36,11,27
1580,20120,40308,20121,20189
1581,129,590,130,462
1582,145,451,146,307
1583,48,244,49,197
1584,12071,21638,12072,9568
1585,90,192,91,103
1586,1775,6625,1776,4851
1587,2671,7015,2672,4345
1588,868,4204,869,3337
1589,1779,4815,1780,3037
1590,2107,7251,2108,5145
1591,955,5351,956,4397
1592,212,1396,213,1185
1593,348,1522,349,1175
1594,1441,2369,1442,929
1595,58,882,59,825
1596,229,455,230,227
1597,3939,10142,3940,6204
1598,194,848,195,655
1599,30,526,31,497
1600,166,626,167,461
1601,160,604,161,445
1602,31,401,32,371
1603,578,3030,579,2453
1604,180,741,181,562
1605,141,851,142,711
1606,100,815,101,716
1608,5713,14737,5714,9025
1609,167,693,168,527
1610,14306,22165,14307,7860
1611,1164,2495,1165,1332
1612,159,390,160,232
1613,84,229,85,146
1614,1451,4255,1452,2805
1615,1154,2451,1155,1298
1616,949,3774,950,2826
1617,20730,27749,20731,7020
1619,2067,4796,2068,2730
1620,1802,4378,1803,2577
1621,246,618,247,373
1622,8,54,9,47
1623,161,1024,162,864
1624,143,428,144,286
1625,12054,18647,12055,6594
1626,112,705,113,594
1627,882,2461,883,1580
1628,5,33,6,29
1629,321,849,322,529
1630,1,14,2,14
1631,203,458,204,256
1632,24,158,25,135
1633,1288,2165,1289,878
1635,3312,5224,3313,1913
1636,11,69,12,59
1639,7399,13576,7400,6178
1640,104,468,105,365
1641,8451,15077,8452,6627
1642,191,616,192,426
1643,1626,2409,1627,784
1644,1006,7539,1007,6534
1645,6678,13496,6679,6819
1646,168,768,169,601
1647,110,628,111,519
1648,804,1472,805,669
1649,911,1354,912,444
1650,183,379,184,197
1651,39,130,40,92
1652,23,71,24,49
1653,13511,21890,13512,8380
1654,248,590,249,343
1655,115,687,116,573
1656,47,123,48,77
1657,64,137,65,74
1658,637,1761,638,1125
1659,33,84,34,52
1660,616,1144,617,529
1661,181,587,182,407
1662,51,199,52,149
1663,4361,7964,4362,3604
1664,24,61,25,38
1665,764,3597,765,2834
1666,29,129,30,101
1667,230,1022,231,793
1668,68,271,69,204
1669,142,272,143,131
1670,363,657,364,295
1671,86,245,87,160
1672,1927,3755,1928,1829
1673,8043,13777,8044,5735
1674,6927,10771,6928,3845
1675,40,115,41,76
1676,7122,17245,7123,10124
1677,36,158,37,123
1678,2477,4064,2478,1588
1679,14,177,15,164
1680,3323,6735,3324,3413
1681,216,2155,217,1940
1682,21279,33731,21280,12453
1683,1036,1696,1037,661
1684,295,556,296,262
1685,25,79,26,55
1686,316,906,317,591
1687,1553,4714,1554,3162
1688,2138,4646,2139,2509
1689,764,1999,765,1236
1690,3277,11518,3278,8242
1692,24,102,25,79
1693,2372,4599,2373,2228
1694,1650,2776,1651,1127
1695,101,188,102,88
1696,135,243,136,109
1697,4,22,5,19
1698,7,43,8,37
1699,610,1063,611,454
1701,1519,2986,1520,1468
1702,682,4527,683,3846
1703,132,678,133,547
1704,28805,38947,28806,10143
1705,1,11,2,11
1706,0,9,1,10
1707,225,3029,226,2805
1708,1,11,2,11
1709,5,18,6,14
1711,1684,4366,1685,2683
1713,600,2353,601,1754
1714,4,31,5,28
1715,23,93,24,71
1716,7,27,8,21
1717,1526,7025,1527,5500
1718,12,40,13,29
1719,2489,3510,2490,1022
1720,5,46,6,42
1721,16619,37712,16620,21094
1722,4098,12328,4099,8231
1723,12,48,13,37
1724,9,32,10,24
1725,66,130,67,65
1726,691,2239,692,1549
1727,717,2132,718,1416
1728,96,213,97,118
1729,7038,12436,7039,5399
1730,941,1688,942,748
1731,43,795,44,753
1732,19228,27826,19229,8599
1733,213,501,214,289
1734,1227,1715,1228,489
1735,1070,2819,1071,1750
1738,1,11,2,11
1739,40,593,41,554
1740,3,11,4,9
1742,2,22,3,21
1743,28,46,29,19
1744,68,444,69,377
1746,114,450,115,337
1747,4941,10077,4942,5137
1748,7586,12170,7587,4585
1749,37,89,38,53
1750,45,330,46,286
1752,289,1653,290,1365
1753,946,2462,947,1517
1754,1817,3805,1818,1989
1755,279,580,280,302
1756,92,468,93,377
1757,364,570,365,207
1759,227,351,228,125
1760,212,2633,213,2422
1762,309,1392,310,1084
1764,1,9,2,9
1765,4,20,5,17
1767,81,211,82,131
1768,23,48,24,26
1769,762,2540,763,1779
1770,55,194,56,140
1771,71,349,72,279
1772,521,2743,522,2223
1773,49,118,50,70
1774,4,9,5,6
1776,1,11,2,11
1777,5916,14009,5917,8094
1779,1381,6106,1382,4726
1780,54,124,55,71
1781,1,8,2,8
1782,10,33,11,24
1783,315,1169,316,855
1784,14058,23145,14059,9088
1785,577,1265,578,689
1787,9,18,10,10
1788,414,623,415,210
1789,4,12,5,9
1791,132,476,133,345
1792,1531,4658,1532,3128
1793,31,115,32,85
1794,601,1102,602,502
1795,23,51,24,29
1796,4,30,5,27
1797,1163,1725,1164,563
1798,50,298,51,249
1799,1051,2137,1052,1087
1801,1801,6176,1802,4376
1804,169,740,170,572
1805,2612,7409,2613,4798
1806,288,1022,289,735
1807,46,150,47,105
1809,757,1085,758,329
1810,1758,3672,1759,1915
1811,30,77,31,48
1812,76,207,77,132
1814,97,219,98,123
1815,3,10,4,8
1816,163,658,164,496
1817,18,85,19,68
1819,9,19,10,11
1820,14,57,15,44
1821,530,1524,531,995
1822,11,161,12,151
1824,139,435,140,297
1825,34,193,35,160
1826,16,397,17,382
1827,592,979,593,388
1829,89,252,90,164
1830,3,9,4,7
1831,1181,7338,1182,6158
1832,7,45,8,39
1833,647,2468,648,1822
1834,2890,4201,2891,1312
1835,2003,5274,2004,3272
1836,632,1463,633,832
1837,83,460,84,378
1839,43,497,44,455
1840,680,1561,681,882
1841,164,693,165,530
1842,5,21,6,17
1843,7,40,8,34
1844,397,641,398,245
1845,1368,2268,1369,901
1846,157,294,158,138
1847,0,1,1,2
1848,406,1411,407,1006
1849,6,46,7,41
1850,37,97,38,61
1851,6,14,7,9
1852,3,12,4,10
1853,17,151,18,135
1854,100,386,101,287
1855,87,742,88,656
1856,195,583,196,389
1857,54,217,55,164
1858,413,1262,414,850
1859,252,441,253,190
1860,319,477,320,159
1861,37,93,38,57
1862,160,2014,161,1855
1863,102,960,103,859
1864,12,101,13,90
1865,198,390,199,193
1866,512,1598,513,1087
1867,17,239,18,223
1869,52,426,53,375
1870,154,353,155,200
1871,29,62,30,34
1872,25,67,26,43
1873,1630,2774,1631,1145
1874,65,175,66,111
1875,420,968,421,549
1876,2915,11666,2916,8752
1877,12,43,13,32
1878,12,138,13,127
1879,106,214,107,109
1880,165,311,166,147
1881,172,687,173,516
1882,976,8017,977,7042
1883,2103,4686,2104,2584
1884,6299,10489,6300,4191
1885,2265,3954,2266,1690
1886,8,75,9,68
1887,100,544,101,445
1888,814,2835,815,2022
1889,773,1586,774,814
1890,18,61,19,44
1891,21,108,22,88
1892,1682,4192,1683,2511
1893,112,178,113,67
1894,1042,4927,1043,3886
1895,1045,3058,1046,2014
1896,92,254,93,163
1897,536,972,537,437
1898,30,98,31,69
1899,27,84,28,58
1900,617,810,618,194
1901,31,63,32,33
1902,120,266,121,147
1903,15,48,16,34
1904,468,880,469,413
1905,10,44,11,35
1906,82,235,83,154
1907,6376,11107,6377,4732
1908,8,42,9,35
1909,4504,11435,4505,6932
1910,143,276,144,134
1911,1285,7143,1286,5859
1912,4224,7438,4225,3215
1913,1064,1751,1065,688
1914,1655,2505,1656,851
1915,8,29,9,22
1916,1791,3058,1792,1268
1917,6566,22671,6567,16106
1918,2907,8818,2908,5912
1919,292,810,293,519
1920,821,3919,822,3099
1921,5928,9913,5929,3986
1922,90,208,91,119
1923,12289,25144,12290,12856
1924,647,2210,648,1564
1925,194,340,195,147
1926,72,176,73,105
1927,1764,2537,1765,774
1928,51,154,52,104
1929,427,736,428,310
1930,18,78,19,61
1931,1235,1795,1236,561
1932,121,275,122,155
1933,97,204,98,108
1934,592,888,593,297
1935,602,913,603,312
1936,430,702,431,273
1937,276,531,277,256
1938,742,1142,743,401
1939,1375,1857,1376,483
1940,427,677,428,251
1941,493,797,494,305
1942,609,876,610,268
1943,180,502,181,323
1944,1926,2797,1927,872
1945,4503,5880,4504,1378
1946,862,1262,863,401
1947,5145,8547,5146,3403
1948,760,1232,761,473
1949,1585,2064,1586,480
1950,2637,3492,2638,856
1951,1236,2176,1237,941
1952,4523,6394,4524,1872
1953,5944,8571,5945,2628
1954,9999,16918,10000,6920
1955,2953,5038,2954,2086
1956,2773,4153,2774,1381
1957,3671,6230,3672,2560
1958,2701,4759,2702,2059
1959,2619,4763,2620,2145
1960,4377,6742,4378,2366
1961,18295,27813,18296,9519
1962,4845,8341,4846,3497
1963,1564,2282,1565,719
1964,1402,2203,1403,802
1965,3216,5870,3217,2655
1966,1024,1589,1025,566
1967,4715,8800,4716,4086
1968,14929,24077,14930,9149
1969,326,2268,327,1943
1970,651,2633,652,1983
1971,276,1808,277,1533
1972,161,1461,162,1301
1973,192,1407,193,1216
1974,1108,4128,1109,3021
1975,295,1784,296,1490
1976,166,1429,167,1264
1977,206,1339,207,1134
1978,92,1146,93,1055
1979,157,1244,158,1088
1980,100,1073,101,974
1981,86,1236,87,1151
1982,3882,7317,3883,3436
1983,425,1772,426,1348
1984,120,1126,121,1007
1985,175,1040,176,866
1986,131,958,132,828
1987,89,622,90,534
1988,34,306,35,273
1989,12,185,13,174
1990,8,154,9,147
1991,602,2569,603,1968
1992,153,1234,154,1082
1993,80,1001,81,922
1994,4712,9584,4713,4873
1995,184,1457,185,1274
1996,80,1068,81,989
1997,8990,15002,8991,6013
1998,68,994,69,927
1999,247,1059,248,813
2000,10733,18949,10734,8217
2001,5231,13181,5232,7951
2002,3105,9152,3106,6048
2003,4269,11800,4270,7532
2004,951,4620,952,3670
2005,6448,11854,6449,5407
2006,5194,13850,5195,8657
2007,78,361,79,284
2008,17,93,18,77
2009,1922,4132,1923,2211
2010,4260,6054,4261,1795
2011,11073,22990,11074,11918
2012,8480,21881,8481,13402
2013,1955,4790,1956,2836
2014,504,1767,505,1264
2015,1002,2314,1003,1313
2016,140,792,141,653
2017,262,929,263,668
2018,3782,7956,3783,4175
2019,10857,13367,10858,2511
2020,4753,7103,4754,2351
2021,3779,8990,3780,5212
2022,1552,2718,1553,1167
2023,4770,10545,4771,5776
2024,323,752,324,430
2025,1102,2357,1103,1256
2026,196,1147,197,952
2027,171,999,172,829
2028,33925,46783,33926,12859
2029,235,460,236,226
2030,12,39,13,28
2031,40,244,41,205
2032,51,218,52,168
2033,509,1539,510,1031
2034,437,2066,438,1630
2035,109,312,110,204
2036,113,1085,114,973
2037,177,408,178,232
2038,276,1143,277,868
2039,12,59,13,48
2040,189,757,190,569
2041,174,768,175,595
2042,434,2373,435,1940
2043,418,1027,419,610
2044,28,269,29,242
2045,165,374,166,210
2046,2145,4946,2146,2802
2047,46,152,47,107
2048,823,1875,824,1053
2049,77,185,78,109
2050,153,951,154,799
2051,122,839,123,718
2052,879,2779,880,1901
2053,293,4368,294,4076
2054,2652,16092,2653,13441
2055,36,207,37,172
2056,77,166,78,90
2057,292,703,293,412
2058,4546,8962,4547,4417
2059,1455,3813,1456,2359
2060,826,2638,827,1813
2061,38,130,39,93
2062,151,400,152,250
2063,20,69,21,50
2064,4717,6898,4718,2182
2065,2250,3877,2251,1628
2066,909,1208,910,300
2067,3792,5574,3793,1783
2068,1364,1937,1365,574
2069,673,1029,674,357
2070,1174,1628,1175,455
2071,829,1287,830,459
2072,1019,3320,1020,2302
2073,276,568,277,293
2074,155,308,156,154
2075,354,558,355,205
2076,6450,9862,6451,3413
2077,499,969,500,471
2078,5424,10052,5425,4629
2079,55,137,56,83
2080,5383,10628,5384,5246
2081,7549,15145,7550,7597
2082,1011,4491,1012,3481
2083,1868,3558,1869,1691
2084,390,1009,391,620
2085,3721,8409,3722,4689
2086,68,198,69,131
2087,3779,7628,3780,3850
2088,564,3339,565,2776
2089,933,2498,934,1566
2090,1399,3121,1400,1723
2091,282,1091,283,810
2093,580,1881,581,1302
2094,1807,6490,1808,4684
2095,165,746,166,582
2096,3450,7021,3451,3572
2097,582,1298,583,717
2098,113,448,114,336
2099,729,1346,730,618
2100,3838,11156,3839,7319
2101,53,146,54,94
2102,612,1282,613,671
2103,60,214,61,155
2104,98,287,99,190
2105,4112,10277,4113,6166
2106,616,1436,617,821
2107,356,2197,357,1842
2108,3545,6510,3546,2966
2109,3806,6926,3807,3121
2110,936,2429,937,1494
2111,781,2133,782,1353
2112,1152,2479,1153,1328
2113,38,508,39,471
2114,1620,3284,1621,1665
2115,13482,24306,13483,10825
2116,1893,4934,1894,3042
2117,1821,3414,1822,1594
2118,1923,3604,1924,1682
2119,186,1276,187,1091
2120,375,1540,376,1166
2121,373,1943,374,1571
2122,470,2520,471,2051
2123,757,2654,758,1898
2124,2842,8627,2843,5786
2125,3249,5850,3250,2602
2126,853,4514,854,3662
2127,7,36,8,30
2128,88,227,89,140
2129,34,66,35,33
2130,1229,1900,1230,672
2131,396,584,397,189
2132,2294,3135,2295,842
2133,1578,4424,1579,2847
2134,2176,5953,2177,3778
2135,615,1967,616,1353
2136,712,2654,713,1943
2137,2762,5443,2763,2682
2138,1606,2749,1607,1144
2139,2683,4629,2684,1947
2140,4109,7846,4110,3738
2141,1845,4574,1846,2730
2142,589,2179,590,1591
2143,1199,3139,1200,1941
2144,4709,8951,4710,4243
2145,2868,7063,2869,4196
2146,988,3070,989,2083
2147,224,1205,225,982
2148,329,1122,330,794
2149,87,631,88,545
2150,4716,8274,4717,3559
2151,548,1495,549,948
2152,90,693,91,604
2153,205,2627,206,2423
2154,203,1010,204,808
2155,825,1754,826,930
2156,21,56,22,36
2157,51,108,52,58
2158,69,189,70,121
2159,783,1646,784,864
2160,5294,8552,5295,3259
2161,5077,10555,5078,5479
2162,295,2015,296,1721
2163,349,1695,350,1347
2164,23,215,24,193
2165,375,902,376,528
2166,500,939,501,440
2167,5348,13011,5349,7664
2168,176,483,177,308
2169,221,1036,222,816
2170,218,913,219,696
2171,662,1117,663,456
2172,42,109,43,68
2173,373,707,374,335
2174,9818,20847,9819,11030
2175,52,103,53,52
2176,2314,3440,2315,1127
2177,202,614,203,413
2178,597,1143,598,547
2179,98,385,99,288
2180,205,592,206,388
2181,549,1169,550,621
2182,430,805,431,376
2183,1576,2442,1577,867
2184,743,1420,744,678
2185,153,333,154,181
2186,4201,5457,4202,1257
2187,129,277,130,149
2188,423,2068,424,1646
2189,94,182,95,89
2190,65,277,66,213
2191,25,93,26,69
2192,17,63,18,47
2193,4276,9174,4277,4899
2194,10539,15976,10540,5438
2195,357,1125,358,769
2196,36,309,37,274
2197,78,149,79,72
2198,30,55,31,26
2199,25,74,26,50
2200,16,102,17,87
2201,79,249,80,171
2202,996,1515,997,520
2203,1788,2331,1789,544
2204,438,776,439,339
2205,249,605,250,357
2206,972,1447,973,476
2207,33,172,34,140
2208,1699,2263,1700,565
2209,63,168,64,106
2210,310,556,311,247
2211,103,240,104,138
2212,772,1257,773,486
2213,1,23,2,23
2214,19,77,20,59
2215,22,83,23,62
2216,6,43,7,38
2217,0,8,1,9
2218,6,41,7,36
2219,38,129,39,92
2220,6,36,7,31
2221,89,209,90,121
2222,1,19,2,19
2223,6,36,7,31
2224,1,21,2,21
2225,5,38,6,34
2226,31,88,32,58
2227,131,255,132,125
2229,1,14,2,14
2230,2,12,3,11
2231,3829,6762,3830,2934
2232,3798,7437,3799,3640
2233,15,60,16,46
2234,10,52,11,43
2235,1,34,2,34
2236,827,1703,828,877
2237,195,381,196,187
2238,387,555,388,169
2239,393,649,394,257
2240,700,1451,701,752
2241,118,650,119,533
2242,6,66,7,61
2243,3208,5445,3209,2238
2244,7,86,8,80
2245,1850,4483,1851,2634
2246,9,59,10,51
2247,617,1981,618,1365
2248,5634,8827,5635,3194
2249,522,1685,523,1164
2250,137,360,138,224
2251,1,8,2,8
2252,446,1534,447,1089
2253,745,3544,746,2800
2254,2,9,3,8
2255,69,447,70,379
2256,19,130,20,112
2257,28,122,29,95
2258,6,42,7,37
2259,231,1297,232,1067
2260,50,240,51,191
2261,415,1060,416,646
2262,661,2131,662,1471
2263,441,1325,442,885
2264,87,588,88,502
2265,70,671,71,602
2266,280,1172,281,893
2267,156,531,157,376
2268,10162,16381,10163,6220
2269,553,3017,554,2465
2270,13,28,14,16
2271,164,488,165,325
2272,400,826,401,427
2273,4983,11720,4984,6738
2274,1,12,2,12
2275,332,674,333,343
2276,171,329,172,159
2277,0,8,1,9
2278,5165,10143,5166,4979
2279,447,2535,448,2089
2280,333,815,334,483
2281,33,98,34,66
2282,1008,2122,1009,1115
2283,178,475,179,298
2284,184,325,185,142
2285,406,651,407,246
2286,44,230,45,187
2287,699,1455,700,757
2288,7282,10979,7283,3698
2289,5163,7297,5164,2135
2290,514,1016,515,503
2291,13743,23807,13744,10065
2292,42,185,43,144
2293,40,82,41,43
2294,3708,10937,3709,7230
2295,231,470,232,240
2296,445,2242,446,1798
2297,1802,4290,1803,2489
2298,15,160,16,146
2299,18,41,19,24
2300,4124,6181,4125,2058
2301,2246,4298,2247,2053
2302,7179,13844,7180,6666
2303,1524,2250,1525,727
2304,50,106,51,57
2305,108,201,109,94
2306,135,928,136,794
2307,40,180,41,141
2308,7,39,8,33
2309,23,43,24,21
2310,503,908,504,406
2311,1710,4067,1711,2358
2312,1507,2527,1508,1021
2313,4715,6860,4716,2146
2314,205,600,206,396
2315,243,1841,244,1599
2316,886,2809,887,1924
2317,5,63,6,59
2318,2925,4404,2926,1480
2319,5,19,6,15
2320,472,1721,473,1250
2321,6770,13600,6771,6831
2322,558,2216,559,1659
2323,135,231,136,97
2324,18599,23976,18600,5378
2325,554,1665,555,1112
2326,11,42,12,32
2327,155,703,156,549
2328,379,1651,380,1273
2329,24335,31157,24336,6823
2330,580,768,581,189
2331,500,1100,501,601
2332,56,180,57,125
2333,2729,4183,2730,1455
2334,867,2961,868,2095
2335,1789,6639,1790,4851
2336,5693,8551,5694,2859
2337,604,1385,605,782
2338,349,4187,350,3839
2339,55,331,56,277
2340,2461,6021,2462,3561
2341,104,275,105,172
2342,145,244,146,100
2343,6,20,7,15
2344,795,1572,796,778
2345,121,231,122,111
2346,788,2071,789,1284
2347,284,608,285,325
2348,1214,2281,1215,1068
2349,860,1357,861,498
2350,22,135,23,114
2351,997,1290,998,294
2352,3743,6244,3744,2502
2353,7535,15414,7536,7880
2354,259,1277,260,1019
2355,11049,22471,11050,11423
2356,297,1137,298,841
2357,1703,2258,1704,556
2358,63,128,64,66
2359,3861,6149,3862,2289
2360,1891,2463,1892,573
2361,585,1223,586,639
2362,116,377,117,262
2363,930,2236,931,1307
2364,140,673,141,534
2365,210,808,211,599
2366,3267,6358,3268,3092
2367,528,2673,529,2146
2368,20,399,21,380
2369,1345,4993,1346,3649
2370,394,880,395,487
2371,2819,6094,2820,3276
2372,478,1816,479,1339
2373,196,1610,197,1415
2374,331,1494,332,1164
2375,875,3673,876,2799
2376,1105,3565,1106,2461
2377,287,1078,288,792
2378,1537,6080,1538,4544
2379,434,3392,435,2959
2380,275,2730,276,2456
2381,260,2686,261,2427
2382,199,2241,200,2043
2383,157,2073,158,1917
2384,1704,5191,1705,3488
2385,138,935,139,798
2386,28,551,29,524
2387,591,2195,592,1605
2388,74,155,75,82
2389,661,2825,662,2165
2390,1388,2373,1389,986
2391,3798,6266,3799,2469
2392,239,1624,240,1386
2393,2953,7917,2954,4965
2394,3029,6699,3030,3671
2395,9503,14666,9504,5164
2396,14785,24063,14786,9279
2397,65,150,66,86
2398,2794,4691,2795,1898
2399,298,1281,299,984
2400,73,336,74,264
2401,1582,2707,1583,1126
2402,1259,5126,1260,3868
2403,3562,6923,3563,3362
2404,530,3718,531,3189
2405,1738,5924,1739,4187
2406,6089,13180,6090,7092
2407,3769,10200,3770,6432
2408,213,1782,214,1570
2409,1907,5740,1908,3834
2410,1357,5341,1358,3985
2411,1296,5128,1297,3833
2412,396,3579,397,3184
2413,2165,4605,2166,2441
2414,1031,2458,1032,1428
2415,17,67,18,51
2416,759,2572,760,1814
2417,142,522,143,381
2418,177,636,178,460
2419,131,341,132,211
2420,3610,9465,3611,5856
2421,902,5962,903,5061
2422,299,3546,300,3248
2423,3293,6165,3294,2873
2424,4440,12673,4441,8234
2425,315,562,316,248
2426,60,146,61,87
2427,3952,8231,3953,4280
2428,1273,5767,1274,4495
2429,293,1458,294,1166
2430,299,875,300,577
2431,2331,6507,2332,4177
2432,873,2298,874,1426
2433,1497,3671,1498,2175
2434,140,253,141,114
2435,205,628,206,424
2436,576,1234,577,659
2437,395,766,396,372
2438,5,14,6,10
2439,809,1512,810,704
2440,135,339,136,205
2441,61,183,62,123
2442,739,1232,740,494
2443,603,1173,604,571
2444,31,73,32,43
2445,179,725,180,547
2446,125,593,126,469
2447,868,2796,869,1929
2448,171,1370,172,1200
2449,24,306,25,283
2450,392,3603,393,3212
2451,135,710,136,576
2452,7,95,8,89
2453,351,1120,352,770
2454,1373,3349,1374,1977
2455,4943,10780,4944,5838
2456,168,1724,169,1557
2457,485,1226,486,742
2458,99,831,100,733
2459,1556,3508,1557,1953
2460,159,874,160,716
2461,44,416,45,373
2462,55,573,56,519
2463,1427,3164,1428,1738
2464,20,144,21,125
2465,31,252,32,222
2466,36,78,37,43
2467,3524,5434,3525,1911
2468,576,2730,577,2155
2469,1160,3484,1161,2325
2470,3762,11976,3763,8215
2471,712,5140,713,4429
2472,108,500,109,393
2473,130,1192,131,1063
2474,1323,3175,1324,1853
2475,199,585,200,387
2476,744,2015,745,1272
2477,37,286,38,250
2478,2028,6414,2029,4387
2479,46,296,47,251
2480,11,38,12,28
2481,250,424,251,175
2482,143,345,144,203
2483,169,343,170,175
2484,0,13,1,14
2485,1655,5936,1656,4282
2486,5,57,6,53
2487,15,99,16,85
2488,714,1137,715,424
2489,5,17,6,13
2490,3698,8291,3699,4594
2491,201,846,202,646
2492,199,711,200,513
2493,155,246,156,92
2494,109,183,110,75
2495,673,1122,674,450
2496,1335,3819,1336,2485
2497,518,1831,519,1314
2498,105,887,106,783
2499,182,346,183,165
2500,204,1059,205,856
2501,4794,7312,4795,2519
2502,15930,22957,15931,7028
2503,65,109,66,45
2504,382,1467,383,1086
2505,1060,4176,1061,3117
2506,510,1303,511,794
2507,107,418,108,312
2508,4,15,5,12
2509,51,160,52,110
2510,9,74,10,66
2511,719,1107,720,389
2512,110,177,111,68
2513,1028,3612,1029,2585
2514,92,1001,93,910
2515,33,458,34,426
2516,25,392,26,368
2517,675,2350,676,1676
2518,770,1921,771,1152
2519,331,858,332,528
2520,440,1404,441,965
2521,90,631,91,542
2522,69,588,70,520
2523,34,237,35,204
2524,512,1917,513,1406
2525,89,732,90,644
2526,62,545,63,484
2527,1839,4228,1840,2390
2528,2227,5047,2228,2821
2529,7185,13132,7186,5948
2530,601,2396,602,1796
2531,412,1941,413,1530
2532,436,1939,437,1504
2533,898,3262,899,2365
2534,7,102,8,96
2535,100,666,101,567
2536,26,302,27,277
2537,13,268,14,256
2538,23,39,24,17
2539,3192,9380,3193,6189
2540,295,999,296,705
2541,3558,9240,3559,5683
2542,14054,19260,14055,5207
2543,13,45,14,33
2544,39,115,40,77
2545,52,120,53,69
2546,265,972,266,708
2547,2,9,3,8
2548,98,807,99,710
2549,195,1549,196,1355
2550,868,1577,869,710
2551,937,1859,938,923
2552,36,284,37,249
2553,650,1373,651,724
2554,266,687,267,422
2555,94,1377,95,1284
2556,3,45,4,43
2557,178,302,179,125
2558,368,1969,369,1602
2559,75,367,76,293
2560,626,1579,627,954
2561,318,1102,319,785
2562,86,213,87,128
2563,489,865,490,377
2564,6,19,7,14
2565,2251,3688,2252,1438
2566,32,286,33,255
2567,995,3697,996,2703
2568,104,1352,105,1249
2569,16,49,17,34
2570,409,709,410,301
2571,55742,72674,55743,16933
2572,6571,13710,6572,7140
2573,134,297,135,164
2574,259,1380,260,1122
2575,878,1241,879,364
2576,6,29,7,24
2577,77,218,78,142
2578,34,92,35,59
2579,956,1645,957,690
2580,4632,8037,4633,3406
2581,2304,7346,2305,5043
2582,174,517,175,344
2583,994,1764,995,771
2584,3,21,4,19
2585,374,584,375,211
2586,37,154,38,118
2587,234,916,235,683
2588,3,14,4,12
2589,83,317,84,235
2590,216,562,217,347
2591,9,32,10,24
2592,9,30,10,22
2593,262,474,263,213
2594,1766,2636,1767,871
2595,3,18,4,16
2596,819,1556,820,738
2597,69,455,70,387
2598,1022,3680,1023,2659
2599,8311,13275,8312,4965
2600,2433,5580,2434,3148
2601,4,16,5,13
2602,13,58,14,46
2603,11,30,12,20
2604,15,27,16,13
2605,2622,8314,2623,5693
2606,456,1863,457,1408
2607,356,574,357,219
2608,13,49,14,37
2609,318,441,319,124
2610,218,344,219,127
2611,759,1143,760,385
2612,777,1113,778,337
2613,458,1411,459,954
2614,36,340,37,305
2615,266,965,267,700
2616,937,5684,938,4748
2617,6791,19103,6792,12313
2618,750,1201,751,452
2619,1,10,2,10
2620,126,227,127,102
2621,226,385,227,160
2622,1403,3370,1404,1968
2623,10,42,11,33
2624,524,754,525,231
2625,174,612,175,439
2626,155,269,156,115
2627,50,89,51,40
2628,10406,31837,10407,21432
2629,168,825,169,658
2630,197,350,198,154
2631,1,34,2,34
2632,95,158,96,64
2633,688,1646,689,959
2634,210,608,211,399
2635,57,172,58,116
2636,10,74,11,65
2637,31,164,32,134
2638,39,178,40,140
2639,404,1168,405,765
2640,6134,14746,6135,8613
2641,2449,8030,2450,5582
2642,475,4679,476,4205
2643,230,3192,231,2963
2644,1259,2168,1260,910
2646,54,207,55,154
2647,96,266,97,171
2648,2261,3508,2262,1248
2649,151,369,152,219
2650,35,178,36,144
2651,123,391,124,269
2652,95,282,96,188
2653,50,224,51,175
2654,453,899,454,447
2655,15,292,16,278
2656,84,366,85,283
2657,6120,13400,6121,7281
2658,11,38,12,28
2659,96,232,97,137
2660,570,1037,571,468
2661,191,522,192,332
2662,2433,4607,2434,2175
2663,67,216,68,150
2664,2835,4599,2836,1765
2665,126,348,127,223
2666,29,108,30,80
2667,51,218,52,168
2668,183,1355,184,1173
2669,235,440,236,206
2670,859,1210,860,352
2671,6652,14329,6653,7678
2672,1724,4140,1725,2417
2673,66,131,67,66
2674,55,177,56,123
2675,46,96,47,51
2676,661,1906,662,1246
2677,1805,2597,1806,793
2678,59,183,60,125
2679,14,51,15,38
2680,4,25,5,22
2681,188,422,189,235
2682,469,694,470,226
2683,9079,24951,9080,15873
2684,4,26,5,23
2685,22,54,23,33
2686,3632,5456,3633,1825
2687,3089,6572,3090,3484
2688,1598,5444,1599,3847
2689,91,210,92,120
2690,1699,2705,1700,1007
2691,497,818,498,322
2692,13172,18891,13173,5720
2693,984,1708,985,725
2694,3177,9935,3178,6759
2695,30,101,31,72
2696,862,1315,863,454
2697,204,355,205,152
2698,3,20,4,18
2699,2627,12831,2628,10205
2700,10093,17806,10094,7714
2701,1257,11723,1258,10467
2702,974,2964,975,1991
2703,9,28,10,20
2704,252,471,253,220
2705,58,111,59,54
2706,10207,24867,10208,14661
2707,3067,6489,3068,3423
2708,302,482,303,181
2709,625,1804,626,1180
2710,5868,19486,5869,13619
2711,146,281,147,136
2712,6714,16102,6715,9389
2713,616,3738,617,3123
2714,222,546,223,325
2715,12,125,13,114
2716,18814,32118,18815,13305
2717,2158,8679,2159,6522
2718,1111,2869,1112,1759
2719,620,4423,621,3804
2720,331,4082,332,3752
2721,338,592,339,255
2722,1340,7289,1341,5950
2723,2477,7897,2478,5421
2724,2115,8448,2116,6334
2725,351,622,352,272
2726,1727,2314,1728,588
2727,140,391,141,252
2728,3260,5170,3261,1911
2729,2009,3254,2010,1246
2730,1861,2927,1862,1067
2731,2485,3281,2486,797
2732,1289,1880,1290,592
2733,43,286,44,244
2734,1028,2608,1029,1581
2735,879,3805,880,2927
2736,626,1331,627,706
2737,15,102,16,88
2738,217,484,218,268
2739,3239,5386,3240,2148
2740,9,74,10,66
2741,79,306,80,228
2742,18,49,19,32
2743,31,81,32,51
2744,119,221,120,103
2745,1427,2321,1428,895
2746,3330,8332,3331,5003
2747,977,2719,978,1743
2748,66,862,67,797
2749,165,522,166,358
2750,1297,2197,1298,901
2751,100,306,101,207
2752,244,902,245,659
2753,105,314,106,210
2754,7,73,8,67
2755,22,167,23,146
2756,53,209,54,157
2757,436,721,437,286
2758,58,190,59,133
2759,1094,2673,1095,1580
2760,15,37,16,23
2761,6384,9855,6385,3472
2762,32884,46713,32885,13830
2763,5627,11641,5628,6015
2764,1273,2537,1274,1265
2765,89,255,90,167
2766,95,240,96,146
2767,83,235,84,153
2768,23,62,24,40
2769,202,700,203,499
2770,2986,9064,2987,6079
2771,399,1497,400,1099
2772,623,1896,624,1274
2773,28,89,29,62
2774,280,651,281,372
2775,62,154,63,93
2776,64,111,65,48
2777,5,74,6,70
2778,25,174,26,150
2779,1092,2185,1093,1094
2780,162,451,163,290
2781,135,364,136,230
2782,287,660,288,374
2783,37,141,38,105
2784,221,510,222,290
2785,44,137,45,94
2786,61,381,62,321
2787,257,1070,258,814
2788,4205,5875,4206,1671
2789,330,1302,331,973
2790,90,575,91,486
2791,12743,20475,12744,7733
2792,1259,4237,1260,2979
2793,393,2066,394,1674
2794,804,3218,805,2415
2795,3819,6311,3820,2493
2796,333,1330,334,998
2797,10558,20407,10559,9850
2798,144,1645,145,1502
2799,71,1097,72,1027
2800,99,300,100,202
2801,368,789,369,422
2802,505,1914,506,1410
2803,1790,4856,1791,3067
2804,9126,12980,9127,3855
2805,920,4310,921,3391
2806,244,1646,245,1403
2807,69,1228,70,1160
2808,591,4103,592,3513
2809,56,247,57,192
2810,1161,1722,1162,562
2811,10,33,11,24
2812,95,306,96,212
2813,51,114,52,64
2814,15,102,16,88
2815,261,1630,262,1370
2816,37,897,38,861
2817,41,656,42,616
2818,21,419,22,399
2819,2465,3491,2466,1027
2820,180,310,181,131
2821,8,30,9,23
2822,498,1856,499,1359
2823,14,40,15,27
2824,71,117,72,47
2825,22,51,23,30
2826,2505,7339,2506,4835
2827,373,2825,374,2453
2828,72,923,73,852
2829,329,1427,330,1099
2830,73,128,74,56
2831,14,73,15,60
2832,5,32,6,28
2833,67,148,68,82
2834,84,183,85,100
2835,53,446,54,394
2836,425,1127,426,703
2837,83,178,84,96
2838,9,23,10,15
2839,114,168,115,55
2840,1388,4876,1389,3489
2841,2044,4320,2045,2277
2842,138,387,139,250
2843,1183,1586,1184,404
2844,165,513,166,349
2845,8,41,9,34
2846,548,1447,549,900
2847,250,397,251,148
2848,263,405,264,143
2849,47,187,48,141
2850,10,55,11,46
2851,72,558,73,487
2852,642,990,643,349
2853,57,210,58,154
2854,10,70,11,61
2855,12,99,13,88
2856,112,438,113,327
2857,2185,4106,2186,1922
2858,40249,53689,40250,13441
2859,1708,2186,1709,479
2860,557,1884,558,1328
2861,784,2169,785,1386
2862,228,1055,229,828
2863,2594,4079,2595,1486
2864,63,165,64,103
2865,37,126,38,90
2866,736,1324,737,589
2867,923,2217,924,1295
2868,52,417,53,366
2869,15,47,16,33
2870,643,1246,644,604
2871,5238,8247,5239,3010
2872,3112,5883,3113,2772
2873,65,199,66,135
2874,191,431,192,241
2875,604,1901,605,1298
2876,114,515,115,402
2877,522,1625,523,1104
2878,23,209,24,187
2879,430,1003,431,574
2880,213,522,214,310
2881,2493,7152,2494,4660
2882,240,926,241,687
2883,777,1625,778,849
2884,36,267,37,232
2885,208,483,209,276
2886,49,366,50,318
2887,9,112,10,104
2888,269,1117,270,849
2889,711,1777,712,1067
2890,6145,11936,6146,5792
2891,561,1234,562,674
2892,33,160,34,128
2893,137,441,138,305
2894,141,485,142,345
2895,2,22,3,21
2896,26,93,27,68
2897,96,182,97,87
2898,113,685,114,573
2899,283,640,284,358
2900,158,885,159,728
2901,698,1827,699,1130
2902,147,1100,148,954
2903,50,725,51,676
2904,80,134,81,55
2905,1109,1410,1110,302
2906,228,1531,229,1304
2907,287,1528,288,1242
2908,4760,7642,4761,2883
2909,1,17,2,17
2910,15,52,16,38
2911,41,86,42,46
2912,1786,3177,1787,1392
2913,85,205,86,121
2914,15,122,16,108
2915,3676,7823,3677,4148
2916,11594,22428,11595,10835
2917,2533,3616,2534,1084
2918,17807,27099,17808,9293
2919,1810,2617,1811,808
2920,795,1033,796,239
2921,1701,2635,1702,935
2922,882,1618,883,737
2923,60,127,61,68
2924,1258,2032,1259,775
2925,692,959,693,268
2926,1444,3146,1445,1703
2927,723,1032,724,310
2928,209,489,210,281
2929,699,1336,700,638
2930,53,81,54,29
2931,339,453,340,115
2932,1114,1628,1115,515
2933,102,161,103,60
2934,20,40,21,21
2935,1068,1404,1069,337
2936,1061,1461,1062,401
2937,635,850,636,216
2938,186,264,187,79
2939,232,491,233,260
2940,706,1052,707,347
2941,1008,1903,1009,896
2942,923,3653,924,2731
2943,586,992,587,407
2944,4448,6903,4449,2456
2945,27,131,28,105
2946,1144,1959,1145,816
2947,7079,12099,7080,5021
2948,4142,7352,4143,3211
2949,4050,7440,4051,3391
2950,526,3531,527,3006
2951,5247,7428,5248,2182
2952,1112,1874,1113,763
2953,1527,8015,1528,6489
2954,1,19,2,19
2955,3,27,4,25
2956,274,856,275,583
2957,13,27,14,15
2958,2,7,3,6
2959,46856,58773,46857,11918
2960,32,79,33,48
2961,472,1704,473,1233
2962,151,429,152,279
2963,52,115,53,64
2964,109,263,110,155
2965,42,375,43,334
2966,2593,3732,2594,1140
2967,473,828,474,356
2968,4311,8129,4312,3819
2969,425,633,426,209
2970,1006,1418,1007,413
2971,1370,2186,1371,817
2972,352,503,353,152
2973,2946,4068,2947,1123
2974,36,583,37,548
2975,213,584,214,372
2976,1311,3498,1312,2188
2977,91,391,92,301
2978,243,940,244,698
2979,44,293,45,250
2980,1,14,2,14
2981,31,57,32,27
2982,20,189,21,170
2983,472,733,473,262
2984,85,141,86,57
2985,6428,15346,6429,8919
2986,594,4982,595,4389
2987,10837,21899,10838,11063
2988,382,677,383,296
2989,1764,4183,1765,2420
2990,1343,4145,1344,2803
2991,2194,4942,2195,2749
2992,24,198,25,175
2993,2214,4404,2215,2191
2994,23,65,24,43
2995,475,2815,476,2341
2996,316,695,317,380
2997,20471,29943,20472,9473
2998,30,70,31,41
2999,31,78,32,48
3000,10098,13136,10099,3039
3001,4,72,5,69
3002,264,425,265,162
3003,94,183,95,90
3004,251,1569,252,1319
3005,2544,6833,2545,4290
3006,6021,8782,6022,2762
3007,1416,2041,1417,626
3008,430,699,431,270
3009,4,21,5,18
3010,200,356,201,157
3011,608,1037,609,430
3012,54,101,55,48
3013,123,478,124,356
3014,40,221,41,182
3015,391,982,392,592
3016,941,2752,942,1812
3017,155,724,156,570
3018,1170,2313,1171,1144
3019,2337,3584,2338,1248
3020,3451,6703,3452,3253
3021,50,271,51,222
3022,1890,2477,1891,588
3023,14,32,15,19
3024,129,959,130,831
3025,10,51,11,42
3026,8,74,9,67
3028,486,865,487,380
3029,243,747,244,505
3030,3241,3996,3242,756
3031,39,353,40,315
3032,713,1644,714,932
3033,5572,12547,5573,6976
3034,2956,5460,2957,2505
3035,1761,2370,1762,610
3036,453,1104,454,652
3037,2645,3772,2646,1128
3038,481,646,482,166
3039,5822,9992,5823,4171
3040,696,1964,697,1269
3041,21,442,22,422
3042,19,353,20,335
3043,14,201,15,188
3044,2203,3580,2204,1378
3045,288,767,289,480
3046,269,556,270,288
3047,44,82,45,39
3048,52,305,53,254
3049,73,213,74,141
3050,26,118,27,93
3051,337,1152,338,816
3052,9286,17152,9287,7867
3053,807,2550,808,1744
3054,251,1618,252,1368
3055,275,575,276,301
3056,26,111,27,86
3057,19,53,20,35
3058,7,65,8,59
3059,7,22,8,16
3060,2970,4812,2971,1843
3061,1076,1668,1077,593
3062,1819,2698,1820,880
3063,165,1120,166,956
3064,49,409,50,361
3065,11,36,12,26
3066,1080,1893,1081,814
3067,1847,2694,1848,848
3068,1611,2407,1612,797
3069,128,226,129,99
3070,1597,3532,1598,1936
3071,1436,2452,1437,1017
3072,4002,7022,4003,3021
3073,64,159,65,96
3074,871,1449,872,579
3075,867,1354,868,488
3076,309,611,310,303
3077,832,1086,833,255
3078,380,731,381,352
3079,835,1355,836,521
3080,4,11,5,8
3081,6925,14669,6926,7745
3082,2902,8964,2903,6063
3083,3176,4454,3177,1279
3084,3,18,4,16
3085,9,43,10,35
3086,234,444,235,211
3087,2423,5422,2424,3000
3088,2520,3562,2521,1043
3089,2951,3885,2952,935
3090,799,1055,800,257
3091,1063,1432,1064,370
3092,77,128,78,52
3093,909,1404,910,496
3094,397,665,398,269
3095,2585,3632,2586,1048
3096,425,613,426,189
3097,1212,1698,1213,487
3098,2882,4682,2883,1801
3099,519,1284,520,766
3100,3046,5286,3047,2241
3101,3987,9123,3988,5137
3102,764,1397,765,634
3103,113,388,114,276
3104,3169,5061,3170,1893
3105,4354,7238,4355,2885
3106,32,92,33,61
3107,2808,7365,2809,4558
3108,3992,7361,3993,3370
3109,99,322,100,224
3110,75,183,76,109
3111,751,1202,752,452
3112,165,346,166,182
3113,857,5214,858,4358
3114,16377,26536,16378,10160
3115,237,628,238,392
3116,9,40,10,32
3117,218,530,219,313
3118,162,341,163,180
3119,36,122,37,87
3120,221,884,222,664
3121,75,168,76,94
3122,57,141,58,85
3123,9,35,10,27
3124,53,134,54,82
3125,637,1157,638,521
3126,21,61,22,41
3127,158,565,159,408
3128,107,280,108,174
3129,974,1688,975,715
3130,121,1052,122,932
3131,4,17,5,14
3132,74,145,75,72
3133,135,232,136,98
3134,1264,1653,1265,390
3135,912,1372,913,461
3136,6,40,7,35
3137,38,116,39,79
3138,131,328,132,198
3139,32,117,33,86
3140,65,119,66,55
3141,132,527,133,396
3142,495,1030,496,536
3143,91,190,92,100
3144,73,247,74,175
3145,433,1043,434,611
3146,727,3701,728,2975
3147,21792,30482,21793,8691
3148,3782,6638,3783,2857
3149,9,51,10,43
3150,175,313,176,139
3151,3,19,4,17
3152,1910,2723,1911,814
3153,795,1451,796,657
3154,15,47,16,33
3155,1404,3280,1405,1877
3156,1552,4399,1553,2848
3157,1248,5403,1249,4156
3158,184,346,185,163
3159,2073,4112,2074,2040
3160,8511,12769,8512,4259
3161,71,177,72,107
3162,8,91,9,84
3163,858,1450,859,593
3164,2,11,3,10
3165,46,340,47,295
3166,3,83,4,81
3167,549,1037,550,489
3168,3074,5490,3075,2417
3169,823,1612,824,790
3170,0,8,1,9
3171,116,165,117,50
3172,14,55,15,42
3173,1315,3962,1316,2648
3174,3847,7807,3848,3961
3175,7901,14659,7902,6759
3176,6695,13769,6696,7075
3177,301,1315,302,1015
3178,2564,4295,2565,1732
3179,727,1438,728,712
3180,42,352,43,311
3181,739,1284,740,546
3182,632,914,633,283
3183,100,194,101,95
3184,8,43,9,36
3185,836,1903,837,1068
3186,2559,5158,2560,2600
3187,6,27,7,22
3188,184,287,185,104
3189,843,1730,844,888
3190,93,1022,94,930
3191,1,6,2,6
3192,78,133,79,56
3193,2,5,3,4
3194,538,1109,539,572
3195,2,6,3,5
3196,2127,2805,2128,679
3197,331,1170,332,840
3198,3124,4531,3125,1408
3199,129,280,130,152
3200,799,1172,800,374
3201,1448,2167,1449,720
3202,81,155,82,75
3203,1664,3115,1665,1452
3204,657,1348,658,692
3205,113,266,114,154
3206,204,719,205,516
3207,15,71,16,57
3208,415,1839,416,1425
3209,3,14,4,12
3210,4428,8110,4429,3683
3211,167,369,168,203
3212,1,21,2,21
3213,908,1843,909,936
3214,148,374,149,227
3215,18,67,19,50
3216,31,123,32,93
3217,218,427,219,210
3218,66,160,67,95
3219,812,2175,813,1364
3220,6,26,7,21
3221,232,428,233,197
3222,90,150,91,61
3223,191,341,192,151
3224,565,762,566,198
3225,203,893,204,691
3226,3,4,4,2
3227,1,11,2,11
3228,3,20,4,18
3229,14,30,15,17
3230,266,500,267,235
3231,7,27,8,21
3232,137,219,138,83
3233,3,12,4,10
3234,1,2,2,2
3235,159,468,160,310
3236,6,24,7,19
3237,3,8,4,6
3238,182,1189,183,1008
3239,25,188,26,164
3240,58,177,59,120
3241,176,316,177,141
3242,26,49,27,24
3243,365,2438,366,2074
3244,787,1372,788,586
3245,127,191,128,65
3246,2663,4320,2664,1658
3247,2060,7457,2061,5398
3248,475,2735,476,2261
3249,701,2517,702,1817
3250,1124,2674,1125,1551
3251,537,1249,538,713
3252,5441,9076,5442,3636
3253,6321,14041,6322,7721
3254,1192,5184,1193,3993
3255,4638,9925,4639,5288
3256,4735,9075,4736,4341
3257,1325,6251,1326,4927
3258,850,3653,851,2804
3259,1106,2916,1107,1811
3260,1711,2720,1712,1010
3261,1112,2607,1113,1496
3262,1375,2706,1376,1332
3263,1505,5366,1506,3862
3264,1147,4531,1148,3385
3265,1930,2785,1931,856
3266,983,1570,984,588
3267,2174,4224,2175,2051
3268,94,1835,95,1742
3269,825,3040,826,2216
3270,611,1457,612,847
3271,1947,3399,1948,1453
3272,567,1335,568,769
3273,940,6568,941,5629
3274,662,2645,663,1984
3275,6753,10412,6754,3660
3276,80,284,81,205
3277,2,6,3,5
3278,3,9,4,7
3279,1,20,2,20
3280,11,34,12,24
3281,187,318,188,132
3282,52,104,53,53
3283,49,116,50,68
3284,117,228,118,112
3285,1893,6652,1894,4760
3286,67,810,68,744
3287,235,921,236,687
3288,6,23,7,18
3289,220,360,221,141
3290,0,2,1,3
3291,1,26,2,26
3292,73,134,74,62
3293,4,27,5,24
3294,7,78,8,72
3295,60,96,61,37
3296,982,1619,983,638
3297,0,8,1,9
3298,2154,4558,2155,2405
3299,83,795,84,713
3300,4126,9336,4127,5211
3301,2970,7542,2971,4573
3302,118,236,119,119
3303,41,74,42,34
3304,180,317,181,138
3305,14,49,15,36
3306,337,461,338,125
3307,2448,3170,2449,723
3308,337,1060,338,724
3309,103,183,104,81
3310,941,1367,942,427
3311,138,236,139,99
3312,0,5,1,6
3313,11,97,12,87
3314,13,34,14,22
3315,7,19,8,13
3316,413,2400,414,1988
3317,3738,6314,3739,2577
3318,73,183,74,111
3319,47,123,48,77
3320,218,401,219,184
3321,2,11,3,10
3322,6,64,7,59
3323,20,77,21,58
3324,218,1006,219,789
3325,127,866,128,740
3326,183,890,184,708
3327,395,712,396,318
3328,2626,4438,2627,1813
3329,147,226,148,80
3330,434,694,435,261
3331,18,190,19,173
3332,2,9,3,8
3333,36,83,37,48
3334,2043,2834,2044,792
3335,11,65,12,55
3336,7,21,8,15
3337,4,15,5,12
3338,227,312,228,86
3339,359,644,360,286
3340,70,284,71,215
3341,600,890,601,291
3342,821,1310,822,490
3343,21,194,22,174
3344,43,165,44,123
3345,39,111,40,73
3346,7,32,8,26
3347,867,1238,868,372
3348,9,26,10,18
3349,33,85,34,53
3350,537,807,538,271
3351,31,121,32,91
3352,3,25,4,23
3353,11,32,12,22
3354,1138,6398,1139,5261
3355,1393,4025,1394,2633
3357,314,483,315,170
3358,1121,2084,1122,964
3359,2165,2993,2166,829
3360,2915,4497,2916,1583
3361,3788,6614,3789,2827
3362,5545,7851,5546,2307
3363,4366,7286,4367,2921
3364,703,1064,704,362
3365,1574,2339,1575,766
3367,81,190,82,110
3368,213,365,214,153
3369,8,20,9,13
3370,131,305,132,175
3371,123,235,124,113
3372,146,318,147,173
3373,12,44,13,33
3374,34,93,35,60
3375,76,201,77,126
3376,1,6,2,6
3377,20,54,21,35
3378,22,60,23,39
3379,343,553,344,211
3380,12,31,13,20
3381,2,8,3,7
3382,1,6,2,6
3383,1,4,2,4
3384,1077,1699,1078,623
3385,82,605,83,524
3386,3967,7172,3968,3206
3387,191,1037,192,847
3388,328,2009,329,1682
3389,17,114,18,98
3390,5,217,6,213
3391,59,648,60,590
3392,104,972,105,869
3393,32,204,33,173
3394,184,1124,185,941
3395,40,256,41,217
3396,3708,6347,3709,2640
3397,1245,2300,1246,1056
3398,1114,2355,1115,1242
3399,185,532,186,348
3400,75,346,76,272
3401,41,543,42,503
3402,58,116,59,59
3403,21,182,22,162
3404,650,1595,651,946
3405,466,705,467,240
3406,252,398,253,147
3407,4,21,5,18
3408,9050,18105,9051,9056
3409,2234,7019,2235,4786
3410,25,45,26,21
3411,0,4,1,5
3412,458,978,459,521
3413,11,42,12,32
3414,77,217,78,141
3415,574,817,575,244
3417,192,350,193,159
3418,6088,11898,6089,5811
3419,23,47,24,25
3420,606,1120,607,515
3421,7038,11517,7039,4480
3422,426,903,427,478
3423,86,343,87,258
3424,3957,6033,3958,2077
3425,168,437,169,270
3426,339,1043,340,705
3427,108,331,109,224
3428,92,293,93,202
3429,1867,2480,1868,614
3430,396,1134,397,739
3431,65,464,66,400
3432,55,428,56,374
3433,29,264,30,236
3434,23,214,24,192
3435,4318,5404,4319,1087
3436,152,754,153,603
3437,15,150,16,136
3438,1136,4997,1137,3862
3439,409,2608,410,2200
3440,191,1951,192,1761
3441,1014,2797,1015,1784
3442,20,153,21,134
3443,4,59,5,56
3444,657,1912,658,1256
3445,184,578,185,395
3446,133,257,134,125
3447,197,335,198,139
3448,6474,12164,6475,5691
3449,40,143,41,104
3450,2102,5364,2103,3263
3451,1665,2610,1666,946
3452,1076,4209,1077,3134
3453,136,607,137,472
3454,80,371,81,292
3455,8,20,9,13
3456,267,385,268,119
3457,187,538,188,352
3458,6,22,7,17
3459,83,367,84,285
3460,2,11,3,10
3461,1320,2562,1321,1243
3462,3679,4872,3680,1194
3463,3,64,4,62
3465,14,74,15,61
3466,507,1074,508,568
3467,1069,1517,1070,449
3468,3200,4279,3201,1080
3469,1439,1914,1440,476
3470,777,1066,778,290
3471,8868,14984,8869,6117
3472,33,97,34,65
3473,58,105,59,48
3474,43,131,44,89
3475,529,768,530,240
3476,2935,5199,2936,2265
3477,1126,2731,1127,1606
3478,588,1875,589,1288
3479,1791,3573,1792,1783
3480,435,962,436,528
3481,10503,17019,10504,6517
3483,1058,2877,1059,1820
3484,469,2322,470,1854
3485,4,24,5,21
3486,14,63,15,50
3487,277,509,278,233
3488,10,67,11,58
3489,3187,9534,3188,6348
3490,39,153,40,115
3491,38,185,39,148
3492,35,73,36,39
3493,7,53,8,47
3494,978,1831,979,854
3495,20,53,21,34
3496,85,223,86,139
3497,124,387,125,264
3498,1989,2984,1990,996
3499,5902,9852,5903,3951
3500,113,665,114,553
3501,403,860,404,458
3502,228,540,229,313
3503,1795,2750,1796,956
3504,4119,5752,4120,1634
3505,1590,2589,1591,1000
3506,238,642,239,405
3507,2017,3049,2018,1033
3508,2309,3421,2310,1113
3509,99,387,100,289
3510,4012,7989,4013,3978
3511,81,504,82,424
3512,1326,2573,1327,1248
3513,912,2472,913,1561
3514,92,223,93,132
3515,366,1035,367,670
3516,516,890,517,375
3517,8,22,9,15
3518,62,235,63,174
3519,372,970,373,599
3520,17,135,18,119
3521,1000,1511,1001,512
3522,25,47,26,23
3523,8,42,9,35
3524,1119,2832,1120,1714
3525,517,1851,518,1335
3526,2471,4751,2472,2281
3527,9111,16762,9112,7652
3528,553,1614,554,1062
3529,377,975,378,599
3530,19,42,20,24
3531,49,125,50,77
3533,38,73,39,36
3534,1319,4692,1320,3374
3535,6715,12569,6716,5855
3536,1728,4002,1729,2275
3537,81,258,82,178
3538,617,1121,618,505
3539,268,423,269,156
3540,47,137,48,91
3541,2,9,3,8
3542,3,15,4,13
3543,2311,3404,2312,1094
3544,119,416,120,298
3545,2057,3191,2058,1135
3546,976,1577,977,602
3547,253,431,254,179
3548,850,1286,851,437
3549,957,1593,958,637
3550,438,1034,439,597
3551,2298,3572,2299,1275
3552,5151,9274,5152,4124
3553,130,614,131,485
3554,479,1020,480,542
3555,2762,6844,2763,4083
3556,3601,6840,3602,3240
3557,151,645,152,495
3558,2,12,3,11
3559,237,401,238,165
3560,15,48,16,34
3561,0,1,1,2
3562,33,151,34,119
3563,49,438,50,390
3564,89,1573,90,1485
3565,747,1865,748,1119
3566,569,1361,570,793
3567,80,164,81,85
3568,32,91,33,60
3569,490,945,491,456
3570,11,35,12,25
3571,230,588,231,359
3572,14,358,15,345
3573,7,162,8,156
3574,6,135,7,130
3575,27,51,28,25
3576,593,1169,594,577
3577,40,279,41,240
3578,30337,44656,30338,14320
3579,57,283,58,227
3580,48,172,49,125
3581,488,893,489,406
3582,1,3,2,3
3583,1,5,2,5
3584,103,514,104,412
3585,37,81,38,45
3586,46,108,47,63
3587,104,334,105,231
3588,87,219,88,133
3589,9,28,10,20
3590,52,270,53,219
3591,969,2818,970,1850
3592,43,95,44,53
3593,223,4268,224,4046
3594,510,1306,511,797
3595,7,58,8,52
3596,57,316,58,260
3597,78,382,79,305
3598,532,1114,533,583
3599,268,507,269,240
3600,76,417,77,342
3601,7,31,8,25
3602,30,173,31,144
3603,4,23,5,20
3604,285,507,286,223
3605,56,199,57,144
3606,618,912,619,295
3607,2,14,3,13
3608,2458,5583,2459,3126
3609,32,64,33,33
3610,9,95,10,87
3611,36,146,37,111
3612,67,140,68,74
3613,185,325,186,141
3614,573,1960,574,1388
3615,811,2757,812,1947
3616,216,1450,217,1235
3617,2707,8249,2708,5543
3618,826,2032,827,1207
3619,82,255,83,174
3620,69,225,70,157
3621,189,345,190,157
3622,162,335,163,174
3623,4875,18337,4876,13463
3624,3365,9095,3366,5731
3625,27,61,28,35
3626,75,269,76,195
3627,350,704,351,355
3628,132,298,133,167
3629,1740,2358,1741,619
3630,11,63,12,53
3631,10,39,11,30
3632,254,416,255,163
3633,1173,2834,1174,1662
3634,664,887,665,224
3635,2014,4354,2015,2341
3636,11,47,12,37
3637,124,199,125,76
3638,1405,4755,1406,3351
3639,1692,3968,1693,2277
3640,33,117,34,85
3641,35,82,36,48
3642,11,43,12,33
3643,108,268,109,161
3644,20,59,21,40
3645,234,346,235,113
3646,429,2986,430,2558
3647,1,10,2,10
3648,16,85,17,70
3649,397,1340,398,944
3650,8,45,9,38
3651,7,35,8,29
3652,50,193,51,144
3653,440,694,441,255
3654,2058,3332,2059,1275
3655,185,349,186,165
3656,4,31,5,28
3657,13,41,14,29
3658,219,405,220,187
3659,78,163,79,86
3662,41,316,42,276
3663,23,223,24,201
3664,19,213,20,195
3665,13,163,14,151
3666,8,106,9,99
3667,7,117,8,111
3668,1448,2664,1449,1217
3669,52,379,53,328
3670,40,93,41,54
3671,7205,11320,7206,4116
3672,180,790,181,611
3673,36,224,37,189
3674,37,199,38,163
3675,1186,1928,1187,743
3676,1910,3350,1911,1441
3677,1306,1762,1307,457
3678,248,421,249,174
3679,284,420,285,137
3680,188,308,189,121
3681,4015,5597,4016,1583
3682,771,1515,772,745
3683,3812,5323,3813,1512
3684,682,1725,683,1044
3685,1144,2129,1145,986
3686,1222,3766,1223,2545
3687,36,87,37,52
3688,482,2278,483,1797
3689,81,865,82,785
3690,60,728,61,669
3691,24,201,25,178
3692,50,322,51,273
3693,316,1157,317,842
3694,50,385,51,336
3695,37,319,38,283
3696,154,489,155,336
3697,1194,5610,1195,4417
3698,2264,7027,2265,4764
3699,1703,3980,1704,2278
3700,539,996,540,458
3701,682,2155,683,1474
3702,4747,9816,4748,5070
3703,5411,9732,5412,4322
3704,1691,5811,1692,4121
3705,323,2046,324,1724
3706,1467,2817,1468,1351
3707,455,1714,456,1260
3708,336,1397,337,1062
3709,70,658,71,589
3710,48,734,49,687
3711,45,139,46,95
3712,512,1383,513,872
3713,224,364,225,141
3714,57,207,58,151
3715,43,280,44,238
3716,16,201,17,186
3717,3455,11448,3456,7994
3718,165,371,166,207
3719,96,288,97,193
3720,310,569,311,260
3721,18,103,19,86
3722,6,54,7,49
3723,976,1894,977,919
3724,463,791,464,329
3725,130,376,131,247
3726,482,1067,483,586
3727,606,1173,607,568
3728,507,786,508,280
3729,417,1159,418,743
3730,3305,4531,3306,1227
3731,101,222,102,122
3732,124,430,125,307
3733,956,1464,957,509
3734,169,307,170,139
3735,2956,4385,2957,1430
3736,479,680,480,202
3737,128,193,129,66
3738,173,410,174,238
3739,299,436,300,138
3740,2550,5497,2551,2948
3741,1784,2532,1785,749
3742,1260,1975,1261,716
3743,127,613,128,487
3744,971,4164,972,3194
3745,2077,5695,2078,3619
3746,227,346,228,120
3747,408,755,409,348
3748,13,29,14,17
3749,51,118,52,68
3750,1,4,2,4
3751,8893,18762,8894,9870
3752,2708,10198,2709,7491
3753,7016,15170,7017,8155
3754,192,1571,193,1380
3755,3031,10753,3032,7723
3756,63,231,64,169
3757,27,118,28,92
3758,95,376,96,282
3759,64,202,65,139
3760,646,1435,647,790
3761,232,433,233,202
3762,4,15,5,12
3763,1351,3094,1352,1744
3764,147,928,148,782
3765,81,307,82,227
3766,83,731,84,649
3767,31,423,32,393
3768,30,341,31,312
3769,285,680,286,396
3770,483,1208,484,726
3771,238,561,239,324
3772,5,44,6,40
3773,149,649,150,501
3774,23,303,24,281
3775,47,131,48,85
3776,51,152,52,102
3777,45,180,46,136
3778,10,26,11,17
3779,2,13,3,12
3780,25,121,26,97
3781,22,104,23,83
3782,27,140,28,114
3783,1195,1957,1196,763
3784,491,1602,492,1112
3785,2478,11473,2479,8996
3786,888,1959,889,1072
3787,306,461,307,156
3788,1325,2054,1326,730
3789,451,622,452,172
3790,120,271,121,152
3791,1045,3603,1046,2559
3792,121,252,122,132
3793,15752,32584,15753,16833
3794,333,763,334,431
3795,119,244,120,126
3796,51,150,52,100
3797,27,248,28,222
3798,2158,6366,2159,4209
3799,120,1144,121,1025
3800,18,62,19,45
3801,1468,1958,1469,491
3802,185,1425,186,1241
3803,16,39,17,24
3804,20,134,21,115
3805,43,126,44,84
3806,48,176,49,129
3807,143,419,144,277
3808,177,253,178,77
3809,2411,5678,2412,3268
3810,69,307,70,239
3811,1224,1661,1225,438
3812,992,2077,993,1086
3813,280,594,281,315
3814,1285,1839,1286,555
3816,189,274,190,86
3817,28,75,29,48
3818,5,43,6,39
3819,1331,1743,1332,413
3820,19,193,20,175
3821,396,3432,397,3037
3822,406,634,407,229
3823,202,371,203,170
3824,207,1453,208,1247
3825,1051,5151,1052,4101
3826,936,7573,937,6638
3827,1487,5403,1488,3917
3828,3,6,4,4
3829,13,42,14,30
3830,93,329,94,237
3831,833,1481,834,649
3832,101,218,102,118
3833,50,316,51,267
3834,86,478,87,393
3835,134,863,135,730
3836,1269,2093,1270,825
3837,117,429,118,313
3838,37,237,38,201
3839,42,214,43,173
3840,111,576,112,466
3841,269,1584,270,1316
3843,111,402,112,292
3844,1607,3206,1608,1600
3845,70,195,71,126
3846,111,403,112,293
3847,36,179,37,144
3848,22,97,23,76
3849,163,278,164,116
3850,6,41,7,36
3851,229,387,230,159
3852,787,1706,788,920
3853,15,48,16,34
3854,170,287,171,118
3855,199,339,200,141
3856,0,6,1,7
3857,138,718,139,581
3858,240,779,241,540
3859,239,398,240,160
3860,19,63,20,45
3861,882,2851,883,1970
3862,89,266,90,178
3863,2491,8429,2492,5939
3864,234,1298,235,1065
3865,353,919,354,567
3866,6,27,7,22
3867,17,79,18,63
3868,4466,8286,4467,3821
3869,1634,4994,1635,3361
3870,97,193,98,97
3871,1067,1761,1068,695
3872,286,481,287,196
3873,649,1233,650,585
3874,37,101,38,65
3875,61,148,62,88
3876,14,52,15,39
3877,71,1148,72,1078
3878,14,60,15,47
3879,317,1380,318,1064
3880,51,100,52,50
3881,42,61,43,20
3882,1633,5467,1634,3835
3883,10,55,11,46
3884,27,234,28,208
3885,79,189,80,111
3886,67,189,68,123
3887,6,25,7,20
3888,19,57,20,39
3889,194,1252,195,1059
3890,0,8,1,9
3891,1,29,2,29
3892,77,330,78,254
3893,1567,4382,1568,2816
3894,85,146,86,62
3895,106,768,107,663
3896,612,1547,613,936
3897,12386,19887,12387,7502
3898,80,426,81,347
3899,8,56,9,49
3900,35,141,36,107
3901,186,709,187,524
3902,24,84,25,61
3903,101,231,102,131
3904,0,8,1,9
3905,54,132,55,79
3906,136,447,137,312
3907,5,18,6,14
3908,103,1098,104,996
3909,140,613,141,474
3910,2771,4278,2772,1508
3911,6769,10677,6770,3909
3912,47,250,48,204
3913,50,114,51,65
3914,158,329,159,172
3915,358,749,359,392
3916,5591,9392,5592,3802
3917,1246,2960,1247,1715
3918,394,1371,395,978
3919,107,763,108,657
3920,181,338,182,158
3921,22,145,23,124
3922,16,112,17,97
3923,48,327,49,280
3924,21,80,22,60
3925,826,1252,827,427
3926,180,516,181,337
3927,691,1592,692,902
3928,428,916,429,489
3929,451,679,452,229
3930,391,1082,392,692
3931,14,172,15,159
3932,741,1468,742,728
3933,18,137,19,120
3934,20,82,21,63
3936,256,522,257,267
3937,125,612,126,488
3938,18,200,19,183
3939,13,154,14,142
3940,7,106,8,100
3941,9,114,10,106
3942,9,116,10,108
3943,270,724,271,455
3944,11,76,12,66
3945,66,486,67,421
3946,114,1132,115,1019
3947,359,723,360,365
3948,8295,20058,8296,11764
3949,15603,22066,15604,6464
3950,610,1301,611,692
3951,112,195,113,84
3952,1337,2394,1338,1058
3953,145,1302,146,1158
3954,10,46,11,37
3955,153,1003,154,851
3956,71,560,72,490
3957,173,582,174,410
3958,10,132,11,123
3959,1548,2785,1549,1238
3960,36,151,37,116
3961,43,498,44,456
3962,6,266,7,261
3963,195,469,196,275
3964,336,710,337,375
3965,129,237,130,109
3966,238,435,239,198
3967,5411,8973,5412,3563
3968,1036,4747,1037,3712
3969,2785,6470,2786,3686
3970,128,292,129,165
3971,57,148,58,92
3972,1727,2925,1728,1199
3973,149,1424,150,1276
3974,42,290,43,249
3975,45,472,46,428
3976,14,63,15,50
3977,3594,17923,3595,14330
3978,1027,2998,1028,1972
3979,604,4035,605,3432
3980,2003,3852,2004,1850
3981,648,3622,649,2975
3982,93,188,94,96
3983,2050,2788,2051,739
3984,2058,4650,2059,2593
3985,335,718,336,384
3986,1278,5343,1279,4066
3987,437,1735,438,1299
3988,1931,7556,1932,5626
3989,393,552,394,160
3990,137,747,138,611
3991,217,1808,218,1592
3992,557,1061,558,505
3993,1337,2643,1338,1307
3994,7510,16557,7511,9048
3995,12,29,13,18
3996,17842,27905,17843,10064
3997,201,2135,202,1935
3998,719,2342,720,1624
3999,737,3325,738,2589
4000,265,614,266,350
4001,27,151,28,125
4002,3734,7291,3735,3558
4003,171,787,172,617
4004,8,22,9,15
4005,722,2192,723,1471
4006,1099,2623,1100,1525
4007,2983,5266,2984,2284
4008,1694,3898,1695,2205
4009,362,779,363,418
4010,468,1776,469,1309
4011,18531,25101,18532,6571
4012,90,529,91,440
4013,3,36,4,34
4014,6986,12718,6987,5733
4015,1023,6162,1024,5140
4016,4292,8214,4293,3923
4017,997,2028,998,1032
4018,3404,11573,3405,8170
4019,3379,6239,3380,2861
4020,1016,2693,1017,1678
4021,559,944,560,386
4022,13359,25024,13360,11666
4023,2033,5087,2034,3055
4024,294,606,295,313
4025,3559,12401,3560,8843
4026,17,56,18,40
4027,15270,23259,15271,7990
4028,181,334,182,154
4029,1320,2741,1321,1422
4030,200,1210,201,1011
4031,246,990,247,745
4032,28,78,29,51
4033,1904,3352,1905,1449
4034,10384,17023,10385,6640
4035,117,304,118,188
4036,1070,2379,1071,1310
4037,1314,1919,1315,606
4038,40,125,41,86
4039,832,2335,833,1504
4040,306,1847,307,1542
4041,1682,3517,1683,1836
4042,228,589,229,362
4043,181,376,182,196
4044,4,59,5,56
4045,47,137,48,91
4046,184,305,185,122
4047,966,1535,967,570
4048,19,58,20,40
4049,41,84,42,44
4050,9,47,10,39
4051,5,63,6,59
4052,585,1917,586,1333
4053,68,309,69,242
4054,1182,3411,1183,2230
4055,349,718,350,370
4056,627,1608,628,982
4057,4,15,5,12
4058,10,21,11,12
4059,4,18,5,15
4060,21,85,22,65
4061,537,1127,538,591
4062,725,1958,726,1234
4063,124,605,125,482
4064,70,191,71,122
4065,86,243,87,158
4066,449,1035,450,587
4067,294,827,295,534
4068,160,727,161,568
4069,1125,5015,1126,3891
4070,11,33,12,23
4071,1,3,2,3
4072,69,135,70,67
4073,15,92,16,78
4074,34,77,35,44
4075,1,7,2,7
4076,10,32,11,23
4077,363,680,364,318
4078,40,118,41,79
4079,334,822,335,489
4080,205,729,206,525
4081,32,222,33,191
4082,346,773,347,428
4083,48,140,49,93
4084,1214,4508,1215,3295
4085,5585,11508,5586,5924
4086,681,1344,682,664
4087,5,56,6,52
4088,6,38,7,33
4089,89,481,90,393
4090,625,1464,626,840
4091,463,1371,464,909
4092,77,457,78,381
4093,21,97,22,77
4094,5,86,6,82
4095,380,613,381,234
4096,6,45,7,40
4097,34,141,35,108
4098,147,256,148,110
4099,11,51,12,41
4100,14,208,15,195
4101,13,38,14,26
4102,1237,2174,1238,938
4103,2090,3404,2091,1315
4104,114,1015,115,902
4105,3397,6068,3398,2672
4106,39,137,40,99
4107,19,45,20,27
4108,34,97,35,64
4109,62,435,63,374
4110,49,196,50,148
4111,73,218,74,146
4112,3,36,4,34
4113,113,216,114,104
4114,17,43,18,27
4115,36,168,37,133
4116,265,473,266,209
4117,819,1184,820,366
4118,17,87,18,71
4119,127,207,128,81
4120,6,48,7,43
4121,999,3008,1000,2010
4122,67,222,68,156
4123,41,502,42,462
4124,68,1223,69,1156
4125,20,428,21,409
4126,159,592,160,434
4127,23,303,24,281
4128,2811,5832,2812,3022
4129,45,156,46,112
4130,37,434,38,398
4131,53,278,54,226
4132,305,1734,306,1430
4133,162,1341,163,1180
4134,1,17,2,17
4135,192,575,193,384
4136,41,66,42,26
4137,9,78,10,70
4138,9,108,10,100
4139,30,74,31,45
4140,28,81,29,54
4141,151,551,152,401
4142,84,479,85,396
4143,58,679,59,622
4144,2047,2824,2048,778
4145,4,22,5,19
4146,165,532,166,368
4147,63,139,64,77
4148,3140,9079,3141,5940
4149,450,2159,451,1710
4150,2,24,3,23
4151,198,368,199,171
4152,82,192,83,111
4153,186,864,187,679
4154,95,386,96,292
4155,530,1699,531,1170
4156,10,61,11,52
4157,22,68,23,47
4158,114,962,115,849
4159,313,1530,314,1218
4160,185,318,186,134
4161,1194,4590,1195,3397
4162,34,197,35,164
4163,7,37,8,31
4164,58,247,59,190
4165,33,72,34,40
4166,312,605,313,294
4167,404,1640,405,1237
4168,149,561,150,413
4169,116,302,117,187
4170,2,14,3,13
4171,15,28,16,14
4172,9,21,10,13
4173,16,46,17,31
4174,384,663,385,280
4175,119,244,120,126
4176,52,103,53,52
4177,38,155,39,118
4178,562,910,563,349
4179,130,187,131,58
4180,17,63,18,47
4181,79,233,80,155
4182,13,68,14,56
4183,175,272,176,98
4184,366,622,367,257
4185,54,105,55,52
4186,195,394,196,200
4187,547,800,548,254
4188,177,358,178,182
4189,92,228,93,137
4190,349,527,350,179
4191,376,712,377,337
4192,19,72,20,54
4193,25,82,26,58
4194,165,255,166,91
4195,224,484,225,261
4196,12,68,13,57
4197,102,182,103,81
4198,41,288,42,248
4199,16,176,17,161
4200,61,652,62,592
4201,45,167,46,123
4202,3,25,4,23
4203,123,656,124,534
4204,11,139,12,129
4205,342,1165,343,824
4206,66,209,67,144
4207,171,991,172,821
4208,43,87,44,45
4209,19,131,20,113
4210,984,2004,985,1021
4211,717,1165,718,449
4212,280,615,281,336
4213,38,371,39,334
4214,1026,3243,1027,2218
4215,69,1006,70,938
4216,276,432,277,157
4217,209,305,210,97
4218,482,849,483,368
4219,134,473,135,340
4220,535,1143,536,609
4221,94,521,95,428
4222,44,310,45,267
4223,5056,9000,5057,3945
4224,142,809,143,668
4225,981,1687,982,707
4226,31853,41195,31854,9343
4227,64,163,65,100
4228,434,1734,435,1301
4229,67,493,68,427
4230,5,14,6,10
4231,330,1098,331,769
4232,1177,5236,1178,4060
4233,97,669,98,573
4234,362,1516,363,1155
4235,4589,6341,4590,1753
4236,50,128,51,79
4237,166,265,167,100
4238,1065,3222,1066,2158
4239,5086,9009,5087,3924
4240,87,419,88,333
4241,58,640,59,583
4242,67,201,68,135
4243,49,92,50,44
4244,29,65,30,37
4245,33,76,34,44
4246,6423,15098,6424,8676
4247,507,2603,508,2097
4248,242,1400,243,1159
4249,10,80,11,71
4250,40,155,41,116
4251,386,825,387,440
4252,56,130,57,75
4253,16,47,17,32
4254,155,1770,156,1616
4255,268,1721,269,1454
4256,83,228,84,146
4257,1,14,2,14
4258,4,21,5,18
4259,108,279,109,172
4260,12,38,13,27
4261,26,50,27,25
4262,9998,14900,9999,4903
4263,418,608,419,191
4265,144,1213,145,1070
4266,42,269,43,228
4267,203,992,204,790
4268,12,215,13,204
4269,3,15,4,13
4270,2800,10760,2801,7961
4271,61,99,62,39
4272,84,143,85,60
4273,185,336,186,152
4274,242,580,243,339
4275,279,1202,280,924
4276,375,711,376,337
4277,123,337,124,215
4278,381,600,382,220
4279,111,248,112,138
4280,1274,2596,1275,1323
4281,21,68,22,48
4282,160,386,161,227
4283,138,249,139,112
4284,38,145,39,108
4285,260,835,261,576
4286,45,107,46,63
4287,32,128,33,97
4288,18,74,19,57
4289,46,116,47,71
4290,71,331,72,261
4291,734,2002,735,1269
4292,635,1122,636,488
4293,125,585,126,461
4294,163,336,164,174
4295,7,51,8,45
4296,335,973,336,639
4297,218,347,219,130
4298,663,900,664,238
4299,3048,7804,3049,4757
4300,77,178,78,102
4301,34,75,35,42
4302,26,65,27,40
4303,24,59,25,36
4304,559,970,560,412
4305,158,898,159,741
4306,25062,42303,25063,17242
4307,17,49,18,33
4308,7288,14239,7289,6952
4309,3,10,4,8
4310,2792,11065,2793,8274
4311,2,16,3,15
4312,211,300,212,90
4313,67,278,68,212
4314,26,58,27,33
4315,2,21,3,20
4316,63,272,64,210
4317,163,959,164,797
4318,246,754,247,509
4319,19,64,20,46
4320,24,106,25,83
4321,2530,6766,2531,4237
4322,999,1713,1000,715
4323,102,208,103,107
4324,21,60,22,40
4325,238,339,239,102
4326,2551,3975,2552,1425
4327,2727,4107,2728,1381
4328,32,143,33,112
4329,902,1397,903,496
4330,85,142,86,58
4331,61,217,62,157
4332,149,362,150,214
4333,528,2250,529,1723
4334,469,695,470,227
4335,33,97,34,65
4336,267,512,268,246
4337,246,438,247,193
4338,427,633,428,207
4339,326,642,327,317
4340,191,2043,192,1853
4341,66,395,67,330
4342,110,194,111,85
4343,1260,5696,1261,4437
4344,2049,7163,2050,5115
4345,440,926,441,487
4346,4,25,5,22
4347,139,217,140,79
4348,16,33,17,18
4349,756,1379,757,624
4350,211,374,212,164
4351,1566,4098,1567,2533
4352,70,202,71,133
4353,102,326,103,225
4354,115,522,116,408
4355,93,406,94,314
4356,796,1454,797,659
4357,430,831,431,402
4358,6,29,7,24
4359,826,1469,827,644
4360,93,223,94,131
4361,4323,7966,4324,3644
4362,10,45,11,36
4363,20,62,21,43
4364,1,8,2,8
4365,4,16,5,13
4366,1390,3825,1391,2436
4367,1737,9237,1738,7501
4368,280,2175,281,1896
4369,2631,9653,2632,7023
4370,5168,13924,5169,8757
4371,88,324,89,237
4372,357,1280,358,924
4373,105,517,106,413
4374,1,17,2,17
4375,23,56,24,34
4376,39,70,40,32
4377,7,28,8,22
4378,1469,2760,1470,1292
4379,3,24,4,22
4380,623,999,624,377
4381,417,698,418,282
4382,14,33,15,20
4383,417,1038,418,622
4384,62,114,63,53
4385,6,16,7,11
4386,398,2460,399,2063
4387,594,1665,595,1072
4388,685,4797,686,4113
4389,155,402,156,248
4390,71,378,72,308
4391,76,149,77,74
4392,150,404,151,255
4393,145,272,146,128
4394,47,249,48,203
4395,107,165,108,59
4396,361,1614,362,1254
4397,59,580,60,522
4398,13,233,14,221
4399,85,179,86,95
4400,17,61,18,45
4401,103,252,104,150
4402,7,72,8,66
4403,118,316,119,199
4404,202,332,203,131
4405,198,313,199,116
4406,1348,1990,1349,643
4407,444,749,445,306
4408,39,153,40,115
4409,81,359,82,279
4410,419,813,420,395
4411,173,376,174,204
4412,10,143,11,134
4413,5,49,6,45
4414,84,242,85,159
4415,129,461,130,333
4416,66,149,67,84
4417,31,123,32,93
4418,14,63,15,50
4419,209,338,210,130
4420,72,198,73,127
4421,5,37,6,33
4422,550,780,551,231
4423,81,130,82,50
4424,712,1054,713,343
4425,10,198,11,189
4426,365,542,366,178
4427,1182,1625,1183,444
4428,160,318,161,159
4429,212,425,213,214
4430,13,93,14,81
4431,22,47,23,26
4432,665,913,666,249
4433,122,219,123,98
4434,43,112,44,70
4435,22,50,23,29
4436,75,181,76,107
4437,824,1522,825,699
4438,277,485,278,209
4439,160,305,161,146
4440,250,515,251,266
4441,103,302,104,200
4442,96,301,97,206
4443,389,1024,390,636
4444,401,696,402,296
4445,14,108,15,95
4446,2127,6974,2128,4848
4447,4141,12499,4142,8359
4448,1941,4546,1942,2606
4449,9,25,10,17
4450,402,900,403,499
4451,43,94,44,52
4452,361,993,362,633
4453,53,150,54,98
4454,171,260,172,90
4455,2,9,3,8
4456,5,18,6,14
4457,2,5,3,4
4458,117,181,118,65
4459,43,79,44,37
4460,6,27,7,22
4461,6,29,7,24
4462,41,287,42,247
4463,16,126,17,111
4464,535,1239,536,705
4465,917,1654,918,738
4466,126,668,127,543
4467,1750,3399,1751,1650
4468,94,186,95,93
4469,26,64,27,39
4470,146,260,147,115
4471,24,421,25,398
4472,15,83,16,69
4473,108,308,109,201
4474,481,1315,482,835
4475,83,180,84,98
4476,86,351,87,266
4477,100,800,101,701
4478,383,1038,384,656
4479,169,336,170,168
4480,147,840,148,694
4481,22,74,23,53
4482,37,318,38,282
4483,54,702,55,649
4484,124,235,125,112
4485,24,264,25,241
4486,100,283,101,184
4487,445,2357,446,1913
4488,372,1039,373,668
4489,2481,5616,2482,3136
4490,14,138,15,125
4491,18,57,19,40
4492,150,865,151,716
4493,43,382,44,340
4494,22,272,23,251
4495,291,529,292,239
4496,177,551,178,375
4497,30,190,31,161
4498,275,980,276,706
4499,2281,4211,2282,1931
4500,227,359,228,133
4501,104,449,105,346
4502,57,731,58,675
4503,27,141,28,115
4504,22,207,23,186
4505,28,161,29,134
4506,406,1115,407,710
4507,2,50,3,49
4508,597,1373,598,777
4509,353,979,354,627
4510,9,62,10,54
4511,26,185,27,160
4512,8,147,9,140
4513,13,69,14,57
4514,9,130,10,122
4515,256,425,257,170
4516,19,271,20,253
4517,129,305,130,177
4518,145,539,146,395
4519,937,2437,938,1501
4520,81,527,82,447
4521,51,177,52,127
4522,58,150,59,93
4523,251,478,252,228
4524,65,321,66,257
4525,31,133,32,103
4526,99,966,100,868
4527,4,155,5,152
4528,10,55,11,46
4529,364,662,365,299
4530,15,66,16,52
4531,151,1024,152,874
4532,99,416,100,318
4533,582,1327,583,746
4534,102,258,103,157
4535,607,1036,608,430
4536,19,50,20,32
4537,287,523,288,237
4538,24,48,25,25
4539,1,37,2,37
4540,15,124,16,110
4541,262,819,263,558
4542,5,49,6,45
4543,94,281,95,188
4544,232,1566,233,1335
4545,1113,3642,1114,2530
4546,1067,1525,1068,459
4547,27,90,28,64
4548,10,57,11,48
4549,4,36,5,33
4550,11,82,12,72
4551,1,38,2,38
4552,280,586,281,307
4553,1187,2405,1188,1219
4554,6,21,7,16
4555,249,410,250,162
4556,10,53,11,44
4557,376,893,377,518
4558,592,3334,593,2743
4559,37,352,38,316
4560,15,136,16,122
4561,53,232,54,180
4562,152,346,153,195
4563,118,817,119,700
4564,364,1067,365,704
4565,63,578,64,516
4566,23,270,24,248
4567,15,182,16,168
4568,81,302,82,222
4569,18,133,19,116
4570,112,288,113,177
4571,3629,8989,3630,5361
4572,296,1194,297,899
4573,54,182,55,129
4574,75,375,76,301
4575,23,68,24,46
4576,8,84,9,77
4577,279,743,280,465
4578,149,431,150,283
4579,11,61,12,51
4580,50,580,51,531
4581,36,124,37,89
4582,9,80,10,72
4583,24,92,25,69
4584,53,252,54,200
4585,123,457,124,335
4586,58,119,59,62
4587,270,1482,271,1213
4588,15,130,16,116
4589,162,489,163,328
4590,73,124,74,52
4591,192,539,193,348
4592,7,72,8,66
4593,35,284,36,250
4594,11,61,12,51
4595,116,298,117,183
4596,8,35,9,28
4597,48,301,49,254
4598,14,130,15,117
4599,119,582,120,464
4600,84,319,85,236
4601,26,60,27,35
4602,100,472,101,373
4603,50,393,51,344
4604,0,19,1,20
4605,224,433,225,210
4606,12,53,13,42
4607,27,77,28,51
4608,36,133,37,98
4609,38,121,39,84
4610,50,246,51,197
4611,18,150,19,133
4612,342,534,343,193
4613,118,843,119,726
4614,167,754,168,588
4615,87,196,88,110
4616,885,1598,886,714
4617,81,225,82,145
4618,83,636,84,554
4619,70,409,71,340
4620,48,270,49,223
4621,548,3647,549,3100
4622,60,288,61,229
4623,1639,3720,1640,2082
4624,361,840,362,480
4625,55,334,56,280
4626,154,321,155,168
4627,68,185,69,118
4628,210,645,211,436
4629,35,307,36,273
4630,19,200,20,182
4631,6,51,7,46
4632,58,205,59,148
4633,90,255,91,166
4634,75,229,76,155
4635,20,372,21,353
4636,64,654,65,591
4637,13,207,14,195
4638,1576,9132,1577,7557
4639,819,3935,820,3117
4640,324,625,325,302
4641,4000,6794,4001,2795
4642,1595,2556,1596,962
4643,1844,10163,1845,8320
4644,337,556,338,220
4645,125,274,126,150
4646,207,381,208,175
4647,3,29,4,27
4648,3,19,4,17
4649,490,1132,491,643
4650,8,59,9,52
4651,3,61,4,59
4652,15,211,16,197
4653,29,102,30,74
4654,280,1294,281,1015
4655,90,165,91,76
4656,15,37,16,23
4657,8,80,9,73
4658,291,472,292,182
4659,57,183,58,127
4660,24,85,25,62
4661,474,1107,475,634
4662,268,878,269,611
4663,24,186,25,163
4664,238,445,239,208
4665,39,315,40,277
4666,21,163,22,143
4667,11,42,12,32
4668,20,47,21,28
4669,14,142,15,129
4670,129,378,130,250
4671,45,114,46,70
4672,134,321,135,188
4673,370,2169,371,1800
4674,17,79,18,63
4675,76,447,77,372
4676,98,766,99,669
4677,485,2623,486,2139
4678,851,1819,852,969
4679,1034,2923,1035,1890
4680,104,305,105,202
4681,674,2145,675,1472
4682,143,668,144,526
4683,86,401,87,316
4684,7,52,8,46
4685,28,199,29,172
4686,83,969,84,887
4687,96,182,97,87
4688,302,528,303,227
4689,26,113,27,88
4690,163,560,164,398
4691,15,100,16,86
4692,75,329,76,255
4693,9,29,10,21
4694,18,52,19,35
4695,57,110,58,54
4696,101,388,102,288
4697,86,368,87,283
4698,23,51,24,29
4699,215,882,216,668
4700,1742,4970,1743,3229
4701,2665,7722,2666,5058
4702,26,68,27,43
4703,951,1628,952,678
4704,158,331,159,174
4705,526,830,527,305
4706,50,152,51,103
4707,16,55,17,40
4708,110,191,111,82
4709,204,545,205,342
4710,393,695,394,303
4711,138,237,139,100
4712,84,149,85,66
4713,738,1643,739,906
4714,92,549,93,458
4715,27,108,28,82
4716,52,121,53,70
4717,29,117,30,89
4718,2726,10628,2727,7903
4719,268,1388,269,1121
4720,7366,13208,7367,5843
4721,113,422,114,310
4722,81,174,82,94
4723,375,753,376,379
4724,25,54,26,30
4725,495,1252,496,758
4726,5,14,6,10
4727,223,1053,224,831
4728,1213,4108,1214,2896
4729,67,134,68,68
4731,68,132,69,65
4732,188,994,189,807
4733,409,1275,410,867
4734,2845,7341,2846,4497
4735,149,1436,150,1288
4736,81,544,82,464
4737,81,161,82,81
4738,263,503,264,241
4739,7,38,8,32
4740,34,117,35,84
4741,620,986,621,367
4742,1,8,2,8
4743,221,496,222,276
4744,509,2514,510,2006
4745,265,876,266,612
4746,9,75,10,67
4747,6,21,7,16
4748,124,992,125,869
4749,41,583,42,543
4750,35,434,36,400
4751,21,79,22,59
4752,36,157,37,122
4753,25,134,26,110
4754,1117,1963,1118,847
4755,50,113,51,64
4756,113,711,114,599
4757,325,1358,326,1034
4758,34,267,35,234
4759,34,135,35,102
4760,6,20,7,15
4761,67,125,68,59
4762,1,4,2,4
4763,21,54,22,34
4764,16,58,17,43
4765,268,484,269,217
4766,40,116,41,77
4767,115,369,116,255
4768,97,171,98,75
4769,147,218,148,72
4770,183,989,184,807
4771,143,490,144,348
4772,141,244,142,104
4773,53,171,54,119
4774,207,606,208,400
4775,11,669,12,659
4776,6207,11099,6208,4893
4777,62,135,63,74
4778,45,66,46,22
4779,59,116,60,58
4780,49,120,50,72
4781,9,75,10,67
4782,134,435,135,302
4783,437,615,438,179
4784,403,749,404,347
4785,107,178,108,72
4786,88,303,89,216
4787,570,1300,571,731
4788,267,418,268,152
4789,164,388,165,225
4790,28,126,29,99
4791,28,72,29,45
4792,135,710,136,576
4793,44,90,45,47
4794,109,249,110,141
4795,360,602,361,243
4796,49,104,50,56
4797,15,59,16,45
4798,215,342,216,128
4799,774,1581,775,808
4800,60,162,61,103
4801,205,309,206,105
4802,355,666,356,312
4803,419,893,420,475
4804,69,157,70,89
4805,43,100,44,58
4806,156,207,157,52
4807,15,133,16,119
4808,183,628,184,446
4809,623,1107,624,485
4810,39,91,40,53
4811,196,414,197,219
4812,141,746,142,606
4813,148,339,149,192
4814,437,1659,438,1223
4815,464,1238,465,775
4816,3960,10947,3961,6988
4817,21,55,22,35
4818,10,42,11,33
4819,41,107,42,67
4820,0,3,1,4
4821,413,1297,414,885
4822,22,229,23,208
4823,1715,4398,1716,2684
4824,62,107,63,46
4825,34,71,35,38
4826,274,607,275,334
4827,9,81,10,73
4828,37,113,38,77
4829,23,80,24,58
4830,227,478,228,252
4831,9,119,10,111
4832,13,59,14,47
4833,318,661,319,344
4834,105,480,106,376
4835,662,1163,663,502
4836,75,171,76,97
4837,57,248,58,192
4838,25,78,26,54
4839,6,79,7,74
4840,137,244,138,108
4841,39,87,40,49
4842,109,248,110,140
4843,3,11,4,9
4844,932,2580,933,1649
4845,72,775,73,704
4846,736,1270,737,535
4847,114,307,115,194
4848,8007,12451,8008,4445
4849,164,338,165,175
4850,68,238,69,171
4851,26,49,27,24
4852,16,210,17,195
4853,13,84,14,72
4854,14,77,15,64
4855,3787,6384,3788,2598
4856,36,68,37,33
4857,2049,3074,2050,1026
4858,25,44,26,20
4859,5,31,6,27
4860,5,53,6,49
4861,23,46,24,24
4862,144,501,145,358
4863,156,267,157,112
4864,35,106,36,72
4865,1805,5065,1806,3261
4866,662,1689,663,1028
4867,382,1549,383,1168
4868,33,112,34,80
4869,37,82,38,46
4870,18,137,19,120
4871,100,228,101,129
4872,68,199,69,132
4873,2395,3719,2396,1325
4874,3941,8299,3942,4359
4875,5,94,6,90
4876,413,2386,414,1974
4877,35,97,36,63
4878,18495,27181,18496,8687
4879,18,92,19,75
4880,1328,2349,1329,1022
4881,2603,4399,2604,1797
4882,1,5,2,5
4883,14,33,15,20
4884,47,107,48,61
4885,92,542,93,451
4886,21715,34572,21716,12858
4887,697,2946,698,2250
4888,357,688,358,332
4889,733,1896,734,1164
4890,1139,6087,1140,4949
4891,1,10,2,10
4892,20,50,21,31
4893,74,249,75,176
4894,22,124,23,103
4895,17,124,18,108
4896,14103,26033,14104,11931
4897,19,114,20,96
4898,151,568,152,418
4899,129,1132,130,1004
4900,90,311,91,222
4901,3125,6160,3126,3036
4902,949,1661,950,713
4903,1398,2474,1399,1077
4904,3,11,4,9
4905,4,18,5,15
4906,1,11,2,11
4907,35,99,36,65
4908,27,82,28,56
4909,57,298,58,242
4910,3,21,4,19
4911,174,688,175,515
4912,427,847,428,421
4913,6,45,7,40
4914,1449,2119,1450,671
4915,184,875,185,692
4916,246,521,247,276
4917,34,114,35,81
4918,88,155,89,68
4919,91,281,92,191
4920,335,493,336,159
4921,307,553,308,247
4922,21,63,22,43
4923,34,77,35,44
4924,11,46,12,36
4925,26,121,27,96
4926,28,67,29,40
4927,136,240,137,105
4928,513,734,514,222
4929,122,704,123,583
4930,89,160,90,72
4931,11,45,12,35
4932,324,723,325,400
4933,14,44,15,31
4934,19,126,20,108
4935,26,47,27,22
4936,461,1173,462,713
4937,9,56,10,48
4938,24,45,25,22
4939,211,552,212,342
4940,10,42,11,33
4941,496,1675,497,1180
4942,12,91,13,80
4943,7,81,8,75
4944,11,134,12,124
4945,273,668,274,396
4946,12,87,13,76
4947,125,441,126,317
4948,2,31,3,30
4949,25,195,26,171
4950,32,204,33,173
4951,419,1231,420,813
4952,14,90,15,77
4953,16,84,17,69
4954,857,1847,858,991
4955,4,64,5,61
4956,401,680,402,280
4957,197,665,198,469
4958,1110,3368,1111,2259
4959,33,149,34,117
4960,26,67,27,42
4961,72,252,73,181
4962,18,112,19,95
4963,19159,31775,19160,12617
4964,61,120,62,60
4965,134,333,135,200
4966,298,606,299,309
4967,1326,1944,1327,619
4968,12,58,13,47
4969,515,797,516,283
4970,669,1005,670,337
4971,185,675,186,491
4972,38,162,39,125
4973,25697,34320,25698,8624
4974,559,2988,560,2430
4975,4734,10922,4735,6189
4976,369,773,370,405
4977,104,232,105,129
4978,831,1345,832,515
4979,9585,15833,9586,6249
4980,913,3781,914,2869
4981,152,402,153,251
4982,20,95,21,76
4983,12,59,13,48
4984,32,61,33,30
4985,7,186,8,180
4986,7,95,8,89
4987,18,193,19,176
4988,14,104,15,91
4989,183,723,184,541
4990,318,1410,319,1093
4991,75,403,76,329
4992,1220,3798,1221,2579
4993,41529,55736,41530,14208
4994,637,1990,638,1354
4995,21551,31760,21552,10210
4996,129,252,130,124
4997,26,82,27,57
4998,203,325,204,123
4999,142,203,143,62
5000,68,139,69,72
5001,114,215,115,102
5002,145,458,146,314
5003,34,169,35,136
5004,522,885,523,364
5005,89,157,90,69
5006,18,61,19,44
5007,180,330,181,151
5008,1592,2045,1593,454
5009,597,2063,598,1467
5010,7413,13454,7414,6042
5011,93,328,94,236
5012,153,559,154,407
5013,3350,6178,3351,2829
5014,1981,4024,1982,2044
5015,2358,5113,2359,2756
5016,551,1385,552,835
5017,487,701,488,215
5018,14,44,15,31
5019,5,21,6,17
5020,6,39,7,34
5021,532,1003,533,472
5022,180,271,181,92
5023,106,220,107,115
5024,33,73,34,41
5025,620,2432,621,1813
5026,1329,2996,1330,1668
5027,163,1288,164,1126
5028,63,146,64,84
5029,25,134,26,110
5030,1,32,2,32
5031,7,34,8,28
5032,2,28,3,27
5033,116,398,117,283
5034,548,886,549,339
5035,41,111,42,71
5036,54,223,55,170
5037,22,51,23,30
5038,131,224,132,94
5039,310,869,311,560
5040,357,1891,358,1535
5041,53,182,54,130
5042,53,116,54,64
5043,4,39,5,36
5044,11,95,12,85
5045,4,67,5,64
5046,190,672,191,483
5047,407,1548,408,1142
5048,81,764,82,684
5049,1716,4161,1717,2446
5050,0,18,1,19
5051,503,946,504,444
5052,1,26,2,26
5053,40,478,41,439
5054,249,644,250,396
5055,735,1761,736,1027
5056,347,529,348,183
5057,14,58,15,45
5058,44,110,45,67
5059,247,367,248,121
5060,8047,11933,8048,3887
5061,33,117,34,85
5062,311,500,312,190
5063,68,169,69,102
5064,3701,6323,3702,2623
5065,804,3008,805,2205
5066,1193,2627,1194,1435
5067,1,11,2,11
5068,55,148,56,94
5069,199,441,200,243
5070,0,7,1,8
5071,78,147,79,70
5072,742,1527,743,786
5073,224,423,225,200
5074,403,904,404,502
5075,88,183,89,96
5076,101,435,102,335
5077,75,257,76,183
5078,48,163,49,116
5079,29,68,30,40
5080,102,495,103,394
5081,158,663,159,506
5082,9,23,10,15
5083,37,70,38,34
5084,7,50,8,44
5085,53,124,54,72
5086,24,69,25,46
5087,54,103,55,50
5088,51,108,52,58
5089,4,27,5,24
5090,62,158,63,97
5091,27,53,28,27
5092,166,974,167,809
5093,203,1794,204,1592
5094,58,921,59,864
5095,186,399,187,214
5096,99,612,100,514
5097,38,87,39,50
5098,21,53,22,33
5099,162,388,163,227
5100,15,92,16,78
5101,173,282,174,110
5102,134,828,135,695
5103,2007,3804,2008,1798
5104,29,53,30,25
5105,593,1043,594,451
5106,80,999,81,920
5107,320,1179,321,860
5108,878,2204,879,1327
5109,88,444,89,357
5110,2047,4020,2048,1974
5111,182,842,183,661
5112,156,290,157,135
5113,21,89,22,69
5114,178,285,179,108
5115,8,35,9,28
5116,18,64,19,47
5117,57,221,58,165
5118,99,210,100,112
5119,121,189,122,69
5120,1004,1458,1005,455
5121,271,389,272,119
5122,185,370,186,186
5123,59,113,60,55
5124,18,45,19,28
5125,132,385,133,254
5126,7,74,8,68
5127,196,822,197,627
5128,335,1841,336,1507
5129,5,34,6,30
5130,9,32,10,24
5131,52,131,53,80
5132,6,14,7,9
5133,8,27,9,20
5134,102,389,103,288
5135,1657,2631,1658,975
5136,12,148,13,137
5137,263,388,264,126
5138,1,12,2,12
5139,557,1328,558,772
5140,13,219,14,207
5141,17,209,18,193
5142,104,189,105,86
5143,27,74,28,48
5144,7,23,8,17
5145,103,171,104,69
5146,885,1589,886,705
5147,1584,2128,1585,545
5148,9,44,10,36
5149,1,17,2,17
5150,9,40,10,32
5151,552,2951,553,2400
5152,1925,3914,1926,1990
5153,35,132,36,98
5154,3,27,4,25
5155,29,90,30,62
5156,6,36,7,31
5157,27,93,28,67
5158,46,91,47,46
5159,379,1305,380,927
5160,7,60,8,54
5161,28,158,29,131
5162,16,70,17,55
5163,32,90,33,59
5164,25,169,26,145
5165,143,372,144,230
5166,6,22,7,17
5167,54,117,55,64
5168,98,220,99,123
5169,177,296,178,120
5170,32,213,33,182
5171,878,4214,879,3337
5172,72,379,73,308
5173,14,50,15,37
5174,41,85,42,45
5175,19,58,20,40
5176,2,14,3,13
5177,454,739,455,286
5178,15,38,16,24
5179,51,147,52,97
5180,37,94,38,58
5181,21,83,22,63
5182,15,68,16,54
5183,5,52,6,48
5184,44,201,45,158
5185,4,56,5,53
5186,10,53,11,44
5187,186,317,187,132
5188,5,47,6,43
5189,22,118,23,97
5190,29,54,30,26
5192,25,106,26,82
5193,52,215,53,164
5194,38,51,39,14
5195,4,57,5,54
5196,30,66,31,37
5197,31,149,32,119
5198,280,463,281,184
5199,101,221,102,121
5200,8,47,9,40
5201,3,37,4,35
5202,83,136,84,54
5203,17,65,18,49
5204,17,46,18,30
5205,53,221,54,169
5206,5,70,6,66
5207,7,43,8,37
5208,40,95,41,56
5210,6,70,7,65
5211,15,163,16,149
5212,10,147,11,138
5213,22,290,23,269
5214,268,870,269,603
5215,17,102,18,86
5216,25,66,26,42
5217,13,68,14,56
5218,8517,18215,8518,9699
5219,2339,7044,2340,4706
5220,194,1403,195,1210
5221,52,137,53,86
5222,631,1445,632,815
5223,46,105,47,60
5224,84,125,85,42
5225,3599,5501,3600,1903
5226,116,474,117,359
5227,35,102,36,68
5228,25,75,26,51
5229,8,29,9,22
5230,60,164,61,105
5231,93,212,94,120
5232,69,160,70,92
5233,44,102,45,59
5234,34,103,35,70
5235,42,181,43,140
5236,43,76,44,34
5237,298,737,299,440
5238,123,224,124,102
5239,19,47,20,29
5240,43,145,44,103
5241,105,281,106,177
5242,14,40,15,27
5243,47,129,48,83
5244,195,328,196,134
5245,22,66,23,45
5246,57,567,58,511
5247,477,1462,478,986
5248,21,349,22,329
5249,23,86,24,64
5250,224,643,225,420
5251,30,84,31,55
5252,10,24,11,15
5253,7,30,8,24
5254,2017,6922,2018,4906
5255,97,554,98,458
5256,31,100,32,70
5257,0,6,1,7
5258,154,290,155,137
5259,11,46,12,36
5260,7,18,8,12
5261,0,9,1,10
5262,16,57,17,42
5263,27,82,28,56
5264,117,750,118,634
5265,676,2020,677,1345
5266,2576,8851,2577,6276
5267,1001,2238,1002,1238
5268,51,161,52,111
5269,559,1079,560,521
5270,3,22,4,20
5271,3,10,4,8
5272,107,224,108,118
5273,7,30,8,24
5274,9,37,10,29
5275,11,96,12,86
5276,51,141,52,91
5277,2,50,3,49
5278,4,53,5,50
5279,169,302,170,134
5280,9,35,10,27
5281,2,25,3,24
5282,264,877,265,614
5283,840,2486,841,1647
5284,46,215,47,170
5285,13,57,14,45
5286,8,43,9,36
5287,79,177,80,99
5288,352,536,353,185
5289,76,121,77,46
5290,43,128,44,86
5291,3604,4721,3605,1118
5292,1076,1966,1077,891
5293,854,2662,855,1809
5294,1438,2675,1439,1238
5295,12,69,13,58
5296,336,1550,337,1215
5297,153,433,154,281
5298,267,799,268,533
5299,5260,12757,5261,7498
5300,288,562,289,275
5301,25,79,26,55
5302,8,51,9,44
5303,437,1852,438,1416
5304,380,559,381,180
5305,47,301,48,255
5306,4,65,5,62
5307,30,160,31,131
5308,597,3216,598,2620
5309,136,1407,137,1272
5310,40,355,41,316
5311,66,228,67,163
5312,325,1497,326,1173
5313,517,3618,518,3102
5314,57,116,58,60
5315,13,78,14,66
5316,432,1062,433,631
5317,5,38,6,34
5318,16,44,17,29
5319,1017,1464,1018,448
5320,2,6,3,5
5321,19,71,20,53
5322,7,37,8,31
5323,112,1153,113,1042
5324,155,680,156,526
5325,573,995,574,423
5326,0,17,1,18
5327,19,58,20,40
5328,25,60,26,36
5329,503,1040,504,538
5330,1,3,2,3
5331,12,67,13,56
5332,21,76,22,56
5333,235,377,236,143
5334,73,470,74,398
5335,61,176,62,116
5336,9,45,10,37
5337,57,273,58,217
5338,3,18,4,16
5339,697,1101,698,405
5340,53,118,54,66
5341,372,643,373,272
5342,2,52,3,51
5343,10,138,11,129
5344,13,79,14,67
5345,18,45,19,28
5346,43,369,44,327
5347,18,128,19,111
5348,118,614,119,497
5349,13241,30010,13242,16770
5350,14,49,15,36
5351,19,67,20,49
5352,120,228,121,109
5353,72,205,73,134
5354,84,212,85,129
5355,15,84,16,70
5356,6,74,7,69
5357,110,337,111,228
5358,92,170,93,79
5359,118,273,119,156
5360,29,117,30,89
5361,117,448,118,332
5362,9,74,10,66
5363,191,925,192,735
5364,751,2100,752,1350
5365,30,83,31,54
5366,10,107,11,98
5367,400,674,401,275
5368,109,162,110,54
5369,3,73,4,71
5370,1,38,2,38
5371,4,28,5,25
5372,103,260,104,158
5373,193,293,194,101
5374,4,56,5,53
5375,63,143,64,81
5376,25,127,26,103
5377,5550,10787,5551,5238
5378,6352,21079,6353,14728
5379,477,870,478,394
5380,1004,1951,1005,948
5381,41,89,42,49
5382,97,619,98,523
5383,170,397,171,228
5384,41,95,42,55
5385,689,1002,690,314
5386,11,45,12,35
5387,183,844,184,662
5388,3128,7591,3129,4464
5389,399,1204,400,806
5390,83,231,84,149
5391,520,995,521,476
5392,108,271,109,164
5393,8,35,9,28
5394,24,73,25,50
5395,49,113,50,65
5396,21,100,22,80
5397,80,274,81,195
5398,185,275,186,91
5399,28,128,29,101
5400,1197,4028,1198,2832
5401,360,1448,361,1089
5402,2,11,3,10
5403,1,12,2,12
5404,308,503,309,196
5405,3,18,4,16
5406,33,98,34,66
5407,5,33,6,29
5408,4,40,5,37
5409,26,153,27,128
5410,389,902,390,514
5411,6,34,7,29
5412,14,93,15,80
5413,13,77,14,65
5414,164,920,165,757
5415,373,1388,374,1016
5416,54,122,55,69
5417,399,609,400,211
5418,19045,28934,19046,9890
5419,387,3119,388,2733
5420,371,1923,372,1553
5421,479,981,480,503
5422,87,230,88,144
5423,76,235,77,160
5424,19,130,20,112
5425,74,171,75,98
5426,27,81,28,55
5427,37,206,38,170
5428,48,315,49,268
5429,14,60,15,47
5430,14,36,15,23
5431,39,149,40,111
5432,4,57,5,54
5433,91,470,92,380
5434,214,380,215,167
5435,148,258,149,111
5436,52,107,53,56
5437,94,345,95,252
5438,106,759,107,654
5439,38,181,39,144
5440,219,401,220,183
5441,1,29,2,29
5442,28,386,29,359
5443,12,256,13,245
5444,3272,6959,3273,3688
5445,16215,30195,16216,13981
5446,1444,2318,1445,875
5447,206,445,207,240
5448,20,224,21,205
5449,878,4348,879,3471
5450,289,602,290,314
5451,142,479,143,338
5452,137,2186,138,2050
5453,95,232,96,138
5454,29,334,30,306
5455,19,82,20,64
5456,16,197,17,182
5457,22,73,23,52
5458,52,434,53,383
5459,3423,14383,3424,10961
5460,131,547,132,417
5461,61,121,62,61
5462,41,384,42,344
5463,873,3695,874,2823
5464,5050,9537,5051,4488
5465,73,145,74,73
5466,76,176,77,101
5467,14,44,15,31
5468,51,161,52,111
5469,9,64,10,56
5470,423,654,424,232
5471,8,140,9,133
5472,208,433,209,226
5473,43,92,44,50
5474,9,65,10,57
5475,531,724,532,194
5476,58,688,59,631
5477,526,951,527,426
5478,195,1620,196,1426
5479,520,1652,521,1133
5480,163,1191,164,1029
5481,2821,10992,2822,8172
5482,20,218,21,199
5483,269,559,270,291
5484,42,87,43,46
5485,177,466,178,290
5486,39,133,40,95
5487,1,33,2,33
5488,30,77,31,48
5489,542,914,543,373
5490,14,95,15,82
5491,13,39,14,27
5492,2,33,3,32
5493,121,342,122,222
5494,24,47,25,24
5495,11,81,12,71
5496,51,97,52,47
5497,148,444,149,297
5498,377,513,378,137
5499,114,338,115,225
5500,1290,2646,1291,1357
5501,62,849,63,788
5502,4848,13776,4849,8929
5503,43,133,44,91
5504,253,1722,254,1470
5505,966,2436,967,1471
5506,241,1077,242,837
5507,1239,5956,1240,4718
5508,745,1515,746,771
5509,31,126,32,96
5510,4,37,5,34
5511,4,27,5,24
5512,13,56,14,44
5513,18,123,19,106
5514,10,23,11,14
5515,294,448,295,155
5516,179,328,180,150
5517,18,75,19,58
5518,24,45,25,22
5519,6,46,7,41
5520,8,29,9,22
5521,43,253,44,211
5522,252,869,253,618
5523,57,764,58,708
5524,329,1436,330,1108
5525,415,618,416,204
5526,107,233,108,127
5527,231,599,232,369
5528,1843,5274,1844,3432
5529,61,488,62,428
5530,289,1555,290,1267
5531,37,224,38,188
5532,22,125,23,104
5533,2,7,3,6
5534,8,36,9,29
5535,8,26,9,19
5536,6,17,7,12
5537,10,35,11,26
5538,50,374,51,325
5539,29,185,30,157
5540,592,1681,593,1090
5541,1097,3347,1098,2251
5542,6,69,7,64
5543,13,179,14,167
5544,389,805,390,417
5545,1,29,2,29
5546,7,166,8,160
5547,0,15,1,16
5548,200,848,201,649
5549,12,56,13,45
5550,16,128,17,113
5551,4,41,5,38
5552,31,105,32,75
5553,248,1000,249,753
5554,3,22,4,20
5555,68,279,69,212
5556,41,616,42,576
5557,4,78,5,75
5558,3,17,4,15
5559,8,53,9,46
5560,98,171,99,74
5561,49,166,50,118
5562,5,23,6,19
5563,125,608,126,484
5564,56,694,57,639
5565,0,3,1,4
5566,1,7,2,7
5567,6,50,7,45
5568,217,654,218,438
5569,133,473,134,341
5570,414,726,415,313
5571,4,16,5,13
5572,496,1626,497,1131
5573,47,506,48,460
5574,2239,5820,2240,3582
5575,30,67,31,38
5576,4,23,5,20
5577,1210,2501,1211,1292
5579,1,18,2,18
5580,22,151,23,130
5581,37,216,38,180
5582,92,702,93,611
5583,8,62,9,55
5584,54,503,55,450
5585,54,481,55,428
5586,2,16,3,15
5587,7,89,8,83
5588,94,421,95,328
5589,71,294,72,224
5590,12,44,13,33
5591,19,152,20,134
5592,3,51,4,49
5593,38,94,39,57
5595,7,57,8,51
5596,24,226,25,203
5597,18,300,19,283
5598,18,196,19,179
5599,46,84,47,39
5600,59,159,60,101
5601,118,226,119,109
5602,596,1045,597,450
5603,458,680,459,223
5604,262,437,263,176
5605,140,238,141,99
5606,74,192,75,119
5607,187,307,188,121
5608,1442,2286,1443,845
5609,42,678,43,637
5610,119,766,120,648
5611,194,724,195,531
5612,81,396,82,316
5613,399,881,400,483
5614,47,95,48,49
5615,34,112,35,79
5616,1,7,2,7
5617,2769,4924,2770,2156
5618,18134,22719,18135,4586
5619,90,180,91,91
5620,1480,4524,1481,3045
5621,290,2206,291,1917
5622,24,48,25,25
5623,1,16,2,16
5624,4,36,5,33
5625,224,556,225,333
5626,9,19,10,11
5627,17,34,18,18
5628,320,817,321,498
5629,120,338,121,219
5630,3220,7091,3221,3872
5631,2,21,3,20
5632,367,633,368,267
5633,229,518,230,290
5634,6,28,7,23
5635,70,189,71,120
5636,59,270,60,212
5637,270,448,271,179
5638,119,435,120,317
5639,19,119,20,101
5640,132,338,133,207
5641,30,72,31,43
5642,207,353,208,147
5643,214,379,215,166
5644,276,449,277,174
5645,18,71,19,54
5646,247,508,248,262
5647,13,211,14,199
5649,371,762,372,392
5650,741,1495,742,755
5651,120,421,121,302
5652,8,55,9,48
5653,128,283,129,156
5654,2,15,3,14
5655,19,152,20,134
5656,15,43,16,29
5657,31,156,32,126
5658,4,51,5,48
5659,21,52,22,32
5660,79,144,80,66
5661,1,25,2,25
5662,64,123,65,60
5663,83,374,84,292
5664,53,191,54,139
5665,90,501,91,412
5666,531,1403,532,873
5667,235,759,236,525
5668,478,1102,479,625
5669,7998,13619,7999,5622
5670,290,602,291,313
5671,11,29,12,19
5672,36,494,37,459
5673,3338,6476,3339,3139
5674,7,25,8,19
5675,17,259,18,243
5676,1,4,2,4
5677,35,296,36,262
5678,151,646,152,496
5679,5218,12742,5219,7525
5680,192,634,193,443
5681,18,42,19,25
5682,137,279,138,143
5683,6,15,7,10
5684,95,239,96,145
5685,337,706,338,370
5686,217,535,218,319
5687,24,55,25,32
5688,62,123,63,62
5689,52,292,53,241
5690,3629,4835,3630,1207
5691,53,559,54,507
5692,95,275,96,181
5693,956,2684,957,1729
5694,36,453,37,418
5695,7,48,8,42
5696,147,494,148,348
5697,14,118,15,105
5698,7,22,8,16
5699,32,96,33,65
5700,6,68,7,63
5701,3,49,4,47
5702,1,11,2,11
5703,7,68,8,62
5704,5,29,6,25
5705,81,503,82,423
5706,6,52,7,47
5707,310,637,311,328
5708,3,35,4,33
5709,12,45,13,34
5710,9,77,10,69
5711,8,21,9,14
5712,367,811,368,445
5713,3,23,4,21
5714,6,52,7,47
5715,32,127,33,96
5716,1,26,2,26
5717,17,107,18,91
5718,4,72,5,69
5719,0,29,1,30
5721,132,221,133,90
5722,73,136,74,64
5723,66,227,67,162
5724,3,31,4,29
5725,24,51,25,28
5726,37,131,38,95
5727,5,44,6,40
5728,17,60,18,44
5729,12,152,13,141
5730,13,80,14,68
5731,58,212,59,155
5732,200,371,201,172
5733,19,80,20,62
5734,15,195,16,181
5735,33,271,34,239
5736,13,188,14,176
5737,10,169,11,160
5738,9,147,10,139
5739,11,162,12,152
5740,8,121,9,114
5741,37,94,38,58
5742,13,69,14,57
5743,51,190,52,140
5744,10,29,11,20
5745,103,239,104,137
5746,10,83,11,74
5747,1162,1855,1163,694
5748,16,38,17,23
5749,85,284,86,200
5750,1,17,2,17
5751,5,19,6,15
5752,273,456,274,184
5753,6,57,7,52
5754,8,137,9,130
5755,9,95,10,87
5756,7,47,8,41
5757,0,3,1,4
5758,1,18,2,18
5759,23,58,24,36
5760,23,91,24,69
5761,9,61,10,53
5762,22,60,23,39
5763,70,125,71,56
5764,35,173,36,139
5765,133,336,134,204
5766,4,32,5,29
5767,53,83,54,31
5768,21,160,22,140
5769,81,161,82,81
5770,42,121,43,80
5771,38,209,39,172
5772,571,873,572,303
5773,37,219,38,183
5774,8,45,9,38
5775,1,33,2,33
5776,8,30,9,23
5777,89,267,90,179
5778,19,73,20,55
5779,14,191,15,178
5780,188,375,189,188
5781,13,74,14,62
5782,3246,4338,3247,1093
5783,34,76,35,43
5784,260,1865,261,1606
5785,1184,4167,1185,2984
5786,29,63,30,35
5787,53,413,54,361
5788,176,321,177,146
5789,8,48,9,41
5790,8,33,9,26
5791,1800,3220,1801,1421
5792,442,922,443,481
5793,7,29,8,23
5794,73,150,74,78
5795,21,42,22,22
5796,181,874,182,694
5797,175,432,176,258
5798,17,49,18,33
5799,215,396,216,182
5800,65,157,66,93
5801,243,502,244,260
5802,77,163,78,87
5803,206,1231,207,1026
5804,219,1276,220,1058
5805,0,2,1,3
5806,18,48,19,31
5807,3,23,4,21
5808,31,199,32,169
5809,258,874,259,617
5810,2614,7440,2615,4827
5811,6,10,7,5
5812,1167,2111,1168,945
5813,5,53,6,49
5814,3,4,4,2
5815,27,208,28,182
5816,11364,22030,11365,10667
5817,95,208,96,114
5818,107,288,108,182
5819,15,53,16,39
5820,278,452,279,175
5821,46,87,47,42
5822,15,74,16,60
5823,4,21,5,18
5824,31,154,32,124
5825,257,367,258,111
5826,189,387,190,199
5827,6,39,7,34
5828,9,24,10,16
5829,74,212,75,139
5830,80,183,81,104
5831,3,10,4,8
5832,27,145,28,119
5833,393,1134,394,742
5834,16,55,17,40
5835,5,23,6,19
5836,104,282,105,179
5837,2,22,3,21
5838,37,102,38,66
5839,233,341,234,109
5840,223,331,224,109
5841,37,503,38,467
5842,22,79,23,58
5843,154,686,155,533
5844,9,47,10,39
5845,10,57,11,48
5846,31,68,32,38
5847,168,338,169,171
5848,9,48,10,40
5849,12,22,13,11
5850,14,48,15,35
5851,4,31,5,28
5852,16,161,17,146
5853,456,1298,457,843
5854,32,149,33,118
5855,23,109,24,87
5856,25,53,26,29
5857,1,50,2,50
5858,32,96,33,65
5859,87,215,88,129
5860,5,23,6,19
5861,10,34,11,25
5862,21,98,22,78
5863,3,65,4,63
5864,11,158,12,148
5865,4,24,5,21
5866,13,40,14,28
5867,278,524,279,247
5868,38,83,39,46
5869,49,139,50,91
5870,5,24,6,20
5871,0,5,1,6
5872,1833,6769,1834,4937
5873,232,624,233,393
5874,81,437,82,357
5875,125,287,126,163
5876,979,1733,980,755
5877,0,4,1,5
5878,2678,3787,2679,1110
5879,116,756,117,641
5880,10,96,11,87
5881,1109,3380,1110,2272
5882,1043,2414,1044,1372
5883,36,266,37,231
5884,10,65,11,56
5885,28,75,29,48
5886,1,12,2,12
5887,6,56,7,51
5888,341,532,342,192
5889,56,89,57,34
5890,445,728,446,284
5891,81,388,82,308
5892,4,34,5,31
5893,549,943,550,395
5894,1,22,2,22
5895,1,13,2,13
5896,98,175,99,78
5897,3,12,4,10
5898,42,218,43,177
5899,657,1057,658,401
5900,452,2403,453,1952
5901,33,184,34,152
5902,6934,10944,6935,4011
5903,5884,10493,5885,4610
5904,0,8,1,9
5905,0,1,1,2
5906,7,32,8,26
5907,40,66,41,27
5908,9,41,10,33
5909,193,376,194,184
5910,10,37,11,28
5911,28,58,29,31
5912,65,86,66,22
5913,12,54,13,43
5914,135,221,136,87
5915,61,214,62,154
5916,46,105,47,60
5917,17,42,18,26
5918,8,68,9,61
5919,12,77,13,66
5920,13,29,14,17
5921,0,20,1,21
5922,10,26,11,17
5923,24,148,25,125
5924,24,76,25,53
5925,9,61,10,53
5926,12,71,13,60
5927,86,510,87,425
5928,21,93,22,73
5929,16,48,17,33
5930,18,84,19,67
5931,12,43,13,32
5932,245,351,246,107
5933,57,144,58,88
5934,5,12,6,8
5935,31,124,32,94
5936,69,137,70,69
5937,98,163,99,66
5938,283,586,284,304
5939,12,54,13,43
5940,184,429,185,246
5941,296,1185,297,890
5942,233,1496,234,1264
5943,543,2910,544,2368
5944,1227,3944,1228,2718
5945,2585,5978,2586,3394
5946,20,58,21,39
5947,94,209,95,116
5948,9,24,10,16
5949,166,360,167,195
5950,2,9,3,8
5951,98,277,99,180
5952,37666,51138,37667,13473
5953,36,72,37,37
5954,3147,5274,3148,2128
5955,686,1371,687,686
5956,4928,10550,4929,5623
5957,1076,3345,1077,2270
5958,64,350,65,287
5959,687,1659,688,973
5960,47,167,48,121
5961,39,304,40,266
5962,31,394,32,364
5963,167,295,168,129
5964,10,50,11,41
5965,246,431,247,186
5966,20,76,21,57
5967,0,15,1,16
5968,131,323,132,193
5969,71,668,72,598
5970,701,2073,702,1373
5971,7201,9340,7202,2140
5972,13,50,14,38
5973,6,17,7,12
5974,163,307,164,145
5975,50,153,51,104
5976,0,16,1,17
5977,47,94,48,48
5978,10,47,11,38
5979,7,62,8,56
5980,154,392,155,239
5981,109,372,110,264
5982,9,32,10,24
5983,84,193,85,110
5984,35,130,36,96
5985,32,97,33,66
5986,68,136,69,69
5987,12,66,13,55
5988,26,127,27,102
5989,18239,27935,18240,9697
5990,44,223,45,180
5991,5014,10229,5015,5216
5992,2458,4430,2459,1973
5993,75,207,76,133
5994,232,453,233,222
5995,12574,17070,12575,4497
5996,7,50,8,44
5997,14,30,15,17
5998,5,101,6,97
5999,66,458,67,393
6000,11,51,12,41
6001,1268,2042,1269,775
6002,128,338,129,211
6003,1554,3159,1555,1606
6004,9,21,10,13
6005,272,601,273,330
6006,289,1738,290,1450
6007,3,15,4,13
6008,134,252,135,119
6009,7,48,8,42
6010,15,93,16,79
6011,10,48,11,39
6012,78,482,79,405
6013,57,879,58,823
6014,127,776,128,650
6015,11,23,12,13
6016,15859,19894,15860,4036
6017,31,82,32,52
6018,5,16,6,12
6019,8,47,9,40
6020,46,104,47,59
6021,163,293,164,131
6022,94,212,95,119
6023,388,610,389,223
6024,10,55,11,46
6025,69,254,70,186
6026,12,24,13,13
6027,267,489,268,223
6028,3,26,4,24
6029,6,48,7,43
6030,14,72,15,59
6031,183,332,184,150
6032,146,239,147,94
6033,12,71,13,60
6034,1,21,2,21
6035,105,175,106,71
6036,29,113,30,85
6037,22,107,23,86
6038,22,66,23,45
6039,44,438,45,395
6040,83,684,84,602
6041,111,217,112,107
6042,47,124,48,78
6043,6,23,7,18
6044,8,104,9,97
6045,36,114,37,79
6046,11,31,12,21
6047,56,122,57,67
6048,3,22,4,20
6049,20,85,21,66
6050,11,69,12,59
6051,143,261,144,119
6052,6,22,7,17
6053,12,47,13,36
6054,35,88,36,54
6055,4,48,5,45
6056,42,85,43,44
6057,18,210,19,193
6058,583,2665,584,2083
6059,1233,3466,1234,2234
6060,92,525,93,434
6061,4,19,5,16
6062,551,1027,552,477
6063,277,720,278,444
6064,82,171,83,90
6065,52,104,53,53
6066,54,133,55,80
6067,66,246,67,181
6068,14,37,15,24
6069,7,17,8,11
6070,21,77,22,57
6071,2,17,3,16
6072,31,64,32,34
6073,29,54,30,26
6074,2,16,3,15
6075,36,57,37,22
6076,16,57,17,42
6077,103,219,104,117
6078,106,644,107,539
6079,0,7,1,8
6080,0,28,1,29
6081,24,66,25,43
6082,96,170,97,75
6083,18,60,19,43
6084,19,100,20,82
6085,4,12,5,9
6086,11,38,12,28
6087,14,48,15,35
6088,6,37,7,32
6089,9,38,10,30
6090,15,49,16,35
6091,29,69,30,41
6092,20,151,21,132
6093,634,1186,635,553
6094,79,212,80,134
6095,5,35,6,31
6096,13,55,14,43
6097,1,23,2,23
6098,19,33,20,15
6099,7,74,8,68
6100,147,484,148,338
6101,281,473,282,193
6102,27,93,28,67
6103,5,25,6,21
6104,1690,2469,1691,780
6105,65,141,66,77
6106,3,12,4,10
6107,86,147,87,62
6108,13,34,14,22
6109,25,108,26,84
6110,3,22,4,20
6111,5,43,6,39
6112,0,17,1,18
6113,14,37,15,24
6114,33,115,34,83
6115,31,145,32,115
6116,34,155,35,122
6117,3,21,4,19
6118,91,143,92,53
6119,65,135,66,71
6120,24,131,25,108
6121,27,91,28,65
6122,354,549,355,196
6123,209,304,210,96
6124,54,136,55,83
6125,153,281,154,129
6126,107,162,108,56
6127,60,108,61,49
6128,5,70,6,66
6129,4,41,5,38
6130,5,40,6,36
6131,4,40,5,37
6132,18,107,19,90
6133,18,39,19,22
6134,29,73,30,45
6135,22,73,23,52
6136,26,53,27,28
6137,2,25,3,24
6138,4,18,5,15
6139,17,59,18,43
6140,144,322,145,179
6141,11,138,12,128
6142,2,27,3,26
6143,64,337,65,274
6144,46,68,47,23
6145,2,35,3,34
6146,7,19,8,13
6147,28,57,29,30
6148,52,143,53,92
6149,5,21,6,17
6150,4,24,5,21
6151,32,55,33,24
6152,10,87,11,78
6153,21,268,22,248
6154,23,129,24,107
6155,1934,5938,1935,4005
6156,947,3657,948,2711
6157,819,6668,820,5850
6158,41,324,42,284
6159,193,413,194,221
6160,37,73,38,37
6161,20,49,21,30
6162,124,319,125,196
6163,258,511,259,254
6164,3,19,4,17
6165,0,5,1,6
6166,112,1254,113,1143
6167,4,14,5,11
6168,19,106,20,88
6169,23,106,24,84
6170,455,870,456,416
6171,6,16,7,11
6172,3,44,4,42
6173,49,100,50,52
6174,4,48,5,45
6175,2,17,3,16
6176,23,122,24,100
6177,17,78,18,62
6178,155,250,156,96
6179,18,58,19,41
6180,27,114,28,88
6181,66,144,67,79
6182,44,86,45,43
6183,443,795,444,353
6184,543,1288,544,746
6185,110,444,111,335
6186,89,354,90,266
6187,1383,2529,1384,1147
6188,3611,7201,3612,3591
6189,0,3,1,4
6190,33,80,34,48
6191,15,33,16,19
6192,105,182,106,78
6193,132,318,133,187
6194,9,38,10,30
6195,85,138,86,54
6196,115,624,116,510
6197,432,1114,433,683
6198,25,66,26,42
6199,0,9,1,10
6200,40,84,41,45
6201,129,258,130,130
6202,61,122,62,62
6203,33,210,34,178
6204,22,218,23,197
6205,9,44,10,36
6206,24,52,25,29
6207,10,48,11,39
6208,11,94,12,84
6209,0,5,1,6
6210,32,111,33,80
6211,59,116,60,58
6212,212,1248,213,1037
6213,544,1894,545,1351
6214,979,1801,980,823
6215,198,583,199,386
6216,409,625,410,217
6217,52,152,53,101
6218,3925,8832,3926,4908
6219,124,701,125,578
6220,102,537,103,436
6221,7,56,8,50
6222,86,340,87,255
6223,293,790,294,498
6224,3,13,4,11
6225,21,75,22,55
6226,78,139,79,62
6227,4,21,5,18
6228,130,224,131,95
6229,109,227,110,119
6230,169,316,170,148
6231,40,119,41,80
6232,115,334,116,220
6233,37,212,38,176
6234,76,175,77,100
6235,645,924,646,280
6236,29,66,30,38
6237,162,318,163,157
6238,255,1294,256,1040
6239,256,679,257,424
6240,21,120,22,100
6241,94,173,95,80
6242,1433,2894,1434,1462
6243,104,413,105,310
6244,220,329,221,110
6245,52,171,53,120
6246,4,18,5,15
6247,115,197,116,83
6248,22,53,23,32
6249,45,398,46,354
6250,365,2091,366,1727
6251,40,237,41,198
6252,100,663,101,564
6253,1,2,2,2
6254,435,656,436,222
6255,9,65,10,57
6256,15,49,16,35
6257,30,101,31,72
6258,30,78,31,49
6259,24,93,25,70
6260,39,170,40,132
6261,31,89,32,59
6262,11,34,12,24
6263,323,1126,324,804
6264,338,2286,339,1949
6265,80,549,81,470
6266,418,1373,419,956
6267,21,91,22,71
6268,230,421,231,192
6269,222,345,223,124
6270,499,786,500,288
6271,390,573,391,184
6272,19,50,20,32
6273,371,537,372,167
6274,1,21,2,21
6275,1,21,2,21
6276,10,40,11,31
6277,14,46,15,33
6278,6,18,7,13
6279,152,428,153,277
6280,87,555,88,469
6281,2604,7249,2605,4646
6282,1,8,2,8
6283,2270,3418,2271,1149
6284,7,39,8,33
6285,42,123,43,82
6286,822,1255,823,434
6287,1255,5968,1256,4714
6288,218,474,219,257
6289,49,159,50,111
6290,352,1157,353,806
6291,702,1155,703,454
6292,8,23,9,16
6293,21,116,22,96
6294,331,1857,332,1527
6295,9,78,10,70
6296,1670,3140,1671,1471
6297,1542,3448,1543,1907
6298,56,471,57,416
6299,837,1257,838,421
6300,197,318,198,122
6301,681,1214,682,534
6302,3,35,4,33
6303,960,1891,961,932
6304,36,192,37,157
6305,799,1638,800,840
6306,170,275,171,106
6307,22,43,23,22
6308,57,473,58,417
6309,1,19,2,19
6310,6,30,7,25
6311,60,123,61,64
6312,28,83,29,56
6313,11,81,12,71
6314,57,214,58,158
6315,60,373,61,314
6316,63,536,64,474
6317,2,17,3,16
6318,33,138,34,106
6319,39,272,40,234
6320,17,199,18,183
6321,10,61,11,52
6322,393,1077,394,685
6323,3008,6168,3009,3161
6324,14,91,15,78
6325,16,210,17,195
6326,18,111,19,94
6327,137,259,138,123
6328,18,44,19,27
6329,90,199,91,110
6330,22,139,23,118
6331,1937,2831,1938,895
6332,170,746,171,577
6333,9858,19963,9859,10106
6334,57,171,58,115
6335,177,333,178,157
6336,8,24,9,17
6337,223,544,224,322
6338,250,1389,251,1140
6339,220,406,221,187
6340,0,9,1,10
6341,166,413,167,248
6342,28,55,29,28
6343,4,14,5,11
6344,209,447,210,239
6345,159,474,160,316
6346,16,116,17,101
6347,24,85,25,62
6348,21,178,22,158
6349,27,181,28,155
6350,4017,5448,4018,1432
6351,26,128,27,103
6352,7,112,8,106
6353,2,25,3,24
6354,6,49,7,44
6355,10,55,11,46
6356,169,380,170,212
6357,243,472,244,230
6358,158,327,159,170
6365,9067,23064,9068,13998
6366,31,108,32,78
6367,567,1862,568,1296
6368,112,240,113,129
6369,5,31,6,27
6370,714,1220,715,507
6371,24,355,25,332
6373,4482,15145,4483,10664
6374,96,459,97,364
6375,134,202,135,69
6376,30,79,31,50
6377,21484,34712,21485,13229
6378,6031,13413,6032,7383
6379,202,1076,203,875
6380,1238,1824,1239,587
6381,2,9,3,8
6382,90,147,91,58
6383,949,5169,950,4221
6384,12,47,13,36
6385,2255,3585,2256,1331
6386,21,90,22,70
6387,84,223,85,140
6388,21,49,22,29
6390,38,103,39,66
6391,20,50,21,31
6392,89,256,90,168
6393,1,8,2,8
6394,94,208,95,115
6395,57,184,58,128
6396,16,126,17,111
6397,9,16,10,8
6398,32,104,33,73
6400,106,174,107,69
6401,62,185,63,124
6402,11,29,12,19
6403,89,183,90,95
6404,43,99,44,57
6405,162,370,163,209
6406,7,75,8,69
6407,22,75,23,54
6408,44,77,45,34
6409,53,118,54,66
6410,33,214,34,182
6411,6,35,7,30
6412,199,337,200,139
6413,76,312,77,237
6414,13,59,14,47
6415,20,41,21,22
6416,86,165,87,80
6417,7,46,8,40
6419,75,161,76,87
6420,5,16,6,12
6421,11,34,12,24
6422,140,274,141,135
6423,17,144,18,128
6424,105,432,106,328
6425,71,353,72,283
6426,41,94,42,54
6427,53,132,54,80
6428,296,706,297,411
6429,153,291,154,139
6430,76,167,77,92
6431,8,34,9,27
6432,13,79,14,67
6433,448,637,449,190
6434,15,42,16,28
6435,8,36,9,29
6436,367,821,368,455
6437,30,74,31,45
6438,11,41,12,31
6439,21,43,22,23
6440,2728,4416,2729,1689
6441,148,322,149,175
6442,219,420,220,202
6443,9,28,10,20
6445,14,56,15,43
6446,40,122,41,83
6447,8,42,9,35
6448,335,624,336,290
6449,19,55,20,37
6450,100,202,101,103
6451,43,123,44,81
6452,138,245,139,108
6453,41,95,42,55
6454,96,206,97,111
6455,51,137,52,87
6456,18,39,19,22
6457,115,247,116,133
6458,48,150,49,103
6459,61,153,62,93
6460,375,573,376,199
6461,693,1078,694,386
6462,19,70,20,52
6463,26,48,27,23
6464,73,544,74,472
6465,18,47,19,30
6466,188,393,189,206
6467,81,119,82,39
6468,16,110,17,95
6469,24,91,25,68
6470,48,151,49,104
6471,14,49,15,36
6472,7,32,8,26
6473,7,73,8,67
6474,11,42,12,32
6475,25,160,26,136
6476,53,188,54,136
6477,100,184,101,85
6478,92,260,93,169
6479,11,39,12,29
6480,93,260,94,168
6481,56,182,57,127
6482,135,1871,136,1737
6483,9,417,10,409
6484,79,772,80,694
6485,37,299,38,263
6486,17,91,18,75
6487,15,48,16,34
6488,31,153,32,123
6489,2,9,3,8
6490,7,15,8,9
6491,0,4,1,5
6492,16,46,17,31
6493,89,587,90,499
6494,2,14,3,13
6495,26,75,27,50
6496,1,9,2,9
6497,11,62,12,52
6498,35,102,36,68
6499,17,41,18,25
6500,11,94,12,84
6501,1,5,2,5
6502,9574,16372,9575,6799
6503,718,5419,719,4702
6504,1,7,2,7
6505,16,61,17,46
6506,118,240,119,123
6507,1,10,2,10
6508,45,130,46,86
6509,301,426,302,126
6510,17,88,18,72
6511,19,34,20,16
6512,6,42,7,37
6513,20,71,21,52
6514,1,12,2,12
6515,31,83,32,53
6516,111,248,112,138
6517,55,359,56,305
6518,28,180,29,153
6519,39,178,40,140
6520,9,52,10,44
6521,7,110,8,104
6522,33,74,34,42
6523,35,339,36,305
6524,76,146,77,71
6525,47,197,48,151
6526,52,113,53,62
6527,51,112,52,62
6528,55,121,56,67
6529,1,17,2,17
6530,469,769,470,301
6531,63,149,64,87
6532,2,34,3,33
6533,371,688,372,318
6534,977,6970,978,5994
6535,349,2834,350,2486
6536,294,839,295,546
6537,2785,11546,2786,8762
6538,541,1492,542,952
6539,22402,37227,22403,14826
6540,15,38,16,24
6541,1210,6518,1211,5309
6542,290,473,291,184
6543,6,19,7,14
6544,22,86,23,65
6545,125,298,126,174
6546,14,34,15,21
6547,90,238,91,149
6548,1453,4456,1454,3004
6549,54,287,55,234
6550,677,3172,678,2496
6551,13,58,14,46
6552,1296,2282,1297,987
6553,8,21,9,14
6554,12,82,13,71
6555,6,32,7,27
6556,9,27,10,19
6557,5,56,6,52
6558,65,613,66,549
6559,97,450,98,354
6560,3,90,4,88
6561,284,509,285,226
6562,35,99,36,65
6563,10,78,11,69
6564,797,4465,798,3669
6565,2551,5150,2552,2600
6566,78,1156,79,1079
6567,272,698,273,427
6568,90,272,91,183
6569,2,41,3,40
6570,12,34,13,23
6571,109,208,110,100
6572,18,76,19,59
6573,49,131,50,83
6574,8,110,9,103
6575,6,70,7,65
6576,19,61,20,43
6577,8,145,9,138
6578,20,70,21,51
6579,254,405,255,152
6580,2,15,3,14
6581,121,286,122,166
6582,128,518,129,391
6583,79,167,80,89
6584,162,510,163,349
6585,15,58,16,44
6586,782,3504,783,2723
6587,20,758,21,739
6588,23,59,24,37
6589,3,7,4,5
6590,2,14,3,13
6591,661,1040,662,380
6592,99,290,100,192
6593,1160,4377,1161,3218
6594,1,13,2,13
6595,700,3253,701,2554
6596,40,411,41,372
6597,28,142,29,115
6598,184,318,185,135
6599,73,121,74,49
6600,18,50,19,33
6601,21,75,22,55
6602,48,155,49,108
6603,23,52,24,30
6604,30,53,31,24
6605,16,37,17,22
6606,0,3,1,4
6607,3,16,4,14
6608,1,10,2,10
6609,139,228,140,90
6610,40,104,41,65
6611,317,480,318,164
6612,246,373,247,128
6613,28,113,29,86
6614,104,378,105,275
6615,301,1931,302,1631
6616,35,128,36,94
6617,726,1452,727,727
6618,1453,2889,1454,1437
6619,212,811,213,600
6620,2299,3865,2300,1567
6621,2,12,3,11
6622,3,15,4,13
6623,4,40,5,37
6624,116,1060,117,945
6625,37,243,38,207
6626,4,39,5,36
6627,3,17,4,15
6628,9,145,10,137
6629,130,406,131,277
6630,81,166,82,86
6631,11,110,12,100
6632,5,26,6,22
6633,4,15,5,12
6634,0,13,1,14
6635,8,62,9,55
6636,418,905,419,488
6637,11,41,12,31
6638,131,442,132,312
6639,824,1226,825,403
6640,5,13,6,9
6641,90,189,91,100
6642,28,189,29,162
6643,697,958,698,262
6644,67,112,68,46
6645,612,1444,613,833
6646,54,221,55,168
6647,10,35,11,26
6648,15,47,16,33
6649,37,71,38,35
6650,705,978,706,274
6651,9,60,10,52
6652,47,175,48,129
6653,34,165,35,132
6654,3,16,4,14
6655,10,33,11,24
6656,8,49,9,42
6657,22,106,23,85
6658,131,740,132,610
6659,1342,3585,1343,2244
6660,424,633,425,210
6661,5,10,6,6
6662,1420,2609,1421,1190
6663,695,1349,696,655
6664,728,2394,729,1667
6665,46,202,47,157
6666,767,1160,768,394
6667,209,331,210,123
6668,240,352,241,113
6669,1140,1481,1141,342
6670,15,92,16,78
6671,114,199,115,86
6672,139,211,140,73
6673,12,43,13,32
6674,2,9,3,8
6675,3,10,4,8
6676,56,92,57,37
6677,2,8,3,7
6678,99,408,100,310
6679,104,194,105,91
6680,28,84,29,57
6681,22,60,23,39
6682,44,78,45,35
6683,69,135,70,67
6684,112,245,113,134
6685,3,53,4,51
6686,103,732,104,630
6687,52,487,53,436
6688,20,41,21,22
6689,16,103,17,88
6690,28,94,29,67
6691,6,18,7,13
6692,32,69,33,38
6693,3,11,4,9
6694,3,15,4,13
6695,144,955,145,812
6696,38,128,39,91
6697,0,3,1,4
6698,0,13,1,14
6699,17,83,18,67
6700,25,81,26,57
6701,36,85,37,50
6702,59,404,60,346
6703,53,343,54,291
6704,17,50,18,34
6705,125,334,126,210
6706,15,37,16,23
6707,276,1380,277,1105
6708,2870,5767,2871,2898
6709,1114,3893,1115,2780
6710,134,320,135,187
6711,12377,20288,12378,7912
6712,1,13,2,13
6713,498,816,499,319
6714,57,134,58,78
6715,1,18,2,18
6716,8,39,9,32
6717,31,52,32,22
6718,31,176,32,146
6719,2,38,3,37
6720,30,259,31,230
6721,496,904,497,409
6722,202,381,203,180
6723,80,190,81,111
6724,899,1373,900,475
6725,37,295,38,259
6726,3,15,4,13
6727,90,186,91,97
6728,11,40,12,30
6729,11,49,12,39
6730,39,215,40,177
6731,709,1483,710,775
6732,183,461,184,279
6733,9,26,10,18
6734,66,511,67,446
6735,67,245,68,179
6736,24,70,25,47
6737,2,24,3,23
6738,2,17,3,16
6739,2,29,3,28
6740,3,76,4,74
6741,16,85,17,70
6742,2,37,3,36
6743,384,796,385,413
6744,26,419,27,394
6745,2,57,3,56
6746,12,95,13,84
6747,34,109,35,76
6748,192,472,193,281
6749,59,133,60,75
6750,125,562,126,438
6751,28,388,29,361
6752,20,115,21,96
6753,1402,2544,1403,1143
6754,2625,6668,2626,4044
6755,966,2138,967,1173
6756,42,121,43,80
6757,25,117,26,93
6758,0,2,1,3
6759,12,54,13,43
6760,54,97,55,44
6761,38,75,39,38
6762,56,123,57,68
6763,169,989,170,821
6764,710,2042,711,1333
6765,747,1941,748,1195
6766,1,4,2,4
6767,1,8,2,8
6768,166,369,167,204
6769,42,139,43,98
6770,372,676,373,305
6771,12,106,13,95
6772,245,379,246,135
6773,2354,3735,2355,1382
6774,1305,2420,1306,1116
6775,48,79,49,32
6776,501,788,502,288
6777,708,1021,709,314
6778,9,19,10,11
6779,133,327,134,195
6780,324,520,325,197
6781,18,79,19,62
6782,92,301,93,210
6783,601,873,602,273
6784,96,206,97,111
6785,444,901,445,458
6786,448,766,449,319
6787,3667,5063,3668,1397
6788,2,86,3,85
6789,162,298,163,137
6790,266,646,267,381
6791,832,1231,833,400
6792,51,129,52,79
6793,202,1663,203,1462
6794,69,982,70,914
6795,14,101,15,88
6796,2317,4020,2318,1704
6797,182,612,183,431
6798,96,310,97,215
6799,4,15,5,12
6800,92,901,93,810
6801,57,110,58,54
6802,15,116,16,102
6803,143,414,144,272
6804,23,84,24,62
6805,38,144,39,107
6806,46,119,47,74
6807,6016,9609,6017,3594
6808,775,1293,776,519
6809,58,225,59,168
6810,250,1210,251,961
6811,163,589,164,427
6812,68,430,69,363
6813,68,197,69,130
6814,2,108,3,107
6815,59,208,60,150
6816,138,340,139,203
6817,49,164,50,116
6818,561,736,562,176
6819,2,36,3,35
6820,404,986,405,583
6821,7,62,8,56
6822,15,48,16,34
6823,10,51,11,42
6824,6,38,7,33
6825,8,74,9,67
6826,26,109,27,84
6827,14,332,15,319
6828,53,78,54,26
6829,10,112,11,103
6830,18,47,19,30
6831,3,14,4,12
6832,314,941,315,628
6833,1,10,2,10
6834,6,44,7,39
6835,8,51,9,44
6836,3,24,4,22
6837,55,108,56,54
6838,0,3,1,4
6839,19,108,20,90
6840,82,168,83,87
6841,11,72,12,62
6842,29,70,30,42
6843,7,33,8,27
6844,37,112,38,76
6845,2,32,3,31
6846,2,28,3,27
6847,1,10,2,10
6848,17,92,18,76
6849,102,220,103,119
6850,105,509,106,405
6851,79,219,80,141
6852,620,958,621,339
6853,2,29,3,28
6854,37,91,38,55
6855,18,42,19,25
6856,288,519,289,232
6857,1156,1920,1157,765
6858,377,597,378,221
6859,93,159,94,67
6860,12,90,13,79
6861,8,32,9,25
6862,244,858,245,615
6863,5402,14156,5403,8755
6864,104,157,105,54
6865,5,18,6,14
6866,9,34,10,26
6867,2385,3677,2386,1293
6868,161,499,162,339
6869,229,376,230,148
6870,7118,11552,7119,4435
6871,22,88,23,67
6872,18,468,19,451
6873,806,2864,807,2059
6874,22074,33827,22075,11754
6875,21,71,22,51
6876,11,54,12,44
6877,10,29,11,20
6878,2,14,3,13
6879,1588,3377,1589,1790
6880,404,1844,405,1441
6881,610,1284,611,675
6882,105,327,106,223
6883,52,235,53,184
6884,130,389,131,260
6885,73,484,74,412
6886,90,263,91,174
6887,504,1064,505,561
6888,479,3482,480,3004
6889,606,1762,607,1157
6890,960,2003,961,1044
6891,9,23,10,15
6892,29,170,30,142
6893,1103,2212,1104,1110
6894,7,30,8,24
6895,22,65,23,44
6896,216,287,217,72
6897,19,51,20,33
6898,139,305,140,167
6899,4,72,5,69
6900,45,172,46,128
6901,0,17,1,18
6902,658,1002,659,345
6903,3,45,4,43
6905,4,37,5,34
6906,3,55,4,53
6907,6,24,7,19
6908,3,31,4,29
6909,169,521,170,353
6910,46,159,47,114
6911,16,45,17,30
6912,5,32,6,28
6913,9,37,10,29
6914,13,30,14,18
6915,0,11,1,12
6916,4,25,5,22
6917,6,21,7,16
6918,271,372,272,102
6919,7,25,8,19
6920,350,517,351,168
6921,37,65,38,29
6923,21,79,22,59
6924,22,66,23,45
6925,13,57,14,45
6926,21,45,22,25
6927,125,598,126,474
6928,15,60,16,46
6929,0,3,1,4
6930,10,24,11,15
6931,8,26,9,19
6932,642,1263,643,622
6933,2,8,3,7
6934,6327,18074,6328,11748
6935,180,250,181,71
6936,3183,7893,3184,4711
6937,3,19,4,17
6938,22,31,23,10
6939,82,126,83,45
6940,23,71,24,49
6941,0,2,1,3
6942,7755,13585,7756,5831
6943,0,4,1,5
6944,1155,3270,1156,2116
6945,144,227,145,84
6946,104,571,105,468
6947,3971,7873,3972,3903
6948,51,137,52,87
6949,23,114,24,92
6950,169,704,170,536
6951,112,1266,113,1155
6952,509,2659,510,2151
6953,3853,7070,3854,3218
6954,752,1202,753,451
6955,5,18,6,14
6956,8,27,9,20
6957,1949,4895,1950,2947
6958,83,931,84,849
6959,191,1100,192,910
6960,7,20,8,14
6961,100,215,101,116
6962,6,14,7,9
6963,219,419,220,201
6964,24,63,25,40
6965,22,52,23,31
6966,292,1439,293,1148
6967,123,223,124,101
6968,9,56,10,48
6969,51,128,52,78
6970,334,524,335,191
6971,277,448,278,172
6972,15,33,16,19
6973,23,186,24,164
6974,318,874,319,557
6975,823,1347,824,525
6976,52,206,53,155
6977,107,531,108,425
6978,369,712,370,344
6979,2685,5434,2686,2750
6980,50,114,51,65
6981,171,243,172,73
6982,143,210,144,68
6983,143,257,144,115
6984,138,221,139,84
6985,704,1017,705,314
6986,383,684,384,302
6987,1125,1732,1126,608
6988,80,175,81,96
6989,224,571,225,348
6990,180,402,181,223
6991,81,498,82,418
6992,93,480,94,388
6993,1710,2583,1711,874
6994,35,238,36,204
6995,20,229,21,210
6996,100,1247,101,1148
6997,108,425,109,318
6998,56,151,57,96
6999,117,444,118,328
7000,233,1179,234,947
7001,938,1825,939,888
7002,51,96,52,46
7003,151,333,152,183
7004,654,3730,655,3077
7005,36,578,37,543
7006,10,91,11,82
7007,535,1660,536,1126
7008,446,984,447,539
7009,219,623,220,405
7010,152,331,153,180
7011,109,218,110,110
7012,58,265,59,208
7013,1266,1843,1267,578
7014,21,200,22,180
7015,33,180,34,148
7016,53,494,54,442
7017,143,963,144,821
7018,593,1212,594,620
7019,52,273,53,222
7020,172,332,173,161
7021,21,130,22,110
7022,3579,6008,3580,2430
7023,544,825,545,282
7024,245,605,246,361
7025,206,401,207,196
7026,94,475,95,382
7027,670,1301,671,632
7028,311,692,312,382
7029,81,280,82,200
7030,146,362,147,217
7031,20,152,21,133
7032,24,136,25,113
7033,140,628,141,489
7034,1104,1806,1105,703
7035,37,191,38,155
7036,177,1222,178,1046
7037,119,234,120,116
7038,79,180,80,102
7039,102,331,103,230
7040,326,696,327,371
7041,24,191,25,168
7042,291,494,292,204
7043,365,529,366,165
7044,1028,1927,1029,900
7045,385,1019,386,635
7046,527,1995,528,1469
7047,52,182,53,131
7048,165,539,166,375
7049,35,90,36,56
7050,65,119,66,55
7051,63,217,64,155
7052,7,39,8,33
7053,14,51,15,38
7054,93,215,94,123
7055,214,353,215,140
7056,292,525,293,234
7057,40,123,41,84
7058,138,240,139,103
7059,145,321,146,177
7060,395,879,396,485
7061,136,241,137,106
7062,346,601,347,256
7063,1187,1716,1188,530
7064,703,1052,704,350
7065,155,420,156,266
7066,35,71,36,37
7067,207,352,208,146
7068,302,479,303,178
7069,171,321,172,151
7070,372,584,373,213
7071,321,471,322,151
7072,624,1003,625,380
7073,701,1134,702,434
7074,157,244,158,88
7075,506,770,507,265
7076,981,1854,982,874
7077,27,58,28,32
7078,133,241,134,109
7079,247,413,248,167
7080,158,311,159,154
7081,26,72,27,47
7082,150,303,151,154
7083,30,78,31,49
7084,648,1067,649,420
7085,88,189,89,102
7086,201,299,202,99
7087,248,462,249,215
7088,285,462,286,178
7089,539,838,540,300
7090,5318,8236,5319,2919
7091,645,913,646,269
7092,60,144,61,85
7093,70,188,71,119
7094,24,67,25,44
7095,72,207,73,136
7096,189,281,190,93
7097,17,46,18,30
7098,5,13,6,9
7099,3964,5300,3965,1337
7100,3,27,4,25
7101,195,1077,196,883
7102,119,790,120,672
7103,5,77,6,73
7104,122,717,123,596
7105,1,12,2,12
7106,21,37,22,17
7107,224,510,225,287
7108,30,95,31,66
7109,19,66,20,48
7110,19,44,20,26
7111,38,105,39,68
7112,24,52,25,29
7113,11,26,12,16
7114,127,233,128,107
7115,326,574,327,249
7116,935,1346,936,412
7117,46,482,47,437
7118,135,284,136,150
7119,42,153,43,112
7120,0,30,1,31
7121,642,1019,643,378
7122,220,328,221,109
7123,883,1654,884,772
7124,127,254,128,128
7125,35,71,36,37
7126,138,234,139,97
7127,4,71,5,68
7128,83,195,84,113
7129,12,21,13,10
7130,41,102,42,62
7131,15,53,16,39
7132,1225,1713,1226,489
7133,2,48,3,47
7134,73,188,74,116
7135,350,538,351,189
7136,160,256,161,97
7137,634,1602,635,969
7138,9,23,10,15
7139,1477,2314,1478,838
7140,5,9,6,5
7141,54,84,55,31
7142,97,533,98,437
7143,8390,15759,8391,7370
7144,1,6,2,6
7145,2,5,3,4
7146,6,19,7,14
7147,10400,17528,10401,7129
7148,14,95,15,82
7149,1573,3677,1574,2105
7150,162,1229,163,1068
7151,912,2191,913,1280
7152,10,83,11,74
7153,37674,50797,37675,13124
7154,781,2603,782,1823
7155,584,1331,585,748
7156,2137,2786,2138,650
7157,31,191,32,161
7158,1352,2509,1353,1158
7159,5,16,6,12
7160,2186,4314,2187,2129
7161,439,2161,440,1723
7162,1734,3936,1735,2203
7163,1066,3320,1067,2255
7164,627,1560,628,934
7165,79,240,80,162
7166,2,21,3,20
7167,56,188,57,133
7168,17,77,18,61
7169,160,553,161,394
7170,6,46,7,41
7171,120,311,121,192
7172,55,111,56,57
7173,748,3810,749,3063
7174,7,69,8,63
7175,36,343,37,308
7176,40,78,41,39
7177,155,303,156,149
7178,169,629,170,461
7179,72,203,73,132
7180,12,33,13,22
7181,50,111,51,62
7182,4,42,5,39
7183,10,65,11,56
7184,14,45,15,32
7185,21,75,22,55
7186,11,62,12,52
7187,2,32,3,31
7188,3,44,4,42
7189,2,77,3,76
7190,51,109,52,59
7191,8,80,9,73
7192,12,51,13,40
7193,116,594,117,479
7194,31,79,32,49
7195,28,70,29,43
7196,15,41,16,27
7197,11,47,12,37
7198,19,195,20,177
7199,112,216,113,105
7200,10,38,11,29
7201,21,78,22,58
7202,39,187,40,149
7203,12,46,13,35
7204,3,51,4,49
7205,89,195,90,107
7206,386,595,387,210
7207,15,99,16,85
7208,108,253,109,146
7209,350,586,351,237
7210,287,461,288,175
7211,78,143,79,66
7212,140,300,141,161
7213,5,43,6,39
7214,7,28,8,22
7215,696,1011,697,316
7216,262,479,263,218
7217,224,393,225,170
7218,328,512,329,185
7219,63,142,64,80
7220,12,95,13,84
7221,27,70,28,44
7222,52,286,53,235
7223,211,380,212,170
7224,9,64,10,56
7225,202,456,203,255
7226,12,78,13,67
7227,101,195,102,95
7228,64,750,65,687
7229,9,77,10,69
7230,5,51,6,47
7231,7,32,8,26
7232,19,47,20,29
7233,1,7,2,7
7234,814,1150,815,337
7235,556,1208,557,653
7236,214,548,215,335
7237,13,71,14,59
7238,184,292,185,109
7239,18,93,19,76
7240,4,42,5,39
7241,124,175,125,52
7242,2,13,3,12
7243,126,236,127,111
7244,6,69,7,64
7245,1,24,2,24
7246,2,16,3,15
7247,526,1454,527,929
7248,9,39,10,31
7249,20,88,21,69
7250,104,249,105,146
7251,11,52,12,42
7252,9,68,10,60
7253,24,68,25,45
7254,8708,15645,8709,6938
7255,155,856,156,702
7256,1794,2435,1795,642
7257,30,384,31,355
7258,74,450,75,377
7259,40,306,41,267
7260,134,272,135,139
7261,41,324,42,284
7262,23,143,24,121
7263,1256,2220,1257,965
7264,15,33,16,19
7265,823,1610,824,788
7266,72,165,73,94
7267,4,42,5,39
7268,5,21,6,17
7269,5,27,6,23
7270,8,59,9,52
7271,2,10,3,9
7272,49,147,50,99
7273,2,17,3,16
7274,5,45,6,41
7275,13,62,14,50
7276,7,43,8,37
7277,1,13,2,13
7278,8,39,9,32
7279,5,22,6,18
7280,7,121,8,115
7281,6,67,7,62
7282,1,31,2,31
7283,15,131,16,117
7284,23,133,24,111
7285,937,2327,938,1391
7286,82,160,83,79
7287,11,52,12,42
7288,22,47,23,26
7289,4,55,5,52
7290,9,34,10,26
7291,1,18,2,18
7292,2,118,3,117
7293,3899,10816,3900,6918
7294,35,489,36,455
7295,13,34,14,22
7296,0,5,1,6
7297,164,297,165,134
7298,1,11,2,11
7299,184,349,185,166
7300,180,418,181,239
7301,135,210,136,76
7302,103,185,104,83
7303,359,666,360,308
7304,102,184,103,83
7305,82,313,83,232
7306,52,97,53,46
7307,84,265,85,182
7308,26,320,27,295
7309,24,44,25,21
7310,28,356,29,329
7311,301,487,302,187
7312,15,57,16,43
7313,13,135,14,123
7314,16,65,17,50
7315,12,144,13,133
7316,88,618,89,531
7317,1264,3398,1265,2135
7318,1667,4330,1668,2664
7319,64,497,65,434
7320,139,506,140,368
7321,37,340,38,304
7322,1,10,2,10
7323,3643,5667,3644,2025
7324,655,1995,656,1341
7325,915,4583,916,3669
7326,47,154,48,108
7327,1327,1800,1328,474
7328,79,148,80,70
7329,5,31,6,27
7330,4,22,5,19
7331,22,67,23,46
7332,2,35,3,34
7333,120,214,121,95
7334,152,277,153,126
7335,188,307,189,120
7336,26,65,27,40
7337,2,25,3,24
7338,112,184,113,73
7339,1,10,2,10
7340,63,324,64,262
7341,28,80,29,53
7342,3,45,4,43
7343,11,39,12,29
7344,5,15,6,11
7345,49,430,50,382
7346,1182,3477,1183,2296
7347,1121,3860,1122,2740
7348,347,944,348,598
7349,60,112,61,53
7350,2,7,3,6
7351,20,40,21,21
7352,150,323,151,174
7353,13,138,14,126
7354,93,420,94,328
7355,53,157,54,105
7356,5,17,6,13
7357,33,96,34,64
7358,12,43,13,32
7359,6,70,7,65
7360,2721,5599,2722,2879
7361,24246,33225,24247,8980
7362,296,1199,297,904
7363,4,10,5,7
7364,157,411,158,255
7365,155,274,156,120
7366,391,1540,392,1150
7367,572,2568,573,1997
7368,7,46,8,40
7369,133,1042,134,910
7370,5,17,6,13
7371,2570,3890,2571,1321
7372,51,277,52,227
7373,3218,9362,3219,6145
7374,50,438,51,389
7375,325,925,326,601
7376,277,1194,278,918
7377,202,434,203,233
7378,3,103,4,101
7379,75,464,76,390
7380,642,1756,643,1115
7381,215,1164,216,950
7382,236,423,237,188
7383,38,169,39,132
7384,35,73,36,39
7385,12,72,13,61
7386,1024,1986,1025,963
7387,2178,3649,2179,1472
7388,27,77,28,51
7389,29,198,30,170
7390,7,41,8,35
7391,8,99,9,92
7392,9,40,10,32
7393,1,33,2,33
7394,80,232,81,153
7395,158,425,159,268
7396,462,607,463,146
7397,3,21,4,19
7398,9,27,10,19
7399,8,44,9,37
7400,3,14,4,12
7401,4,20,5,17
7402,8,78,9,71
7403,2,32,3,31
7404,0,11,1,12
7405,26,87,27,62
7406,25,79,26,55
7407,6,46,7,41
7408,18,56,19,39
7409,1,9,2,9
7410,27,164,28,138
7411,4,34,5,31
7412,2,12,3,11
7413,5,28,6,24
7414,39,100,40,62
7415,46,101,47,56
7416,88,215,89,128
7417,24,89,25,66
7418,18,55,19,38
7419,1047,1678,1048,632
7420,17,81,18,65
7422,10,23,11,14
7423,24,39,25,16
7437,58,204,59,147
7438,17958,28502,17959,10545
7439,607,2445,608,1839
7440,93,163,94,71
7441,2,8,3,7
7442,61,231,62,171
7443,2,20,3,19
7444,1509,5224,1510,3716
7445,4435,7605,4436,3171
7446,6,33,7,28
7447,4,6,5,3
7448,50,610,51,561
7449,45,493,46,449
7450,129,553,130,425
7451,4317,9189,4318,4873
7452,1,3,2,3
7453,43,301,44,259
7454,1228,5790,1229,4563
7455,23,48,24,26
7456,69,123,70,55
7457,11,70,12,60
7458,4046,10544,4047,6499
7459,176,332,177,157
7460,873,1849,874,977
7461,9,37,10,29
7474,45,96,46,52
7475,25,61,26,37
7477,8,101,9,94
7478,280,406,281,127
7479,22,52,23,31
7480,39,104,40,66
7481,492,1257,493,766
7482,1759,3076,1760,1318
7483,6,14,7,9
7484,334,547,335,214
7485,104,171,105,68
7486,274,428,275,155
7487,103,307,104,205
7488,23,44,24,22
7489,130,212,131,83
7490,18,49,19,32
7491,20,71,21,52
7492,70,181,71,112
7493,226,384,227,159
7505,291,404,292,114
7521,5,33,6,29
7523,17,99,18,83
7528,3,18,4,16
7537,1,7,2,7
7541,91,430,92,340
7560,627,926,628,300
7561,52,132,53,81
7562,111,276,112,166
7563,16,40,17,25
7564,271,415,272,145
7565,6,26,7,21
7566,584,786,585,203
7567,1,3,2,3
7568,2,3,3,2
7569,1223,2674,1224,1452
7570,571,1816,572,1246
7571,22,63,23,42
7572,375,571,376,197
7573,363,1212,364,850
7574,49,94,50,46
7577,116,186,117,71
7578,64,96,65,33
7579,307,554,308,248
7580,53,113,54,61
7581,78,190,79,113
7582,10,26,11,17
7583,14,41,15,28
7584,246,403,247,158
7585,75,134,76,60
7586,94,175,95,82
7587,754,1032,755,279
7613,33,115,34,83
7614,294,637,295,344
7615,58,132,59,75
7616,147,409,148,263
7617,101,253,102,153
7618,437,948,438,512
7619,459,731,460,273
7620,130,202,131,73
7621,13,30,14,18
7622,5,12,6,8
7623,4,11,5,8
7624,213,594,214,382
7625,15,54,16,40
7626,24,145,25,122
7627,4,19,5,16
7636,39,237,40,199
7637,56,143,57,88
7638,16,59,17,44
7639,0,6,1,7
7644,7,12,8,6
7645,6,23,7,18
7646,131,428,132,298
7647,183,333,184,151
7648,2,19,3,18
7650,58,168,59,111
7657,23,125,24,103
7669,1779,2585,1780,807
7675,22,83,23,62
7697,15,86,16,72
7698,555,1065,556,511
7699,8,18,9,11
7700,702,950,703,249
7701,98,1617,99,1520
7702,85,206,86,122
7703,1,39,2,39
7704,32,253,33,222
7705,152,265,153,114
7706,676,976,677,301
7707,36,202,37,167
7708,178,450,179,273
7713,205,446,206,242
7714,146,305,147,160
7716,44,147,45,104
7719,11,63,12,53
7720,272,564,273,293
7723,3,53,4,51
7724,3,71,4,69
7725,14,284,15,271
7726,2,11,3,10
7727,11,85,12,75
7728,344,628,345,285
7730,49,159,50,111
7738,5,11,6,7
7739,10,49,11,40
7742,41,100,42,60
7743,166,489,167,324
7745,156,299,157,144
7748,380,587,381,208
7749,172,316,173,145
7750,4,8,5,5
7751,2,16,3,15
7752,3,11,4,9
7753,60,112,61,53
7754,0,5,1,6
7756,153,289,154,137
7757,335,793,336,459
7758,15,40,16,26
7759,275,413,276,139
7761,34,77,35,44
7763,44,108,45,65
7764,20,84,21,65
7765,2,6,3,5
7766,962,1296,963,335
7767,361,502,362,142
7768,0,25,1,26
7769,13,39,14,27
7770,32,99,33,68
7771,261,429,262,169
7772,6,27,7,22
7773,267,483,268,217
7774,14,46,15,33
7775,14,34,15,21
7781,81,402,82,322
7782,88,378,89,291
7783,6,13,7,8
7784,16,95,17,80
7785,40,76,41,37
7786,130,192,131,63
7787,59,110,60,52
7789,44,121,45,78
7790,59,174,60,116
7791,115,352,116,238
7792,256,509,257,254
7802,817,1515,818,699
7808,1,13,2,13
7809,67,293,68,227
7813,6,28,7,23
7814,22,54,23,33
7815,125,231,126,107
7816,2,3,3,2
7817,127,546,128,420
7818,30,73,31,44
7820,426,622,427,197
7821,28,49,29,22
7822,19,75,20,57
7823,2,4,3,3
7824,7,20,8,14
7826,155,311,156,157
7827,439,966,440,528
7828,6,15,7,10
7831,228,373,229,146
7832,143,219,144,77
7833,187,310,188,124
7834,342,553,343,212
7835,100,177,101,78
7836,689,1058,690,370
7837,8,46,9,39
7838,1,6,2,6
7839,20,55,21,36
7840,216,412,217,197
7844,213,350,214,138
7845,98,572,99,475
7846,58,389,59,332
7847,38,104,39,67
7850,4,11,5,8
7872,10,22,11,13
7878,15,51,16,37
7879,82,195,83,114
7880,11,39,12,29
7881,40,158,41,119
7882,16,59,17,44
7883,114,259,115,146
7884,56,109,57,54
7885,15,73,16,59
7886,10,54,11,45
7887,2,25,3,24
7888,144,283,145,140
7889,143,319,144,177
7890,15,53,16,39
7891,114,300,115,187
7892,26,94,27,69
7893,12,50,13,39
7894,198,402,199,205
7895,182,337,183,156
7896,116,228,117,113
7897,71,166,72,96
7898,23,68,24,46
7899,72,154,73,83
7900,6,51,7,46
7901,6,51,7,46
7912,13,40,14,28
7913,13,47,14,35
7914,27,74,28,48
7915,100,195,101,96
7916,26,103,27,78
7917,8,45,9,38
7918,73,166,74,94
7919,116,180,117,65
7920,106,173,107,68
7921,3,43,4,41
7922,6,46,7,41
7923,55,123,56,69
7924,319,473,320,155
7925,767,1138,768,372
7926,633,786,634,154
7928,11,36,12,26
7930,68,305,69,238
7931,4,14,5,11
7932,280,469,281,190
7933,113,232,114,120
7934,814,1377,815,564
7935,35,67,36,33
7936,137,211,138,75
7937,277,405,278,129
7938,320,463,321,144
7939,360,508,361,149
7940,126,206,127,81
7941,272,391,273,120
7942,109,221,110,113
7943,329,507,330,179
7944,162,268,163,107
7945,14,22,15,9
7946,24,63,25,40
7947,37,84,38,48
7948,32,98,33,67
7949,29,95,30,67
7950,3,9,4,7
7951,103,325,104,223
7952,4,30,5,27
7954,12,61,13,50
7958,7,40,8,34
7959,32,91,33,60
7976,117,369,118,253
7979,195,283,196,89
7980,676,1222,677,547
7981,1661,2394,1662,734
7982,466,890,467,425
7983,418,765,419,348
7984,155,388,156,234
7985,3,12,4,10
7986,13,119,14,107
7987,20,108,21,89
7988,25,150,26,126
7989,6,33,7,28
7990,97,264,98,168
7991,209,622,210,414
7992,18,43,19,26
7993,35,111,36,77
7994,7,36,8,30
7995,12,44,13,33
8003,14,58,15,45
8004,21,84,22,64
8007,23,66,24,44
8008,150,397,151,248
8009,5,30,6,26
8010,237,443,238,207
8011,263,437,264,175
8012,365,593,366,229
8013,22,78,23,57
8014,1525,2130,1526,606
8015,108,232,109,125
8016,267,569,268,303
8017,78,160,79,83
8019,284,734,285,451
8024,23,107,24,85
8025,46,100,47,55
8033,533,825,534,293
8035,16,96,17,81
8037,2,11,3,10
8038,0,6,1,7
8039,255,483,256,229
8040,38,99,39,62
8041,1,15,2,15
8042,1019,1728,1020,710
8043,16,77,17,62
8044,193,311,194,119
8045,113,426,114,314
8055,3,25,4,23
8056,40,127,41,88
8057,30,74,31,45
8062,28,149,29,122
8063,21,66,22,46
8068,18,32,19,15
8069,6,30,7,25
8070,15,30,16,16
8092,6,78,7,73
8093,21,153,22,133
8094,369,594,370,226
8095,2,6,3,5
8117,207,359,208,153
8118,10,100,11,91
8119,79,252,80,174
8120,6,22,7,17
8121,130,225,131,96
8122,0,12,1,13
8123,34,70,35,37
8124,6,33,7,28
8125,440,631,441,192
8126,98,220,99,123
8127,20,61,21,42
8128,589,847,590,259
8129,11,84,12,74
8130,34,132,35,99
8131,369,668,370,300
8132,2139,3285,2140,1147
8133,48,88,49,41
8134,69,209,70,141
8136,5,32,6,28
8137,2,48,3,47
8138,5,60,6,56
8139,6,40,7,35
8140,27,57,28,31
8141,5,25,6,21
8142,62,155,63,94
8143,41,90,42,50
8147,282,542,283,261
8148,5,20,6,16
8149,7,38,8,32
8153,59,143,60,85
8154,1126,1687,1127,562
8157,361,680,362,320
8158,171,437,172,267
8167,289,467,290,179
8168,9,60,10,52
8169,510,1736,511,1227
8183,336,651,337,316
8187,11,51,12,41
8188,199,285,200,87
8189,47,96,48,50
8190,60,144,61,85
8191,182,304,183,123
8194,38,97,39,60
8195,424,628,425,205
8196,80,229,81,150
8197,406,605,407,200
8198,29,67,30,39
8199,341,502,342,162
8201,38,100,39,63
8202,26,48,27,23
8203,11,22,12,12
8206,18,76,19,59
8207,1210,1850,1211,641
8208,48,103,49,56
8220,3,21,4,19
8221,85,152,86,68
8222,35,115,36,81
8224,10,18,11,9
8225,288,701,289,414
8227,27,90,28,64
8228,2091,2917,2092,827
8232,41,75,42,35
8235,324,452,325,129
8236,18,54,19,37
8237,1,10,2,10
8239,307,459,308,153
8240,19,52,20,34
8241,11,60,12,50
8252,7,30,8,24
8253,740,1173,741,434
8254,379,682,380,304
8255,7,34,8,28
8256,55,112,56,58
8257,34,79,35,46
8258,31,97,32,67
8259,21,99,22,79
8260,52,103,53,52
8261,265,421,266,157
8262,8,15,9,8
8263,18,63,19,46
8264,239,389,240,151
8265,7,89,8,83
8266,147,571,148,425
8267,4,24,5,21
8268,112,480,113,369
8269,1,41,2,41
8270,141,243,142,103
8272,23,60,24,38
8273,67,191,68,125
8275,62,130,63,69
8290,5,78,6,74
8291,113,215,114,103
8292,37,81,38,45
8293,8,30,9,23
8294,10,33,11,24
8295,70,207,71,138
8302,44,93,45,50
8327,260,421,261,162
8329,6,18,7,13
8330,87,173,88,87
8331,67,126,68,60
8332,65,125,66,61
8334,125,239,126,115
8335,84,115,85,32
8336,63,112,64,50
8337,711,1059,712,349
8338,299,469,300,171
8339,5,12,6,8
8340,1550,2722,1551,1173
8341,261,501,262,241
8359,2,3,3,2
8360,8976,20198,8977,11223
8361,2760,10761,2761,8002
8362,163,671,164,509
8363,34,360,35,327
8364,151,294,152,144
8365,47,118,48,72
8366,1193,2475,1194,1283
8367,54,155,55,102
8368,13662,22561,13663,8900
8369,213,812,214,600
8370,1081,1873,1082,793
8371,2209,5781,2210,3573
8372,154,1609,155,1456
8373,321,2380,322,2060
8374,20,45,21,26
8375,24,80,25,57
8376,4500,10304,4501,5805
8377,37,81,38,45
8378,55,164,56,110
8379,151,255,152,105
8380,2,54,3,53
8381,25,47,26,23
8382,7,97,8,91
8383,15,130,16,116
8384,8,35,9,28
8385,74,162,75,89
8387,70,994,71,925
8388,8,35,9,28
8391,30,78,31,49
8392,10,42,11,33
8393,1,38,2,38
8394,1,6,2,6
8395,44,113,45,70
8397,6,36,7,31
8398,6,22,7,17
8399,2,20,3,19
8400,42,94,43,53
8401,146,278,147,133
8402,5,37,6,33
8403,10,30,11,21
8404,178,360,179,183
8405,231,367,232,137
8407,17,54,18,38
8410,43,118,44,76
8411,0,7,1,8
8420,14,30,15,17
8421,18,46,19,29
8422,18,54,19,37
8423,36,64,37,29
8424,6,32,7,27
8425,11,66,12,56
8426,58,140,59,83
8427,2,41,3,40
8444,18,46,19,29
8446,77,206,78,130
8447,38,175,39,138
8448,19,45,20,27
8450,4,19,5,16
8451,128,280,129,153
8452,1,20,2,20
8453,6,40,7,35
8454,14,44,15,31
8455,6,18,7,13
8456,92,147,93,56
8457,1,7,2,7
8458,7,17,8,11
8459,186,281,187,96
8460,45,133,46,89
8461,0,7,1,8
8462,18,45,19,28
8463,32,68,33,37
8464,5020,10913,5021,5894
8465,1,18,2,18
8469,0,14,1,15
8477,814,1132,815,319
8478,22,49,23,28
8480,11,31,12,21
8481,41,87,42,47
8482,192,383,193,192
8483,6,35,7,30
8484,103,146,104,44
8485,125,207,126,83
8486,38,76,39,39
8487,40,148,41,109
8488,12,47,13,36
8491,472,709,473,238
8492,430,743,431,314
8493,577,1359,578,783
8494,97,219,98,123
8495,55,187,56,133
8496,91,218,92,128
8499,77,185,78,109
8500,7,34,8,28
8501,356,837,357,482
8502,35,128,36,94
8503,17,84,18,68
8504,31,91,32,61
8505,34,80,35,47
8506,15,76,16,62
8507,830,1432,831,603
8511,88,160,89,73
8512,106,372,107,267
8516,289,416,290,128
8518,19,42,20,24
8519,3,15,4,13
8520,84,217,85,134
8521,124,310,125,187
8522,34,84,35,51
8524,13,55,14,43
8525,19,79,20,61
8526,245,1213,246,969
8527,42,204,43,163
8528,2852,8149,2853,5298
8529,4731,9921,4732,5191
8530,597,907,598,311
8531,375,2112,376,1738
8532,168,444,169,277
8533,4857,8668,4858,3812
8534,70,163,71,94
8535,105,327,106,223
8536,2,5,3,4
8537,27,119,28,93
8540,13,59,14,47
8541,0,8,1,9
8542,642,931,643,290
8543,13,63,14,51
8544,8,31,9,24
8545,0,5,1,6
8571,45,187,46,143
8572,14,50,15,37
8573,107,201,108,95
8574,101,183,102,83
8575,84,192,85,109
8576,187,485,188,299
8577,26,55,27,30
8578,66,254,67,189
8580,315,481,316,167
8581,581,1138,582,558
8582,328,494,329,167
8583,21,56,22,36
8584,77,147,78,71
8585,17,79,18,63
8586,8,26,9,19
8587,16,65,17,50
8589,333,560,334,228
8591,116,480,117,365
8592,2,15,3,14
8593,58,156,59,99
8594,2,8,3,7
8595,30,71,31,42
8596,562,1118,563,557
8597,6,37,7,32
8598,28,89,29,62
8600,266,465,267,200
8601,104,188,105,85
8602,95,168,96,74
8603,9,21,10,13
8604,542,1172,543,631
8605,148,491,149,344
8606,9,20,10,12
8607,727,1109,728,383
8608,54,120,55,67
8609,153,259,154,107
8610,442,936,443,495
8611,30,67,31,38
8612,32,129,33,98
8613,8,27,9,20
8614,383,1160,384,778
8615,11,55,12,45
8616,20,61,21,42
8617,24,105,25,82
8618,140,264,141,125
8619,21,44,22,24
8620,453,643,454,191
8621,7,20,8,14
8622,4604,9253,4605,4650
8623,1066,2520,1067,1455
8624,8,18,9,11
8625,13,25,14,13
8626,11,67,12,57
8627,0,2,1,3
8628,7,19,8,13
8629,33,67,34,35
8630,5,14,6,10
8631,31,98,32,68
8632,1,14,2,14
8633,576,1567,577,992
8634,12,124,13,113
8635,5,31,6,27
8636,8973,20725,8974,11753
8637,4,12,5,9
8638,3314,4832,3315,1519
8639,34,264,35,231
8640,619,2656,620,2038
8641,4391,9372,4392,4982
8642,48,187,49,140
8643,498,1368,499,871
8644,7199,17321,7200,10123
8645,1400,2274,1401,875
8646,3,11,4,9
8647,4,21,5,18
8648,3,24,4,22
8649,4,50,5,47
8650,91,140,92,50
8651,76,160,77,85
8652,5,26,6,22
8653,3,25,4,23
8654,7,31,8,25
8655,14,55,15,42
8656,414,574,415,161
8657,22,69,23,48
8658,5,62,6,58
8659,9,29,10,21
8660,19,43,20,25
8661,80,239,81,160
8662,35,92,36,58
8663,24,55,25,32
8664,26,47,27,22
8665,12535,20091,12536,7557
8666,144,2238,145,2095
8667,122,305,123,184
8668,1,8,2,8
8669,5,53,6,49
8670,209,298,210,90
8671,7,28,8,22
8672,7,15,8,9
8673,1,11,2,11
8674,27,81,28,55
8675,92,187,93,96
8676,3,81,4,79
8677,14,49,15,36
8678,22,55,23,34
8679,2,13,3,12
8680,26,70,27,45
8681,25,52,26,28
8682,11,24,12,14
8683,13,47,14,35
8684,327,441,328,115
8685,8,33,9,26
8686,12,35,13,24
8687,5,41,6,37
8688,5,27,6,23
8689,37,110,38,74
8690,352,676,353,325
8691,5,15,6,11
8692,15,49,16,35
8693,2,22,3,21
8694,20,44,21,25
8695,92,209,93,118
8696,8,43,9,36
8697,4,16,5,13
8698,21,72,22,52
8699,2,6,3,5
8700,42,90,43,49
8701,8,101,9,94
8702,6,49,7,44
8703,5,31,6,27
8704,1,18,2,18
8705,2,30,3,29
8706,1,15,2,15
8707,0,4,1,5
8708,1,3,2,3
8709,12,72,13,61
8710,62,138,63,77
8711,200,425,201,226
8712,204,334,205,131
8713,34,175,35,142
8714,10,45,11,36
8715,9,29,10,21
8716,9,32,10,24
8718,67,142,68,76
8719,8,24,9,17
8720,15,176,16,162
8721,8,31,9,24
8722,3,60,4,58
8723,5,14,6,10
8724,217,343,218,127
8725,30,102,31,73
8726,63,128,64,66
8727,30,102,31,73
8728,2,31,3,30
8729,6,37,7,32
8730,72,156,73,85
8731,96,267,97,172
8732,57,117,58,61
8733,22,68,23,47
8734,7,35,8,29
8735,6,26,7,21
8736,12,38,13,27
8737,0,4,1,5
8738,167,279,168,113
8739,136,209,137,74
8740,59,115,60,57
8741,0,18,1,19
8742,3,22,4,20
8743,7,41,8,35
8744,6,34,7,29
8745,8,46,9,39
8746,15,69,16,55
8747,4,47,5,44
8748,29,73,30,45
8749,48,92,49,45
8750,2,15,3,14
8751,136,260,137,125
8752,92,159,93,68
8753,55,103,56,49
8754,236,374,237,139
8755,46,77,47,32
8756,7,27,8,21
8757,16,39,17,24
8758,10,44,11,35
8759,8,20,9,13
8760,4,49,5,46
8761,28,82,29,55
8762,14,43,15,30
8763,3,17,4,15
8764,2,6,3,5
8765,135,225,136,91
8766,9,35,10,27
8767,104,197,105,94
8768,64,136,65,73
8769,7,45,8,39
8770,5,42,6,38
8771,12,43,13,32
8772,362,565,363,204
8773,45,138,46,94
8774,8,59,9,52
8775,16,38,17,23
8776,2,17,3,16
8777,17,29,18,13
8778,24,80,25,57
8779,41,119,42,79
8780,17,56,18,40
8781,1028,3073,1029,2046
8782,26,258,27,233
8783,2358,6985,2359,4628
8784,6493,11432,6494,4940
8785,115,165,116,51
8786,92,151,93,60
8787,22,74,23,53
8788,9,35,10,27
8789,8,34,9,27
8790,8,22,9,15
8792,2,30,3,29
8793,15,65,16,51
8794,34,49,35,16
8795,79,170,80,92
8796,202,426,203,225
8797,131,214,132,84
8798,5675,10723,5676,5049
8799,48,366,49,319
8800,186,588,187,403
8801,20,54,21,35
8802,2,9,3,8
8803,18,41,19,24
8804,20,46,21,27
8805,48,121,49,74
8806,2,8,3,7
8807,2326,5343,2327,3018
8808,581,1826,582,1246
8809,145,319,146,175
8810,790,4907,791,4118
8811,17,264,18,248
8812,5,25,6,21
8813,69,268,70,200
8814,205,1015,206,811
8815,68,636,69,569
8816,5,36,6,32
8817,2,18,3,17
8818,7,48,8,42
8819,2,26,3,25
8820,4,31,5,28
8821,4,38,5,35
8822,3,40,4,38
8823,6,55,7,50
8824,6,17,7,12
8825,5,39,6,35
8826,22,59,23,38
8827,774,1139,775,366
8828,19,55,20,37
8829,7,35,8,29
8830,39,644,40,606
8831,66,385,67,320
8832,55,139,56,85
8833,178,608,179,431
8834,5,37,6,33
8835,30,203,31,174
8836,255,671,256,417
8837,4,22,5,19
8838,306,586,307,281
8839,7,114,8,108
8840,31,102,32,72
8841,31,102,32,72
8842,2,13,3,12
8843,4,32,5,29
8844,82,137,83,56
8845,14,31,15,18
8846,6,86,7,81
8847,2,56,3,55
8848,174,278,175,105
8849,9,74,10,66
8850,11,87,12,77
8851,37,75,38,39
8852,15,65,16,51
8853,4,15,5,12
8854,33,150,34,118
8855,16,122,17,107
8856,2,29,3,28
8857,10,31,11,22
8858,10,35,11,26
8859,7,208,8,202
8860,397,1655,398,1259
8861,1089,3737,1090,2649
8862,65,242,66,178
8863,0,2,1,3
8864,35,366,36,332
8865,895,3725,896,2831
8866,435,1545,436,1111
8867,10,72,11,63
8868,27,136,28,110
8869,85,435,86,351
8870,323,1536,324,1214
8871,9,78,10,70
8872,53,216,54,164
8873,2892,4609,2893,1718
8874,12641,19558,12642,6918
8875,44,89,45,46
8876,2,14,3,13
8877,2,11,3,10
8878,8,35,9,28
8879,636,1263,637,628
8880,529,1355,530,827
8881,12,47,13,36
8882,45,136,46,92
8883,1,17,2,17
8884,80,363,81,284
8885,26,123,27,98
8886,9,75,10,67
8887,4,37,5,34
8888,0,2,1,3
8889,2,40,3,39
8890,4,27,5,24
8891,6,40,7,35
8892,4,56,5,53
8893,13,84,14,72
8894,14,211,15,198
8895,8,26,9,19
8896,12,45,13,34
8897,6,21,7,16
8898,22,59,23,38
8899,43,141,44,99
8900,15,58,16,44
8901,9,34,10,26
8902,8,42,9,35
8903,7,99,8,93
8904,2,15,3,14
8905,96,423,97,328
8906,197,603,198,407
8907,554,3204,555,2651
8908,273,913,274,641
8909,0,3,1,4
8910,2108,4064,2109,1957
8911,128,341,129,214
8912,98,716,99,619
8913,19,63,20,45
8914,2670,4398,2671,1729
8915,137,292,138,156
8916,364,1057,365,694
8917,2952,6478,2953,3527
8918,97,251,98,155
8919,46,215,47,170
8920,62,112,63,51
8921,23,70,24,48
8922,31,80,32,50
8923,125,283,126,159
8924,23,78,24,56
8925,6,16,7,11
8926,9,35,10,27
8927,18,116,19,99
8928,175,455,176,281
8929,23,91,24,69
8930,221,357,222,137
8931,44,124,45,81
8932,21,122,22,102
8933,112,225,113,114
8934,21,178,22,158
8935,8,61,9,54
8936,13,22,14,10
8937,716,1562,717,847
8938,80,188,81,109
8939,191,766,192,576
8940,1,7,2,7
8941,16,113,17,98
8942,2,9,3,8
8943,175,419,176,245
8944,5,21,6,17
8945,1,5,2,5
8946,38,272,39,235
8947,557,2676,558,2120
8948,230,1274,231,1045
8949,4888,8932,4889,4045
8950,5458,8982,5459,3525
8951,487,834,488,348
8952,7,28,8,22
8953,2,9,3,8
8954,18,32,19,15
8955,82,209,83,128
8956,41,160,42,120
8957,4168,9315,4169,5148
8958,2917,5012,2918,2096
8959,128,531,129,404
8960,6,18,7,13
8961,19186,30562,19187,11377
8962,12,27,13,16
8963,16,115,17,100
8964,7,45,8,39
8965,1023,3459,1024,2437
8966,908,2010,909,1103
8967,41,436,42,396
8968,198,851,199,654
8969,883,3248,884,2366
8970,4426,8042,4427,3617
8971,50,100,51,51
8972,3500,9052,3501,5553
8973,1019,1689,1020,671
8974,360,1202,361,843
8975,1,7,2,7
8976,1,9,2,9
8977,308,2102,309,1795
8978,79,548,80,470
8979,25,63,26,39
8980,27,66,28,40
8981,2291,4637,2292,2347
8982,116,227,117,112
8983,2650,4764,2651,2115
8984,3522,10005,3523,6484
8985,802,3443,803,2642
8986,20,96,21,77
8987,37,91,38,55
8988,10,84,11,75
8989,99,197,100,99
8990,2,35,3,34
8991,9,60,10,52
8992,5,36,6,32
8993,9,46,10,38
8994,18,71,19,54
8995,9,39,10,31
8996,9,38,10,30
8997,1,24,2,24
8998,228,363,229,136
8999,102,189,103,88
9000,52,105,53,54
9001,10,52,11,43
9002,11,52,12,42
9003,4,30,5,27
9004,46,376,47,331
9005,75,395,76,321
9006,1,8,2,8
9007,4,14,5,11
9008,7,57,8,51
9009,1,10,2,10
9010,570,929,571,360
9011,37,83,38,47
9012,1,8,2,8
9013,41,75,42,35
9014,23,48,24,26
9015,4,26,5,23
9016,1,14,2,14
9017,3,29,4,27
9018,411,673,412,263
9019,5,19,6,15
25735,3,13,4,11
25736,15,48,16,34
25737,27,82,28,56
25738,27,61,28,35
25739,4,18,5,15
25741,76,131,77,56
25742,20,45,21,26
25743,2,12,3,11
25744,78,158,79,81
25745,0,3,1,4
25746,31,91,32,61
25747,2,11,3,10
25748,9,24,10,16
25749,2,6,3,5
25750,405,595,406,191
25751,29,43,30,15
25752,67,123,68,57
25753,122,199,123,78
25755,114,249,115,136
25757,29,113,30,85
25759,34,72,35,39
25760,0,3,1,4
25762,52,98,53,47
25763,137,218,138,82
25764,137,216,138,80
25765,20,44,21,25
25766,68,113,69,46
25767,24,52,25,29
25768,3,6,4,4
25769,252,390,253,139
25770,5,12,6,8
25771,664,1111,665,448
25773,114,231,115,118
25774,127,249,128,123
25775,9,19,10,11
25777,289,444,290,156
25778,7,32,8,26
25782,31,79,32,49
25783,2,24,3,23
25785,14,41,15,28
25786,39,87,40,49
25787,0,6,1,7
25788,459,812,460,354
25789,37,77,38,41
25792,44,74,45,31
25793,138,276,139,139
25794,1,11,2,11
25795,72,141,73,70
25796,1,13,2,13
25797,58,105,59,48
25798,37,93,38,57
25800,10,21,11,12
25801,11,55,12,45
25802,4,55,5,52
25803,1,14,2,14
25804,3,12,4,10
25805,219,347,220,129
25806,2,16,3,15
25807,29,100,30,72
25808,11,35,12,25
25809,2,6,3,5
25810,3,23,4,21
25811,10,22,11,13
25812,26,48,27,23
25814,3,10,4,8
25816,1,6,2,6
25818,30,58,31,29
25819,4,35,5,32
25820,16,45,17,30
25822,3,39,4,37
25824,10,24,11,15
25825,101,181,102,81
25826,119,187,120,69
25827,258,437,259,180
25828,126,231,127,106
25829,0,12,1,13
25830,23,46,24,24
25831,13,27,14,15
25832,2,15,3,14
25833,67,124,68,58
25834,90,150,91,61
25835,40,92,41,53
25837,6,17,7,12
25839,69,128,70,60
25840,36,66,37,31
25841,100,169,101,70
25842,38,93,39,56
25843,0,4,1,5
25846,6,14,7,9
25850,321,475,322,155
25851,2,7,3,6
25852,60,110,61,51
25854,6,18,7,13
25855,106,204,107,99
25856,171,322,172,152
25858,15,24,16,10
25859,11,29,12,19
25860,4,19,5,16
25861,4,19,5,16
25864,3,8,4,6
25865,107,195,108,89
25866,74,155,75,82
25868,128,232,129,105
25869,10,28,11,19
25870,70,141,71,72
25871,2,6,3,5
25872,2,8,3,7
25874,10,30,11,21
25875,4,20,5,17
25878,5,28,6,24
25879,13,32,14,20
25881,10,20,11,11
25882,4,12,5,9
25884,0,7,1,8
25886,99,158,100,60
25887,3,13,4,11
25888,9,34,10,26
25890,3,13,4,11
25891,117,243,118,127
25892,0,3,1,4
25893,37,80,38,44
25894,6,16,7,11
25897,0,5,1,6
25898,132,195,133,64
25899,20,65,21,46
25900,33,87,34,55
25901,66,120,67,55
25902,7,22,8,16
25903,9,28,10,20
25904,39,105,40,67
25905,47,92,48,46
25906,25,57,26,33
25907,0,8,1,9
25908,10,45,11,36
25910,1,6,2,6
25911,94,170,95,77
25912,6,12,7,7
25913,5,40,6,36
25914,42,93,43,52
25915,10,31,11,22
25916,38,111,39,74
25918,63,102,64,40
25919,2,13,3,12
25920,25,64,26,40
25921,4,21,5,18
25922,5,21,6,17
25923,280,483,281,204
25924,19,42,20,24
25926,25,46,26,22
25927,170,327,171,158
25928,0,5,1,6
25929,64,125,65,62
25930,72,135,73,64
25931,10,33,11,24
25932,3,17,4,15
25934,22,63,23,42
25935,1,1,2,1
25936,1,6,2,6
25937,108,218,109,111
25938,106,214,107,109
25940,294,516,295,223
25941,89,132,90,44
25942,8,24,9,17
25943,79,161,80,83
25944,13,39,14,27
25945,52,112,53,61
25946,17,69,18,53
25947,76,129,77,54
25948,9,26,10,18
25950,9,32,10,24
25951,19,45,20,27
25952,87,177,88,91
25954,186,274,187,89
25956,3,15,4,13
25957,0,3,1,4
25959,17,63,18,47
25960,19,45,20,27
25961,71,115,72,45
25962,31,97,32,67
25963,171,246,172,76
25964,13,33,14,21
25965,19,38,20,20
25966,11,26,12,16
25970,1,7,2,7
25971,60,171,61,112
25972,16,48,17,33
25974,3,22,4,20
25975,37,61,38,25
25976,7,25,8,19
25977,30,83,31,54
25979,0,5,1,6
25980,14,27,15,14
25981,1,4,2,4
25984,2,8,3,7
25986,10,28,11,19
25987,20,27,21,8
25989,8,21,9,14
25990,11,22,12,12
25991,8,31,9,24
25993,53,113,54,61
25994,15,27,16,13
25995,113,188,114,76
25996,106,215,107,110
25998,4,32,5,29
25999,105,243,106,139
26000,3,10,4,8
26001,9,26,10,18
26002,54,114,55,61
26003,326,438,327,113
26005,73,115,74,43
26006,0,11,1,12
26007,195,332,196,138
26008,2,9,3,8
26009,36,64,37,29
26010,24,78,25,55
26012,74,120,75,47
26013,4,33,5,30
26016,1,1,2,1
26018,1,2,2,2
26019,2,25,3,24
26021,6,50,7,45
26022,2,13,3,12
26025,20,76,21,57
26026,1,12,2,12
26027,3,12,4,10
26028,1,5,2,5
26030,2,10,3,9
26033,4,9,5,6
26034,6,21,7,16
26035,1,7,2,7
26038,28,77,29,50
26042,1,5,2,5
26043,16,79,17,64
26044,3,8,4,6
26046,2,7,3,6
26047,0,9,1,10
26048,63,90,64,28
26049,32,56,33,25
26050,0,6,1,7
26051,35,73,36,39
26052,231,380,232,150
26055,119,177,120,59
26056,8,23,9,16
26058,1,10,2,10
26059,29,46,30,18
26062,5,22,6,18
26063,0,6,1,7
26064,191,275,192,85
26066,1,8,2,8
26067,1,19,2,19
26068,7,26,8,20
26070,20,35,21,16
26072,19,47,20,29
26073,65,90,66,26
26074,5,25,6,21
26076,12,27,13,16
26078,113,188,114,76
26079,16,29,17,14
26080,4,37,5,34
26082,582,714,583,133
26083,56,119,57,64
26084,459,822,460,364
26085,154,317,155,164
26088,3,4,4,2
26090,69,87,70,19
26093,3,15,4,13
26094,224,336,225,113
26095,10,28,11,19
26096,11,37,12,27
26098,2,17,3,16
26099,1,15,2,15
26100,7,20,8,14
26101,116,230,117,115
26104,12,37,13,26
26106,3,16,4,14
26107,12,34,13,23
26108,3,13,4,11
26109,32,50,33,19
26110,10,24,11,15
26111,268,398,269,131
26112,4,21,5,18
26113,32,64,33,33
26116,119,228,120,110
26117,28,87,29,60
26119,62,123,63,62
26122,190,297,191,108
26123,12,56,13,45
26124,31,123,32,93
26125,19,56,20,38
26127,1,6,2,6
26128,15,50,16,36
26130,3,16,4,14
26131,1083,1476,1084,394
26133,831,1322,832,492
26134,28,109,29,82
26136,4,17,5,14
26137,2,22,3,21
26138,49,96,50,48
26139,39,90,40,52
26140,2,15,3,14
26141,13,41,14,29
26142,9,43,10,35
26144,8,42,9,35
26146,10,33,11,24
26147,45,79,46,35
26148,130,219,131,90
26150,683,935,684,253
26151,226,368,227,143
26152,255,869,256,615
26153,15,52,16,38
26155,20,82,21,63
26156,6,23,7,18
26157,18,109,19,92
26158,135,206,136,72
26159,68,119,69,52
26160,34,86,35,53
26162,0,9,1,10
26163,186,279,187,94
26164,31,68,32,38
26167,14,29,15,16
26169,66,120,67,55
26170,43,104,44,62
26171,281,449,282,169
26172,243,447,244,205
26174,21,66,22,46
26175,5,16,6,12
26176,30,64,31,35
26177,4,15,5,12
26178,97,186,98,90
26180,4,17,5,14
26181,43,117,44,75
26183,90,176,91,87
26184,154,219,155,66
26185,4,32,5,29
26187,31,88,32,58
26188,25,47,26,23
26189,13,51,14,39
26191,9,27,10,19
26194,3,10,4,8
26195,12,48,13,37
26197,24,47,25,24
26198,79,189,80,111
26199,36,143,37,108
26202,1,3,2,3
26203,130,297,131,168
26204,19,53,20,35
26205,8,32,9,25
26206,6,21,7,16
26207,6,19,7,14
26208,130,203,131,74
26209,1,12,2,12
26210,1,22,2,22
26211,8,26,9,19
26213,9,26,10,18
26214,0,13,1,14
26215,3,15,4,13
26216,1,7,2,7
26219,20,53,21,34
26220,5,18,6,14
26221,1,6,2,6
26222,51,109,52,59
26223,1,3,2,3
26225,64,130,65,67
26226,14,58,15,45
26227,1,11,2,11
26228,32,69,33,38
26229,1,19,2,19
26230,26,85,27,60
26231,87,176,88,90
26232,6,12,7,7
26235,3,12,4,10
26236,89,145,90,57
26237,82,179,83,98
26240,79,192,80,114
26241,99,185,100,87
26242,644,1159,645,516
26243,3,4,4,2
26245,20,48,21,29
26246,127,230,128,104
26247,4,18,5,15
26248,20,61,21,42
26249,98,228,99,131
26251,19,45,20,27
26252,43,95,44,53
26253,11,37,12,27
26254,1,4,2,4
26256,20,56,21,37
26257,10,51,11,42
26258,344,549,345,206
26259,34,48,35,15
26263,0,4,1,5
26264,0,3,1,4
26265,21,77,22,57
26266,1,17,2,17
26267,1,3,2,3
26268,36,94,37,59
26269,102,171,103,70
26270,77,125,78,49
26271,48,99,49,52
26274,3,10,4,8
26277,17,41,18,25
26280,45,111,46,67
26282,40,79,41,40
26283,92,188,93,97
26285,195,516,196,322
26287,0,4,1,5
26288,15,44,16,30
26289,16,60,17,45
26290,7,22,8,16
26291,6,12,7,7
26294,138,318,139,181
26295,1,19,2,19
26297,7,22,8,16
26299,36,94,37,59
26301,16,59,17,44
26302,92,183,93,92
26303,92,235,93,144
26304,5,12,6,8
26306,50,130,51,81
26307,7,26,8,20
26308,10,39,11,30
26309,12,29,13,18
26312,3,11,4,9
26313,77,146,78,70
26314,6,41,7,36
26315,5,17,6,13
26316,6,34,7,29
26317,17,106,18,90
26318,134,206,135,73
26320,13,53,14,41
26321,15,30,16,16
26322,65,180,66,116
26323,9,36,10,28
26324,41,92,42,52
26325,67,97,68,31
26326,507,720,508,214
26327,9,33,10,25
26333,3,33,4,31
26334,18,47,19,30
26336,20,89,21,70
26338,3,24,4,22
26339,10,38,11,29
26340,161,250,162,90
26341,3,40,4,38
26342,35,74,36,40
26343,1,19,2,19
26344,34,121,35,88
26345,11,50,12,40
26346,19,52,20,34
26347,162,259,163,98
26349,141,280,142,140
26350,258,419,259,162
26353,1,5,2,5
26354,3,12,4,10
26356,3,40,4,38
26359,170,310,171,141
26360,50,84,51,35
26362,4,11,5,8
26364,5,24,6,20
26365,17,91,18,75
26366,155,211,156,57
26368,7,14,8,8
26369,4,18,5,15
26370,21,57,22,37
26371,16,95,17,80
26372,8,17,9,10
26375,222,579,223,358
26377,3,20,4,18
26378,13,51,14,39
26379,52,98,53,47
26380,7,42,8,36
26383,13,81,14,69
26386,135,438,136,304
26387,16,37,17,22
26388,15,43,16,29
26389,2,5,3,4
26391,46,173,47,128
26392,11,18,12,8
26393,119,215,120,97
26394,45,117,46,73
26395,63,128,64,66
26397,2,4,3,3
26398,106,367,107,262
26399,27,85,28,59
26400,115,201,116,87
26401,3,11,4,9
26402,0,5,1,6
26404,1,16,2,16
26409,3,20,4,18
26410,4,20,5,17
26411,14,29,15,16
26413,75,145,76,71
26414,29,77,30,49
26416,10,16,11,7
26417,22,52,23,31
26418,18,35,19,18
26422,225,510,226,286
26424,12,23,13,12
26425,198,346,199,149
26429,5,23,6,19
26430,7,25,8,19
26431,62,108,63,47
26432,7,30,8,24
26433,12,21,13,10
26435,2,19,3,18
26438,4,10,5,7
26446,1,2,2,2
26448,18,48,19,31
26450,3,7,4,5
26459,20,31,21,12
26462,137,344,138,208
26463,54,94,55,41
26464,37,213,38,177
26465,3,74,4,72
26467,60,172,61,113
26468,1,27,2,27
26470,2,25,3,24
26471,457,694,458,238
26472,101,179,102,79
26475,7,15,8,9
26476,128,273,129,146
26479,69,147,70,79
26481,7,31,8,25
26483,7,48,8,42
26484,2,10,3,9
26485,218,465,219,248
26486,6,12,7,7
26487,25,105,26,81
26488,25,138,26,114
26490,3,29,4,27
26491,64,167,65,104
26492,146,534,147,389
26493,38,87,39,50
26494,27,64,28,38
26495,25,122,26,98
26496,7,24,8,18
26497,43,84,44,42
26498,14,29,15,16
26501,21,47,22,27
26504,42,173,43,132
26505,11,31,12,21
26507,0,9,1,10
26509,30,107,31,78
26512,32,76,33,45
26513,51,272,52,222
26514,5,27,6,23
26519,4,6,5,3
26520,16,31,17,16
26521,22,76,23,55
26523,18,99,19,82
26524,190,270,191,81
26526,0,2,1,3
26527,77,145,78,69
26529,32,80,33,49
26530,1,12,2,12
26532,1,7,2,7
26536,3,9,4,7
26538,6,25,7,20
26539,45,100,46,56
26540,36,105,37,70
26544,9,37,10,29
26546,8,22,9,15
26547,257,487,258,231
26550,82,129,83,48
26551,1,4,2,4
26553,3,19,4,17
26554,216,480,217,265
26555,260,887,261,628
26558,52,174,53,123
26559,6,32,7,27
26560,39,89,40,51
26561,27,111,28,85
26562,37,130,38,94
26564,98,188,99,91
26565,52,127,53,76
26566,8,42,9,35
26567,6,85,7,80
26569,8,40,9,33
26571,6,22,7,17
26574,13,33,14,21
26577,16,44,17,29
26578,267,379,268,113
26580,1,5,2,5
26581,23,44,24,22
26582,9,33,10,25
26585,194,343,195,150
26587,414,523,415,110
26589,15,41,16,27
26593,8,46,9,39
26599,102,189,103,88
26600,0,4,1,5
26602,16,39,17,24
26603,131,401,132,271
26606,153,283,154,131
26608,1,21,2,21
26610,1,7,2,7
26611,5,23,6,19
26612,40,79,41,40
26613,8,17,9,10
26615,1,13,2,13
26616,47,110,48,64
26617,7,25,8,19
26622,12,34,13,23
26628,4,18,5,15
26629,85,383,86,299
26630,24,96,25,73
26631,138,250,139,113
26634,2,8,3,7
26638,2,26,3,25
26641,0,4,1,5
26643,15,28,16,14
26644,45,70,46,26
26645,10,23,11,14
26647,4,11,5,8
26662,3136,4510,3137,1375
26663,87,159,88,73
26670,3,6,4,4
26672,6,14,7,9
26675,14,45,15,32
26676,7,54,8,48
26677,0,10,1,11
26680,348,988,349,641
26681,62,134,63,73
26682,0,18,1,19
26684,15,70,16,56
26685,0,4,1,5
26686,17,260,18,244
26688,40,305,41,266
26689,6,37,7,32
26690,3,11,4,9
26691,39,86,40,48
26694,132,219,133,88
26695,30,102,31,73
26696,34,190,35,157
26698,13,65,14,53
26699,130,182,131,53
26700,16,158,17,143
26702,38,95,39,58
26703,7,24,8,18
26704,129,322,130,194
26707,9,18,10,10
26708,0,2,1,3
26710,6,56,7,51
26712,292,401,293,110
26713,165,320,166,156
26714,3,17,4,15
26717,28,107,29,80
26719,5,21,6,17
26720,12,32,13,21
26723,1,6,2,6
26726,32,153,33,122
26728,8,44,9,37
26729,770,1069,771,300
26731,31,90,32,60
26732,35,77,36,43
26734,10,69,11,60
26736,69,147,70,79
26737,8,45,9,38
26738,2,9,3,8
26741,7,61,8,55
26744,26,78,27,53
26745,49,179,50,131
26746,23,180,24,158
26749,32,75,33,44
26750,118,319,119,202
26751,9,20,10,12
26752,0,13,1,14
26755,12,43,13,32
26756,17,23,18,7
26757,18,35,19,18
26758,84,142,85,59
26759,3,10,4,8
26760,48,105,49,58
26762,13,43,14,31
26764,6,69,7,64
26765,13,44,14,32
26766,2,6,3,5
26769,0,2,1,3
26770,35,115,36,81
26774,10,64,11,55
26775,8,36,9,29
26776,1852,2813,1853,962
26777,7,18,8,12
26778,11,95,12,85
26782,24,133,25,110
26784,1,15,2,15
26788,79,137,80,59
26791,28,95,29,68
26792,7,96,8,90
26793,7,14,8,8
26796,53,110,54,58
26797,33,61,34,29
26801,5,17,6,13
26802,19,28,20,10
26803,7,52,8,46
26804,3,13,4,11
26809,14,36,15,23
26812,47,100,48,54
26813,6,16,7,11
26815,0,1,1,2
26818,8,16,9,9
26819,68,352,69,285
26822,9,18,10,10
26825,0,4,1,5
26826,14,19,15,6
26827,3,15,4,13
26828,3,119,4,117
26831,4,24,5,21
26834,9,47,10,39
26838,102,199,103,98
26840,313,514,314,202
26841,5,75,6,71
26842,61,123,62,63
26843,3,23,4,21
26850,30,81,31,52
26851,0,14,1,15
26858,19,44,20,26
26861,19,51,20,33
26863,0,1,1,2
26865,417,678,418,262
26868,2,5,3,4
26870,43,431,44,389
26871,12,86,13,75
26873,16,36,17,21
26875,70,123,71,54
26880,0,1,1,2
26886,5,21,6,17
26889,1,8,2,8
26898,5,20,6,16
26901,12,48,13,37
26903,762,1109,763,348
26908,5,23,6,19
26911,3,11,4,9
26914,44,76,45,33
26915,29,98,30,70
26925,55,167,56,113
26933,2,10,3,9
26938,10,45,11,36
26939,208,315,209,108
26940,17,61,18,45
26941,18,29,19,12
26944,1,7,2,7
26945,0,4,1,5
26947,230,410,231,181
26949,9,41,10,33
26962,2,8,3,7
26964,1,5,2,5
26965,87,224,88,138
26966,17,50,18,34
26968,3,8,4,6
26969,1,4,2,4
26970,3,14,4,12
26974,277,505,278,229
26975,2,17,3,16
26976,2,20,3,19
26978,2,5,3,4
26980,5,11,6,7
26981,5,23,6,19
26982,15,34,16,20
26985,39,102,40,64
26989,15,48,16,34
26991,3,7,4,5
26994,2,18,3,17
26996,10,42,11,33
26998,13,33,14,21
27003,15,115,16,101
27004,1,48,2,48
27005,107,217,108,111
27006,34,91,35,58
27011,0,7,1,8
27016,7,23,8,17
27018,9,25,10,17
27020,207,558,208,352
27022,111,210,112,100
27027,5,21,6,17
27031,8,31,9,24
27032,124,326,125,203
27033,158,218,159,61
27040,13,59,14,47
27044,7,50,8,44
27050,21,42,22,22
27067,25,64,26,40
27070,1,8,2,8
27073,66,146,67,81
27077,0,3,1,4
27078,3,8,4,6
27081,3,9,4,7
27087,7,34,8,28
27093,4,9,5,6
27094,11,24,12,14
27095,21,46,22,26
27096,14,44,15,31
27109,113,217,114,105
27112,14,47,15,34
27124,10,49,11,40
27132,0,3,1,4
27134,61,149,62,89
27135,5,8,6,4
27136,2,9,3,8
27147,4,37,5,34
27152,22,94,23,73
27156,677,1008,678,332
27158,7,17,8,11
27162,30,59,31,30
27163,56,103,57,48
27164,2,12,3,11
27166,8,34,9,27
27170,4,67,5,64
27171,2,10,3,9
27172,8,28,9,21
27178,125,203,126,79
27180,24,105,25,82
27186,109,215,110,107
27189,17,23,18,7
27192,8,35,9,28
27193,238,677,239,440
27197,0,9,1,10
27198,16,47,17,32
27204,3,10,4,8
27205,4,5,5,2
27212,4,9,5,6
27213,1,15,2,15
27215,2,18,3,17
27216,47,101,48,55
27217,17,35,18,19
27221,5,14,6,10
27223,7,24,8,18
27232,3,9,4,7
27234,1,3,2,3
27235,5,5,6,1
27236,6,15,7,10
27238,9,49,10,41
27239,4,14,5,11
27246,32,72,33,41
27249,1,9,2,9
27255,53,102,54,50
27261,13,40,14,28
27263,5,18,6,14
27266,747,1375,748,629
27268,2,24,3,23
27271,48,130,49,83
27273,0,6,1,7
27274,4,14,5,11
27276,21,34,22,14
27277,2,9,3,8
27291,1,1,2,1
27292,4,25,5,22
27297,6,19,7,14
27298,1,25,2,25
27302,21,30,22,10
27304,12,38,13,27
27305,11,29,12,19
27306,7,27,8,21
27307,0,6,1,7
27309,7,82,8,76
27310,0,5,1,6
27313,5,11,6,7
27315,13,29,14,17
27316,25,69,26,45
27317,793,1600,794,808
27321,1,4,2,4
27322,4,13,5,10
27326,38,85,39,48
27327,4,63,5,60
27328,10,15,11,6
27329,135,225,136,91
27332,0,10,1,11
27334,14,25,15,12
27338,98,352,99,255
27343,3,15,4,13
27344,23,35,24,13
27345,0,7,1,8
27347,10,36,11,27
27348,1,8,2,8
27351,32,117,33,86
27356,5,14,6,10
27357,25,61,26,37
27359,2,4,3,3
27360,0,3,1,4
27362,67,135,68,69
27365,20,43,21,24
27366,137,196,138,60
27368,229,526,230,298
27369,115,200,116,86
27370,36,80,37,45
27372,6,18,7,13
27373,108,211,109,104
27376,136,208,137,73
27378,1,10,2,10
27391,92,215,93,124
27392,17,77,18,61
27397,339,570,340,232
27402,67,238,68,172
27408,95,295,96,201
27411,2,8,3,7
27416,201,442,202,242
27420,1,8,2,8
27423,132,169,133,38
27426,15,95,16,81
27431,8,21,9,14
27432,49,91,50,43
27434,35,279,36,245
27436,4,13,5,10
27441,102,287,103,186
27447,7,20,8,14
27449,1,5,2,5
27450,24,113,25,90
27454,2,9,3,8
27455,7,29,8,23
27456,55,93,56,39
27458,2,19,3,18
27461,11,71,12,61
27469,16,32,17,17
27472,3,7,4,5
27473,15,167,16,153
27474,2,10,3,9
27475,3,6,4,4
27477,0,3,1,4
27478,171,708,172,538
27480,7,30,8,24
27482,202,943,203,742
27484,1,5,2,5
27485,8,24,9,17
27488,6,26,7,21
27491,94,267,95,174
27496,1,12,2,12
27497,11,39,12,29
27506,10,24,11,15
27509,21,79,22,59
27513,24,65,25,42
27515,30,61,31,32
27518,77,128,78,52
27523,255,443,256,189
27524,5,54,6,50
27525,1,7,2,7
27526,1,10,2,10
27528,17,44,18,28
27530,4,20,5,17
27537,34,108,35,75
27539,8,29,9,22
27544,19,41,20,23
27548,1,30,2,30
27549,2,23,3,22
27550,24,55,25,32
27555,59,130,60,72
27563,114,271,115,158
27564,11,66,12,56
27571,19,44,20,26
27573,6,13,7,8
27584,91,263,92,173
27587,6,32,7,27
27592,881,1431,882,551
27595,3,27,4,25
27598,3,9,4,7
27603,10,30,11,21
27604,157,386,158,230
27606,2,6,3,5
27608,103,359,104,257
27616,2,24,3,23
27618,43,299,44,257
27620,27,57,28,31
27624,8,17,9,10
27626,0,8,1,9
27627,40,76,41,37
27631,6,21,7,16
27636,48,107,49,60
27639,8,27,9,20
27640,5,16,6,12
27641,18,71,19,54
27643,14,95,15,82
27644,10,47,11,38
27646,24,47,25,24
27647,75,117,76,43
27648,55,165,56,111
27656,2,9,3,8
27657,3,30,4,28
27658,6,23,7,18
27660,2110,4077,2111,1968
27664,59,203,60,145
27671,38,78,39,41
27674,353,760,354,408
27675,1,17,2,17
27679,4,15,5,12
27684,5,13,6,9
27685,28,280,29,253
27689,57,237,58,181
27692,3,19,4,17
27695,18,57,19,40
27699,21,38,22,18
27700,348,599,349,252
27703,1,4,2,4
27704,14,205,15,192
27706,1814,5380,1815,3567
27711,5,39,6,35
27713,20,52,21,33
27716,119,225,120,107
27717,13,61,14,49
27718,2,8,3,7
27719,0,33,1,34
27721,1237,2117,1238,881
27722,203,343,204,141
27724,33,93,34,61
27726,0,1,1,2
27727,560,829,561,270
27728,1009,1684,1010,676
27729,56,96,57,41
27731,714,1317,715,604
27734,10,32,11,23
27735,8,62,9,55
27736,21,41,22,21
27738,40,88,41,49
27740,9,27,10,19
27741,520,759,521,240
27742,4,24,5,21
27743,8,29,9,22
27744,43,97,44,55
27746,60,196,61,137
27751,43,161,44,119
27752,1,17,2,17
27754,29,77,30,49
27758,21,54,22,34
27759,0,4,1,5
27760,22,35,23,14
27764,21,38,22,18
27765,4,36,5,33
27768,62,128,63,67
27769,12,24,13,13
27771,2,11,3,10
27772,421,1034,422,614
27773,8893,11987,8894,3095
27776,16,58,17,43
27777,0,4,1,5
27778,35,161,36,127
27779,4,21,5,18
27781,5,19,6,15
27783,13,39,14,27
27784,39,193,40,155
27786,2,17,3,16
27787,11,27,12,17
27788,847,1862,848,1016
27790,492,1032,493,541
27792,79,201,80,123
27793,28,438,29,411
27797,72,131,73,60
27798,30,86,31,57
27799,2,9,3,8
27800,223,379,224,157
27801,825,1648,826,824
27802,85,155,86,71
27803,1247,1834,1248,588
27805,9,31,10,23
27808,967,2923,968,1957
27811,13,41,14,29
27812,48,87,49,40
27815,1078,1579,1079,502
27816,146,345,147,200
27820,156,264,157,109
27821,621,2042,622,1422
27822,176,923,177,748
27823,1,10,2,10
27824,4,24,5,21
27826,35,100,36,66
27827,14,54,15,41
27828,75,150,76,76
27829,4,15,5,12
27830,27,67,28,41
27831,2209,3954,2210,1746
27833,14,120,15,107
27834,480,689,481,210
27835,7,15,8,9
27837,128,819,129,692
27838,345,771,346,427
27839,219,1429,220,1211
27840,3,21,4,19
27841,19,36,20,18
27843,81,131,82,51
27846,1129,1687,1130,559
27847,17,40,18,24
27849,1,9,2,9
27850,193,420,194,228
27851,46,119,47,74
27856,23,69,24,47
27857,139,226,140,88
27858,0,4,1,5
27862,13,24,14,12
27864,14,75,15,62
27865,72,208,73,137
27866,98,170,99,73
27869,289,473,290,185
27871,168,266,169,99
27873,369,792,370,424
27874,3,41,4,39
27875,23,55,24,33
27876,45,121,46,77
27878,463,714,464,252
27879,248,371,249,124
27881,4,17,5,14
27882,210,327,211,118
27883,1,3,2,3
27884,58,112,59,55
27888,12,80,13,69
27889,2,5,3,4
27891,15,29,16,15
27899,180,616,181,437
27904,2217,4476,2218,2260
27905,82,270,83,189
27909,3,26,4,24
27911,9,22,10,14
27912,353,617,354,265
27914,1,1,2,1
27919,5,15,6,11
27922,61,121,62,61
30659,13,72,14,60
30695,4,23,5,20
30698,0,7,1,8
30701,74,127,75,54
30707,8906,14317,8907,5412
30712,74,151,75,78
30721,18,55,19,38
30723,17,43,18,27
30742,16,41,17,26
30745,88,168,89,81
30747,36,76,37,41
30749,8081,11462,8082,3382
30764,5,7,6,3
30767,8,30,9,23
30776,2,8,3,7
30781,0,9,1,10
30783,34,91,35,58
30791,16,98,17,83
30793,3956,12503,3957,8548
30798,1,18,2,18
30803,931,1312,932,382
30808,3,13,4,11
30810,4471,7876,4472,3406
30812,4506,9116,4507,4611
30816,1161,2469,1162,1309
30818,72,296,73,225
30820,490,1009,491,520
30822,649,1867,650,1219
30825,1875,7090,1876,5216
30846,213,565,214,353
30848,218,457,219,240
30850,341,720,342,380
30854,14,25,15,12
30856,20,35,21,16
30861,4,12,5,9
30863,3,12,4,10
30867,73,139,74,67
30883,26,303,27,278
30890,5,16,6,12
30892,100,179,101,80
30894,144,941,145,798
30896,5,32,6,28
30898,264,701,265,438
30905,2,14,3,13
30942,3,17,4,15
30949,22,54,23,33
30952,15,55,16,41
30954,8,38,9,31
30970,11,36,12,26
30977,2,26,3,25
30981,8,27,9,20
30991,36,74,37,39
30994,4,27,5,24
30996,24,62,25,39
31000,6,69,7,64
31004,4,12,5,9
31011,3,13,4,11
31026,27,118,28,92
31030,54,105,55,52
31032,20,72,21,53
31035,101,191,102,91
31038,10,50,11,41
31040,1,11,2,11
31042,22,55,23,34
31045,1,25,2,25
31047,3,28,4,26
31049,9,43,10,35
31053,6,18,7,13
31060,1,10,2,10
31079,12,93,13,82
31083,0,42,1,43
31086,28,67,29,40
31090,4,10,5,7
31101,60,175,61,116
31104,20,52,21,33
31107,37,75,38,39
31109,4,29,5,26
31112,7,16,8,10
31114,84,210,85,127
31116,277,424,278,148
31123,89,197,90,109
31133,18,90,19,73
31140,2,5,3,4
31148,62,103,63,42
31150,66,196,67,131
31152,13,22,14,10
31154,6,9,7,4
31156,33,94,34,62
31158,10,41,11,32
31160,17,52,18,36
31162,98,321,99,224
31165,3,20,4,18
31184,322,806,323,485
31188,22,53,23,32
31193,344,615,345,272
31195,7,27,8,21
31201,7,22,8,16
31205,1,5,2,5
31221,206,1825,207,1620
31223,43,264,44,222
31225,796,1575,797,780
31247,14,43,15,30
31251,27,163,28,137
31255,50,203,51,154
31258,1,4,2,4
31260,68,145,69,78
31263,22,75,23,54
31267,1,12,2,12
31270,121,312,122,192
31284,10,67,11,58
31290,1,31,2,31
31297,7,24,8,18
31309,141,213,142,73
31337,13,30,14,18
31340,2,14,3,13
31342,1,5,2,5
31347,52,99,53,48
31349,27,87,28,61
31351,0,4,1,5
31353,2,14,3,13
31359,50,83,51,34
31362,7,43,8,37
31364,1001,1392,1002,392
31367,35,204,36,170
31374,60,113,61,54
31408,75,130,76,56
31410,4025,5661,4026,1637
31413,10,22,11,13
31420,274,1347,275,1074
31422,58,452,59,395
31424,17,504,18,488
31427,277,1250,278,974
31429,28,77,29,50
31431,36,442,37,407
31433,332,969,333,638
31435,227,358,228,132
31437,380,530,381,151
31445,42,199,43,158
31447,5,32,6,28
31467,25,73,26,49
31469,0,7,1,8
31485,99,197,100,99
31487,18,27,19,10
31494,8,24,9,17
31502,100,267,101,168
31522,160,243,161,84
31524,52,91,53,40
31528,96,170,97,75
31535,1,3,2,3
31539,33,86,34,54
31545,141,189,142,49
31547,77,129,78,53
31549,15,40,16,26
31553,12,172,13,161
31555,12,156,13,145
31577,2,5,3,4
31584,18,51,19,34
31588,38,72,39,35
31590,78,135,79,58
31594,11,45,12,35
31598,2,12,3,11
31600,3,14,4,12
31606,1,7,2,7
31610,5,25,6,21
31613,3,39,4,37
31617,57,169,58,113
31619,4,18,5,15
31628,23,47,24,25
31636,3,30,4,28
31638,2,4,3,3
31645,3,14,4,12
31647,5,38,6,34
31649,6,9,7,4
31655,2,8,3,7
31658,7823,10512,7824,2690
31660,295,789,296,495
31664,17,53,18,37
31672,7,28,8,22
31680,4,13,5,10
31682,19,39,20,21
31685,3109,8277,3110,5169
31687,47,204,48,158
31689,94,272,95,179
31692,2,8,3,7
31694,259,740,260,482
31696,3447,8190,3448,4744
31698,13,633,14,621
31700,61,225,62,165
31702,108,184,109,77
31705,32,61,33,30
31724,17,134,18,118
31737,35,105,36,71
31742,0,8,1,9
31747,8,53,9,46
31750,2,10,3,9
31770,123,207,124,85
31785,65,151,66,87
31793,7,14,8,8
31797,0,1,1,2
31804,542,1409,543,868
31807,63,156,64,94
31826,2,10,3,9
31847,7,30,8,24
31851,33,66,34,34
31854,32,79,33,48
31856,8,15,9,8
31867,53,287,54,235
31869,3,28,4,26
31878,2943,4973,2944,2031
31881,7,17,8,11
31889,37,69,38,33
31892,8,55,9,48
31894,23,52,24,30
31900,19,29,20,11
31903,94,152,95,59
31909,6,82,7,77
31915,6,14,7,9
31921,27,89,28,63
31923,337,666,338,330
31925,1,9,2,9
31930,92,172,93,81
31932,11,38,12,28
31934,74,151,75,78
31945,1,1,2,1
31948,30,59,31,30
31950,63,149,64,87
31952,319,531,320,213
31954,16,23,17,8
31956,50,147,51,98
31960,1,24,2,24
31963,29,69,30,41
31973,74,124,75,51
31975,1,22,2,22
31983,18,37,19,20
31991,25,52,26,28
31998,13,47,14,35
32002,5,20,6,16
32009,75,185,76,111
32011,38,359,39,322
32013,10,30,11,21
32015,1,7,2,7
32017,265,1336,266,1072
32019,183,1149,184,967
32022,40,125,41,86
32025,123,207,124,85
32029,462,1523,463,1062
32031,899,3115,900,2217
32049,8,34,9,27
32056,4,12,5,9
32058,28,155,29,128
32060,13,44,14,32
32062,0,6,1,7
32074,5,25,6,21
32076,17,99,18,83
32078,27,124,28,98
32082,4,13,5,10
32084,7,49,8,43
32088,2,18,3,17
32090,2,8,3,7
32109,6,23,7,18
32116,15,193,16,179
32120,1,14,2,14
32122,1,8,2,8
32124,12,59,13,48
32126,3,13,4,11
32128,6,59,7,54
32139,53,165,54,113
32141,1,24,2,24
32149,4,44,5,41
32151,9,29,10,21
32153,16,80,17,65
32156,1,18,2,18
32158,2,13,3,12
32160,93,165,94,73
32162,21,46,22,26
32166,3,14,4,12
32168,2,11,3,10
32170,20,66,21,47
32172,7,18,8,12
32174,19,109,20,91
32179,261,373,262,113
32181,0,10,1,11
32196,65,145,66,81
32199,11,24,12,14
32203,57,102,58,46
32211,23,73,24,51
32213,233,870,234,638
32225,4,15,5,12
32230,3,7,4,5
32234,73,138,74,66
32239,76,169,77,94
32243,4,15,5,12
32250,8,35,9,28
32261,39,98,40,60
32263,5,48,6,44
32277,3,8,4,6
32280,22,38,23,17
32285,13,31,14,19
32289,134,474,135,341
32291,211,671,212,461
32294,0,7,1,8
32296,241,1618,242,1378
32298,160,698,161,539
32300,84,291,85,208
32302,54,261,55,208
32314,17,84,18,68
32316,50,92,51,43
32318,3,9,4,7
32325,5,34,6,30
32329,1,24,2,24
32333,7,15,8,9
32335,3,20,4,18
32342,7,22,8,16
32345,7,22,8,16
32347,4,27,5,24
32349,51,98,52,48
32352,46,92,47,47
32354,5,18,6,14
32357,0,5,1,6
32361,5,18,6,14
32369,56,127,57,72
32371,67,159,68,93
32375,16,36,17,21
32381,31,70,32,40
32383,17,99,18,83
32385,6,45,7,40
32387,170,236,171,67
32389,5,15,6,11
32392,21,73,22,53
32395,18,52,19,35
32419,10,20,11,11
32433,1,4,2,4
32440,3,21,4,19
32442,11,76,12,66
32444,17,40,18,24
32452,63,131,64,69
32460,581,803,582,223
32464,22,46,23,25
32469,118,223,119,106
32471,0,9,1,10
32478,2,6,3,5
32483,18,33,19,16
32485,2,24,3,23
32493,34,68,35,35
32497,23,38,24,16
32501,5,33,6,29
32509,26,46,27,21
32511,37,67,38,31
32515,10,28,11,19
32518,9,34,10,26
32520,8,18,9,11
32525,127,183,128,57
32535,1,5,2,5
32551,8,25,9,18
32560,6,25,7,20
32562,110,173,111,64
32567,2,14,3,13
32582,156,260,157,105
32584,52,174,53,123
32587,13525,22271,13526,8747
32589,40,260,41,221
32591,70,154,71,85
32593,17,36,18,20
32596,477,1941,478,1465
32598,336,1172,337,837
32600,13,67,14,55
32602,6,36,7,31
32605,2,17,3,16
32617,5,42,6,38
32620,3,21,4,19
32625,1,28,2,28
32627,3,110,4,108
32632,27,88,28,62
32646,19,36,20,18
32649,68,91,69,24
32653,10,22,11,13
32655,5,17,6,13
32657,218,296,219,79
32659,13,61,14,49
32666,4,64,5,61
32668,11,68,12,58
32674,8,33,9,26
32677,4,21,5,18
32686,12,46,13,35
32689,3,16,4,14
32691,1,4,2,4
32705,8,12,9,5
32707,25,46,26,22
32716,1,11,2,11
32719,11,20,12,10
32721,57,138,58,82
32724,1,6,2,6
32728,44,143,45,100
32735,24,54,25,31
32737,5,34,6,30
32741,12,30,13,19
32743,30,121,31,92
32770,88,165,89,78
32773,1,4,2,4
32777,4,10,5,7
32779,1,5,2,5
32781,12,52,13,41
32783,1,16,2,16
32788,11,23,12,13
32792,110,179,111,70
32797,4,12,5,9
32799,16,30,17,15
32811,19,34,20,16
32825,130,234,131,105
32830,6,36,7,31
32834,25,58,26,34
32836,6,14,7,9
32840,416,628,417,213
32844,35,58,36,24
32851,3,13,4,11
32853,101,133,102,33
32860,1,10,2,10
32862,12,63,13,52
32864,8,28,9,21
32866,6,17,7,12
32875,30,83,31,54
32882,19,74,20,56
32890,5,12,6,8
32892,376,538,377,163
32898,418,723,419,306
32902,12,36,13,25
32906,52,74,53,23
32914,51,198,52,148
32917,8,25,9,18
32928,6,41,7,36
32935,1,9,2,9
32941,7,19,8,13
32943,120,182,121,63
32952,5,19,6,15
32954,10,21,11,12
32957,9,21,10,13
32959,3,6,4,4
32966,11,31,12,21
32968,3,5,4,3
32972,0,6,1,7
32974,10,24,11,15
32976,1,1,2,1
32988,23,72,24,50
32994,2,3,3,2
32999,3,13,4,11
33001,1,7,2,7
33004,3922,9616,3923,5695
33019,61,93,62,33
33021,12,39,13,28
33027,7,13,8,7
33036,56,241,57,186
33049,1,7,2,7
33051,2,11,3,10
33072,190,337,191,148
33081,32,58,33,27
33085,282,1224,283,943
33090,5,15,6,11
33092,2,2,3,1
33098,6,22,7,17
33110,14,38,15,25
33113,19,50,20,32
33117,5,11,6,7
33119,33,53,34,21
33124,75,158,76,84
33126,31,107,32,77
33129,2,5,3,4
33132,0,9,1,10
33134,17,44,18,28
33136,49,120,50,72
33138,185,403,186,219
33140,2,7,3,6
33142,0,3,1,4
33145,307,780,308,474
33148,1,31,2,31
33150,6,24,7,19
33152,2,13,3,12
33154,982,1471,983,490
33158,140,1133,141,994
33160,0,4,1,5
33162,1666,3960,1667,2295
33164,148,1227,149,1080
33166,6884,11359,6885,4476
33168,7,48,8,42
33171,790,1304,791,515
33188,11,70,12,60
33191,6,26,7,21
33193,7,42,8,36
33201,6,14,7,9
33229,0,2,1,3
33235,5,11,6,7
33237,26,63,27,38
33245,16,41,17,26
33247,14,21,15,8
33251,18,33,19,16
33253,3,7,4,5
33255,8,32,9,25
33261,8,24,9,17
33264,65,97,66,33
33267,3,11,4,9
33270,65,110,66,46
33288,139,228,140,90
33292,7,13,8,7
33294,69,165,70,97
33296,7,46,8,40
33310,7,14,8,8
33312,162,272,163,111
33316,18,35,19,18
33318,7,17,8,11
33321,13,44,14,32
33328,3,12,4,10
33340,23,47,24,25
33342,9,21,10,13
33358,92,162,93,71
33363,8,17,9,10
33376,0,10,1,11
33380,4,16,5,13
33389,6,12,7,7
33393,8,15,9,8
33397,2,11,3,10
33401,17,34,18,18
33410,36,68,37,33
33415,10,23,11,14
33421,74,173,75,100
33424,7,27,8,21
33426,2,6,3,5
33435,25,48,26,24
33437,625,1548,626,924
33445,6,13,7,8
33451,94,148,95,55
33454,55,118,56,64
33463,65,169,66,105
33480,7,23,8,17
33487,57,123,58,67
33493,8073,18703,8074,10631
33495,65,566,66,502
33499,215,981,216,767
33507,1,14,2,14
33524,5,14,6,10
33533,3,18,4,16
33539,58,118,59,61
33555,0,13,1,14
33558,58,127,59,70
33564,148,230,149,83
33567,9,29,10,21
33573,3,3,4,1
33579,1,4,2,4
33585,77,331,78,255
33587,29,92,30,64
33592,65,121,66,57
33603,54,94,55,41
33608,2,5,3,4
33610,1,10,2,10
33615,2497,6871,2498,4375
33621,43,118,44,76
33624,3,13,4,11
33629,12,53,13,42
33639,351,549,352,199
33641,1,11,2,11
33644,12,145,13,134
33646,621,2312,622,1692
33649,187,326,188,140
33655,1,16,2,16
33660,3590,5667,3591,2078
33669,526,1434,527,909
33672,272,689,273,418
33675,36,95,37,60
33677,79,203,80,125
33679,4217,12847,4218,8631
33681,38,450,39,413
33683,298,761,299,464
33685,4,64,5,61
33688,16,47,17,32
33709,23,47,24,25
33722,66,181,67,116
33725,126,279,127,154
33743,8,34,9,27
33750,64,117,65,54
33755,9,36,10,28
33760,17,48,18,32
33767,4,14,5,11
33779,395,526,396,132
33781,38,108,39,71
33790,1,11,2,11
33794,20835,30684,20836,9850
33799,13,22,14,10
33801,12,46,13,35
33808,19,44,20,26
33815,70,325,71,256
33817,153,410,154,258
33819,65,144,66,80
33821,3,21,4,19
33823,7,46,8,40
33826,98,192,99,95
33830,119,776,120,658
33832,20,55,21,36
33834,414,1480,415,1067
33836,236,1951,237,1716
33838,77,170,78,94
33844,12,23,13,12
33847,8,30,9,23
33852,1,8,2,8
33861,27,75,28,49
33863,1,9,2,9
33880,778,1333,779,556
33893,100,206,101,107
33896,242,511,243,270
33898,8,32,9,25
33903,629,1027,630,399
33905,28,61,29,34
33912,20,66,21,47
33914,6,18,7,13
33917,3,8,4,6
33919,0,7,1,8
33921,1,6,2,6
33928,3,14,4,12
33930,6,42,7,37
33933,14,37,15,24
33940,0,3,1,4
33945,11,19,12,9
33956,3,11,4,9
33958,1,6,2,6
33966,8,124,9,117
33970,1,9,2,9
33972,2,20,3,19
33974,1,9,2,9
33988,7,32,8,26
33994,0,4,1,5
33998,2,29,3,28
34002,32,95,33,64
34004,3,19,4,17
34008,4,16,5,13
34018,35,106,36,72
34026,9,22,10,14
34032,14,42,15,29
34039,7,15,8,9
34045,15,63,16,49
34048,2848,10539,2849,7692
34051,25,55,26,31
34057,11,37,12,27
34063,31,74,32,44
34065,15,63,16,49
34072,1893,3575,1894,1683
34076,2,8,3,7
34099,3,12,4,10
34111,26,67,27,42
34115,2,9,3,8
34129,7,102,8,96
34135,9,15,10,7
34138,4,8,5,5
34143,128,823,129,696
34148,153,312,154,160
34150,1080,6626,1081,5547
34153,573,948,574,376
34155,91,175,92,85
34158,1,11,2,11
34162,4563,10954,4564,6392
34164,94,264,95,171
34170,3,45,4,43
34177,5,74,6,70
34185,1,11,2,11
34189,7,30,8,24
34193,10,24,11,15
34198,142,309,143,168
34214,6,17,7,12
34216,0,5,1,6
34224,0,4,1,5
34226,5,10,6,6
34229,8,22,9,15
34231,18,29,19,12
34234,0,4,1,5
34238,23,34,24,12
34240,3,10,4,8
34246,26,49,27,24
34271,426,883,427,458
34292,59,214,60,156
34299,8,20,9,13
34306,3,26,4,24
34314,25,61,26,37
34319,2816,7238,2817,4423
34321,60,515,61,456
34323,473,1149,474,677
34326,105,298,106,194
34330,8,56,9,49
34332,443,1467,444,1025
34334,117,856,118,740
34336,213,1013,214,801
34338,478,1334,479,857
34353,7,28,8,22
34359,58,128,59,71
34364,2,7,3,6
34369,3,11,4,9
34371,1,4,2,4
34375,27,70,28,44
34378,4,23,5,20
34405,8167,11921,8168,3755
34411,30,48,31,19
34416,5,14,6,10
34426,2,5,3,4
34435,93,148,94,56
34437,1921,3826,1922,1906
34450,9,24,10,16
34464,7,18,8,12
34466,14,41,15,28
34469,43,84,44,42
34473,6,15,7,10
34482,90,142,91,53
34488,8,26,9,19
34499,22,78,23,57
34505,8,32,9,25
34511,2,20,3,19
34517,1,8,2,8
34520,158,1197,159,1040
34523,168,403,169,236
34526,2,21,3,20
34528,366,762,367,397
34530,94,816,95,723
34532,594,1787,595,1194
34534,512,1484,513,973
34536,142,356,143,215
34538,8,61,9,54
34540,55,191,56,137
34542,1286,2059,1287,774
34548,24,41,25,18
34552,147,285,148,139
34579,20,58,21,39
34583,18,75,19,58
34608,8,28,9,21
34624,17,34,18,18
34643,6,45,7,40
34645,17,70,18,54
34648,14,52,15,39
34696,21,54,22,34
34767,19,99,20,81
34800,2,41,3,40
34811,95,201,96,107
35008,0,1,1,2
35015,60,124,61,65
35050,0,10,1,11
35082,11,26,12,16
35331,0,4,1,5
35347,145,323,146,179
35386,15,23,16,9
35629,8,14,9,7
35636,22,75,23,54
35640,1,6,2,6
35681,0,6,1,7
35738,7,20,8,14
35807,3,14,4,12
35826,1,8,2,8
35828,17,31,18,15
35836,6632,14727,6633,8096
35843,0,10,1,11
35853,1,9,2,9
35906,2,22,3,21
35957,410,1718,411,1309
36046,3,9,4,7
36056,29,65,30,37
36083,20,64,21,45
36086,90,152,91,63
36152,8,28,9,21
36247,3,17,4,15
36264,6,17,7,12
36276,650,1195,651,546
36286,3,4,4,2
36289,66,311,67,246
36312,1,7,2,7
36326,9,22,10,14
36363,439,625,440,187
36373,10,19,11,10
36392,2,23,3,22
36397,51,346,52,296
36401,587,2989,588,2403
36405,1,4,2,4
36426,1,4,2,4
36436,7,23,8,17
36462,6,21,7,16
36477,40,121,41,82
36509,72,479,73,408
36511,5,31,6,27
36513,27,122,28,96
36517,2306,4274,2307,1969
36519,790,2760,791,1971
36523,16,52,17,37
36525,825,1893,826,1069
36527,391,1032,392,642
36529,5490,9575,5491,4086
36531,10,113,11,104
36533,43,263,44,221
36535,956,1677,957,722
36537,239,626,240,388
36539,17,46,18,30
36541,5,25,6,21
36543,0,1,1,2
36545,3,17,4,15
36553,6,32,7,27
36576,0,4,1,5
36630,8,17,9,10
36683,3,18,4,16
36711,8,15,9,8
36752,2,24,3,23
36799,9,20,10,12
36816,2,4,3,3
36850,77,176,78,100
36883,22,44,23,23
36902,2,11,3,10
37058,1,6,2,6
37113,1,6,2,6
37211,31,84,32,54
37240,527,773,528,247
37257,13,30,14,18
37269,4,20,5,17
37277,7,36,8,30
37287,27,54,28,28
37335,16,54,17,39
37375,10,24,11,15
37380,196,1778,197,1583
37382,282,1176,283,895
37384,440,1220,441,781
37386,755,3386,756,2632
37475,222,482,223,261
37477,48,279,49,232
37495,127,200,128,74
37545,73,167,74,95
37626,25,57,26,33
37653,3,23,4,21
37663,2,3,3,2
37683,0,11,1,12
37720,462,1563,463,1102
37727,640,2581,641,1942
37729,3481,7574,3482,4094
37731,904,1644,905,741
37733,2578,5087,2579,2510
37736,155,426,156,272
37739,258,455,259,198
37741,2296,4184,2297,1889
37744,5,19,6,15
37785,16,61,17,46
37824,0,5,1,6
37830,710,1676,711,967
37837,7,19,8,13
37844,14,78,15,65
37846,2,25,3,24
37853,128,653,129,526
37855,116,232,117,117
37857,590,1128,591,539
37949,1,4,2,4
37955,66,139,67,74
37957,11,30,12,20
37960,0,6,1,7
37976,17,36,18,20
37982,1,13,2,13
38001,1,8,2,8
38004,6,16,7,11
38036,11,26,12,16
38038,3243,5752,3244,2510
38046,13,51,14,39
38061,4410,7164,4411,2755
38086,5,38,6,34
38095,250,424,251,175
38097,63,181,64,119
38159,250,347,251,98
38164,13,25,14,13
38188,55,173,56,119
38198,44,99,45,56
38294,51,199,52,149
38304,542,771,543,230
38320,61,119,62,59
38376,13,22,14,10
38384,43,85,44,43
38388,123,327,124,205
38435,0,9,1,10
38473,7,13,8,7
38538,77,175,78,99
38583,16,93,17,78
38600,91,265,92,175
38656,19,67,20,49
38701,36,113,37,78
38713,0,14,1,15
38798,493,1536,494,1044
38839,1,16,2,16
38843,10,47,11,38
38849,6,27,7,22
38867,8,31,9,24
38881,28,60,29,33
38884,2,6,3,5
38886,1243,2295,1244,1053
38992,79,436,80,358
38994,31,88,32,58
39048,1,8,2,8
39075,5,12,6,8
39183,4284,7896,4285,3613
39231,416,1416,417,1001
39234,294,668,295,375
39244,12,22,13,11
39292,2420,4150,2421,1731
39305,4,11,5,8
39307,107,252,108,146
39364,2,8,3,7
39369,25,54,26,30
39381,727,1258,728,532
39390,3,23,4,21
39394,11,31,12,21
39398,35,147,36,113
39400,39,470,40,432
39402,8,32,9,25
39408,12,75,13,64
39410,5,28,6,24
39412,0,4,1,5
39414,255,817,256,563
39416,7,28,8,22
39419,96,300,97,205
39421,16,82,17,67
39425,3,7,4,5
39427,396,932,397,537
39429,1,4,2,4
39435,494,1884,495,1391
39439,0,3,1,4
39441,31,66,32,36
39444,475,1571,476,1097
39446,1138,4101,1139,2964
39449,149,617,150,469
39474,7,24,8,18
39481,12,38,13,27
39516,18,34,19,17
39524,4,12,5,9
39529,17,50,18,34
39615,1,7,2,7
39625,2,9,3,8
39659,37,89,38,53
39703,29,80,30,52
39731,11,29,12,19
39740,0,15,1,16
39768,86,134,87,49
39777,8,48,9,41
39779,14,47,15,34
39786,5,24,6,20
39796,10,49,11,40
39801,8,24,9,17
39818,17,33,18,17
39824,3,14,4,12
39857,2,9,3,8
39869,273,496,274,224
39876,2,3,3,2
39886,85,179,86,95
39896,6,35,7,30
39931,3,28,4,26
39934,17,42,18,26
39941,15,38,16,24
40010,35,90,36,56
40015,6,17,7,12
40033,41,80,42,40
40111,0,14,1,15
40148,407,908,408,502
40226,23,54,24,32
40275,0,4,1,5
40278,1537,3913,1538,2377
40291,0,2,1,3
40337,34,67,35,34
40339,324,1876,325,1553
40342,17,77,18,61
40404,2,3,3,2
40412,331,577,332,247
40414,318,529,319,212
40422,0,18,1,19
40425,9,31,10,23
40436,1,14,2,14
40457,7,32,8,26
40467,2,26,3,25
40478,3,26,4,24
40491,92,182,93,91
40494,13,27,14,15
40559,2,14,3,13
40574,41,187,42,147
40578,14,23,15,10
40581,311,1143,312,833
40583,1639,3593,1640,1955
40586,59,128,60,70
40589,13,19,14,7
40591,43,77,44,35
40597,1,20,2,20
40614,239,812,240,574
40617,23,167,24,145
40629,3735,6043,3736,2309
40699,0,3,1,4
40723,152,662,153,511
40732,1393,3032,1394,1640
40738,20,36,21,17
40752,15,42,16,28
40755,17,42,18,26
40815,10993,18848,10994,7856
40817,11,68,12,58
40819,5272,9043,5273,3772
40826,489,1076,490,588
40828,17,37,18,21
40831,4,11,5,8
40833,15,38,16,24
40851,255,1213,256,959
40870,440,685,441,246
40887,26,108,27,83
40898,6,11,7,6
40946,173,446,174,274
40952,22,130,23,109
40955,157,365,158,209
40959,113,558,114,446
40962,134,444,135,311
40964,2,26,3,25
40966,146,531,147,386
40969,6,15,7,10
40973,35,105,36,71
40988,39,109,40,71
41014,86,225,87,140
41025,50,143,51,94
41058,8,29,9,22
41094,10,26,11,17
41126,5,13,6,9
41130,4,13,5,10
41136,55,145,56,91
41212,4,13,5,10
41226,80,125,81,46
41285,2590,4658,2591,2069
41336,33,54,34,22
41353,3,15,4,13
41402,1,8,2,8
41411,22,121,23,100
41425,16,61,17,46
41434,9,14,10,6
41499,3,12,4,10
41518,2,5,3,4
41523,0,3,1,4
41527,238,407,239,170
41564,2,11,3,10
41566,4989,12518,4990,7530
41569,2756,8522,2757,5767
41571,1342,2748,1343,1407
41573,375,1236,376,862
41575,21,88,22,68
41585,48,115,49,68
41596,0,4,1,5
41602,1,4,2,4
41617,30,192,31,163
41627,128,178,129,51
41644,2,19,3,18
41650,12,19,13,8
41688,18,30,19,13
41691,14,22,15,9
41699,37,72,38,36
41704,3,20,4,18
41706,2,10,3,9
41712,38,66,39,29
41714,12,28,13,17
41716,414,1159,415,746
41721,47,92,48,46
41724,80,200,81,121
41753,10,49,11,40
41762,2,7,3,6
41767,0,8,1,9
41769,57,140,58,84
41792,2,13,3,12
41810,5,17,6,13
41812,3,14,4,12
41815,23,44,24,22
41820,3,12,4,10
41822,4,12,5,9
41824,9,22,10,14
41828,61,104,62,44
41831,28,75,29,48
41863,444,841,445,398
41880,5,12,6,8
41889,12,27,13,16
41912,19,54,20,36
41914,1,10,2,10
41941,47,108,48,62
41974,1,16,2,16
41997,3270,6004,3271,2735
42002,315,936,316,622
42004,597,1161,598,565
42007,151,896,152,746
42009,131,716,132,586
42011,421,2066,422,1646
42013,74,429,75,356
42015,219,705,220,487
42018,198,449,199,252
42021,25,101,26,77
42053,10,68,11,59
42094,211,337,212,127
42150,4,12,5,9
42152,16,29,17,14
42163,135,214,136,80
42172,6,46,7,41
42176,8,17,9,10
42189,0,1,1,2
42197,247,545,248,299
42208,5,32,6,28
42213,24,54,25,31
42217,211,285,212,75
42285,7,82,8,76
42312,8,29,9,22
42335,2,5,3,4
42385,22,95,23,74
42413,1,9,2,9
42418,445,1077,446,633
42491,1,4,2,4
42518,38,78,39,41
42543,4,18,5,15
42546,15,33,16,19
42548,10,30,11,21
42550,2,7,3,6
42553,0,7,1,8
42556,33,85,34,53
42559,17,28,18,12
42584,22,34,23,13
42591,3,9,4,7
42602,13,28,14,16
42629,2,14,3,13
42632,938,1505,939,568
42634,29,69,30,41
42636,0,5,1,6
42638,3,11,4,9
42661,1,4,2,4
42677,14,24,15,11
42679,4,16,5,13
42681,16,66,17,51
42698,7,12,8,6
42705,1,3,2,3
42710,16,63,17,48
42718,692,1422,693,731
42721,29,440,30,412
42723,502,2483,503,1982
42725,659,1409,660,751
42728,227,559,228,333
42730,267,559,268,293
42732,205,519,206,315
42734,388,1373,389,986
42736,2,15,3,14
42738,1420,3821,1421,2402
42740,11,90,12,80
42761,9,49,10,41
42763,2,10,3,9
42783,49,73,50,25
42794,9,39,10,31
42856,3,17,4,15
42886,0,5,1,6
42900,85,179,86,95
42935,13,32,14,20
42938,18,40,19,23
42943,2,24,3,23
42946,76,169,77,94
42952,7,16,8,10
42956,3,9,4,7
42958,106,228,107,123
42973,4,19,5,16
42984,7,19,8,13
43007,6,24,7,19
43009,25,69,26,45
43011,4,38,5,35
43014,4,42,5,39
43022,9,80,10,72
43039,3,13,4,11
43081,2,16,3,15
43177,27,58,28,32
43244,6,16,7,11
43248,0,5,1,6
43260,3,16,4,14
43267,20,35,21,16
43269,6,16,7,11
43289,13,34,14,22
43292,5,12,6,8
43333,202,321,203,120
43351,12,19,13,8
43376,431,706,432,276
43383,2,9,3,8
43389,9,47,10,39
43391,5,87,6,83
43396,958,1585,959,628
43415,24,75,25,52
43419,52,400,53,349
43444,40,81,41,42
43460,198,482,199,285
43482,13,38,14,26
43497,66,107,67,42
43518,9,15,10,7
43538,0,4,1,5
43549,9,42,10,34
43552,15,53,16,39
43556,52,262,53,211
43558,95,610,96,516
43560,500,1458,501,959
43567,4,7,5,4
43571,5,14,6,10
43589,10,66,11,57
43608,11,36,12,26
43624,1,6,2,6
43626,1,9,2,9
43628,0,8,1,9
43631,0,4,1,5
43633,1,6,2,6
43635,35,104,36,70
43652,118,234,119,117
43675,0,9,1,10
43677,68,154,69,87
43679,309,1551,310,1243
43682,2,7,3,6
43684,63,200,64,138
43699,42,67,43,26
43708,148,347,149,200
43710,11,25,12,15
43727,0,10,1,11
43732,0,2,1,3
43744,156,400,157,245
43762,11,37,12,27
43801,11,21,12,11
43803,2,7,3,6
43813,3,13,4,11
43822,0,10,1,11
43828,8,17,9,10
43832,85,170,86,86
43836,269,1428,270,1160
43838,18,82,19,65
43853,32,75,33,44
43869,76,333,77,258
43871,165,1021,166,857
43883,20,42,21,23
43892,5,9,6,5
43897,66,102,67,37
43899,44,76,45,33
43904,44,394,45,351
43906,10,73,11,64
43908,45,175,46,131
43910,62,123,63,62
43912,21,197,22,177
43914,61,176,62,116
43917,253,659,254,407
43919,58,894,59,837
43921,323,787,324,465
43923,29,105,30,77
43926,6,77,7,72
43928,242,1665,243,1424
43930,137,601,138,465
43932,36,320,37,285
43934,39,78,40,40
43936,641,2255,642,1615
43967,3,25,4,23
43971,4,31,5,28
43983,42,93,43,52
43987,22,97,23,76
43997,5,10,6,6
44004,309,1586,310,1278
44022,1619,4833,1620,3215
44041,34,83,35,50
44058,34,152,35,119
44073,25,65,26,41
44100,43,93,44,51
44115,28,78,29,51
44124,4,18,5,15
44153,21,48,22,28
44155,7,31,8,25
44161,4,25,5,22
44168,57,132,58,76
44187,18,91,19,74
44189,12,98,13,87
44191,16797,25990,16798,9194
44193,747,1967,748,1221
44195,6352,10402,6353,4051
44197,96,331,97,236
44199,5509,8551,5510,3043
44204,356,657,357,302
44225,112,458,113,347
44234,5,25,6,21
44238,7,102,8,96
44241,5,57,6,53
44243,2,57,3,56
44253,2,4,3,3
44255,4,20,5,17
44295,14,43,15,30
44301,41,127,42,87
44317,22,95,23,74
44392,10,36,11,27
44397,364,1509,365,1146
44399,35,260,36,226
44421,34,52,35,19
44427,9,36,10,28
44494,8,107,9,100
44511,6,32,7,27
44555,7466,9177,7467,1712
44568,32,48,33,17
44571,1,5,2,5
44582,22,54,23,33
44585,5,13,6,9
44587,106,189,107,84
44590,22,73,23,52
44595,23,48,24,26
44597,27,57,28,31
44601,2,16,3,15
44611,9,41,10,33
44613,108,324,109,217
44628,4,10,5,7
44633,296,441,297,146
44653,53,106,54,54
44655,22,46,23,25
44657,82,165,83,84
44663,6,24,7,19
44665,5591,8994,5592,3404
44671,14,48,15,35
44674,14,32,15,19
44685,1,16,2,16
44694,1568,2531,1569,964
44703,2,5,3,4
44709,505,976,506,472
44719,18,29,19,12
44729,13,185,14,173
44731,70,281,71,212
44752,2,10,3,9
44759,47,499,48,453
44761,1631,2643,1632,1013
44763,7,30,8,24
44777,5,38,6,34
44779,7,44,8,38
44788,578,1085,579,508
44800,11,60,12,50
44815,17,96,18,80
44825,3,6,4,4
44828,344,1123,345,780
44840,116,682,117,567
44844,5,50,6,46
44849,107,290,108,184
44851,5,20,6,16
44856,1,33,2,33
44861,7,22,8,16
44864,117,540,118,424
44881,15,49,16,35
44889,77,158,78,82
44892,0,7,1,8
44900,23,75,24,53
44903,7,19,8,13
44911,26,80,27,55
44929,187,413,188,227
44931,0,5,1,6
44937,146,313,147,168
44943,86,174,87,89
44947,39,76,40,38
44949,15,101,16,87
44966,31,81,32,51
44972,228,1881,229,1654
44974,1361,2697,1362,1337
45000,39,68,40,30
45003,149,385,150,237
45028,242,748,243,507
45030,1,20,2,20
45036,8,17,9,10
45038,1,4,2,4
45047,3,15,4,13
45062,155,777,156,623
45068,10,31,11,22
45072,3,7,4,5
45074,38,309,39,272
45079,1,12,2,12
45081,946,2793,947,1848
45100,13,44,14,32
45106,66,474,67,409
45134,5,12,6,8
45137,3,19,4,17
45170,6,19,7,14
45172,30,66,31,37
45175,171,350,172,180
45179,16,44,17,29
45183,188,448,189,261
45186,2101,5815,2102,3715
45188,15,47,16,33
45192,31,49,32,19
45194,24,37,25,14
45208,127,787,128,661
45210,1028,1958,1029,931
45221,152,446,153,295
45224,3,23,4,21
45259,12,25,13,14
45303,8,26,9,19
45329,8,29,9,22
45335,39,89,40,51
45361,35,292,36,258
45382,48,248,49,201
45412,37,58,38,22
45431,1105,3318,1106,2214
45440,131,509,132,379
45442,143,1073,144,931
45447,2836,9582,2837,6747
45499,3712,10694,3713,6983
45501,422,2265,423,1844
45503,171,331,172,161
45506,68,134,69,67
45508,2,27,3,26
45512,2,13,3,12
45517,3188,8147,3189,4960
45521,14,41,15,28
45525,28,88,29,61
45527,1,14,2,14
45533,29,48,30,20
45537,5,13,6,9
45550,6,31,7,26
45578,6,16,7,11
45581,0,6,1,7
45611,17,50,18,34
45635,52,250,53,199
45642,8,15,9,8
45648,3,24,4,22
45652,5,13,6,9
45656,6,16,7,11
45658,26,62,27,37
45662,126,782,127,657
45664,11,53,12,43
45666,379,1988,380,1610
45668,796,2139,797,1344
45672,1272,5279,1273,4008
45679,33,96,34,64
45689,3,7,4,5
45691,18,27,19,10
45707,1,9,2,9
45720,3590,8530,3591,4941
45722,6939,16056,6940,9118
45726,205,1495,206,1291
45728,1694,3646,1695,1953
45730,308,1569,309,1262
45732,145,1409,146,1265
45756,5,10,6,6
45758,3,12,4,10
45761,1,8,2,8
45837,31,78,32,48
45845,2,10,3,9
45852,26,176,27,151
45880,521,1644,522,1124
45891,21,54,22,34
45899,14,27,15,14
45928,499,880,500,382
45940,7,26,8,20
45942,29,46,30,18
45950,1807,3285,1808,1479
45952,1,10,2,10
45969,13,95,14,83
45987,9,21,10,13
45991,3,16,4,14
45994,1,10,2,10
46008,1,6,2,6
46034,13,29,14,17
46062,262,1165,263,904
46065,0,1,1,2
46083,4,12,5,9
46098,19,35,20,17
46108,9,31,10,23
46115,0,9,1,10
46154,1,7,2,7
46194,9,57,10,49
46199,0,3,1,4
46201,7,22,8,16
46231,3,26,4,24
46258,7,27,8,21
46311,0,3,1,4
46318,1,6,2,6
46322,847,1474,848,628
46325,0,4,1,5
46331,12,37,13,26
46335,613,2601,614,1989
46337,60,415,61,356
46347,140,275,141,136
46363,5,18,6,14
46367,5,23,6,19
46372,0,7,1,8
46409,6,16,7,11
46430,13,68,14,56
46441,3,10,4,8
46457,2,12,3,11
46500,0,2,1,3
46525,6,15,7,10
46530,1084,4896,1085,3813
46544,9,19,10,11
46559,106,222,107,117
46561,14,37,15,24
46572,47,180,48,134
46574,26,115,27,90
46578,12106,19048,12107,6943
46581,3,16,4,14
46588,1,3,2,3
46595,0,5,1,6
46604,11,84,12,74
46613,2,44,3,43
46627,2,16,3,15
46634,1,8,2,8
46640,7,21,8,15
46653,38,120,39,83
46664,90,152,91,63
46713,3,12,4,10
46716,4,20,5,17
46723,3036,5941,3037,2906
46748,4,18,5,15
46753,0,6,1,7
46765,9,34,10,26
46770,10,55,11,46
46772,53,218,54,166
46788,2,20,3,19
46790,0,3,1,4
46803,96,173,97,78
46808,3,13,4,11
46839,19,46,20,28
46848,11,37,12,27
46850,387,642,388,256
46855,311,421,312,111
46862,13,32,14,20
46865,50,420,51,371
46869,1,12,2,12
46880,3,19,4,17
46901,3,12,4,10
46910,7,23,8,17
46912,12,50,13,39
46915,4,28,5,25
46919,57,118,58,62
46925,2,7,3,6
46929,3,26,4,24
46948,571,1840,572,1270
46952,6,15,7,10
46954,0,9,1,10
46957,6,21,7,16
46959,35,129,36,95
46961,8,15,9,8
46965,317,2381,318,2065
46967,406,1137,407,732
46970,1380,4071,1381,2692
46972,1474,6052,1475,4579
46974,150,782,151,633
46976,5351,9177,5352,3827
46979,4,7,5,4
47005,2,7,3,6
47007,4,13,5,10
47044,306,1526,307,1221
47047,4,22,5,19
47049,7,28,8,22
47054,1,9,2,9
47063,3,15,4,13
47076,3,21,4,19
47084,24,43,25,20
47092,15,42,16,28
47099,5824,9566,5825,3743
47117,13,50,14,38
47122,312,1007,313,696
47124,91,525,92,435
47129,0,7,1,8
47131,2,7,3,6
47135,9,16,10,8
47146,5,16,6,12
47148,37,62,38,26
47150,64,113,65,50
47152,68,111,69,44
47165,1,10,2,10
47180,14,28,15,15
47196,12,33,13,22
47200,1463,3651,1464,2189
47202,139,219,140,81
47221,6,40,7,35
47237,4,6,5,3
47239,6,32,7,27
47248,1,9,2,9
47250,0,2,1,3
47254,109,397,110,289
47261,38,225,39,188
47264,57,359,58,303
47274,99,147,100,49
47277,3,7,4,5
47285,0,9,1,10
47287,33,80,34,48
47306,58,102,59,45
47330,14,57,15,44
47342,2,8,3,7
47356,4,18,5,15
47382,625,1495,626,871
47384,27,190,28,164
47394,60,177,61,118
47397,0,8,1,9
47404,162,253,163,92
47423,663,1313,664,651
47446,67,163,68,97
47452,5,18,6,14
47455,1,4,2,4
47458,4,18,5,15
47460,10,20,11,11
47465,253,589,254,337
47477,4,14,5,11
47482,6,26,7,21
47484,10,24,11,15
47491,551,825,552,275
47493,18,51,19,34
47501,3,8,4,6
47503,16,62,17,47
47516,17,158,18,142
47518,635,1903,636,1269
47525,27,80,28,54
47538,11,41,12,31
47561,2,7,3,6
47566,22,48,23,27
47571,5,23,6,19
47601,20,43,21,24
47606,3,9,4,7
47610,6923,11775,6924,4853
47615,7,21,8,15
47619,15,33,16,19
47626,0,5,1,6
47629,1413,2610,1414,1198
47634,75,168,76,94
47640,332,1214,333,883
47642,10,63,11,54
47644,429,995,430,567
47646,19,94,20,76
47665,4,15,5,12
47670,21,41,22,21
47681,1,9,2,9
47701,3,10,4,8
47707,2,10,3,9
47714,19,52,20,34
47719,17,36,18,20
47721,294,454,295,161
47723,42,88,43,47
47725,215,432,216,218
47728,24,61,25,38
47736,10,24,11,15
47740,11,27,12,17
47774,9,19,10,11
47778,66,146,67,81
47793,39,121,40,83
47805,25,80,26,56
47808,17,43,18,27
47810,78,924,79,847
47815,2,17,3,16
47830,40,183,41,144
47836,18,53,19,36
47868,21,51,22,31
47894,413,726,414,314
47902,5,12,6,8
47904,39,67,40,29
47907,14,33,15,20
47918,7,22,8,16
47927,3,12,4,10
47931,12,22,13,11
47935,11,25,12,15
47937,98,387,99,290
47940,19,64,20,46
47950,90,458,91,369
47952,136,515,137,380
47956,14,52,15,39
47962,4,8,5,5
47970,166,582,167,417
47972,3,15,4,13
47976,14,101,15,88
47978,57,201,58,145
47980,4,20,5,17
47997,1492,3969,1493,2478
47999,925,1568,926,644
48001,55,91,56,37
48030,0,5,1,6
48032,77,143,78,67
48035,12,47,13,36
48043,2354,4536,2355,2183
48045,72,115,73,44
48049,6,25,7,20
48057,2,17,3,16
48059,57,112,58,56
48061,120,282,121,163
48067,0,2,1,3
48082,1513,2663,1514,1151
48084,2,9,3,8
48093,5,27,6,23
48098,3,22,4,20
48123,14,27,15,14
48127,0,3,1,4
48142,142,1085,143,944
48159,17,66,18,50
48161,122,358,123,237
48165,119,201,120,83
48167,16,40,17,25
48177,4,8,5,5
48193,24,41,25,18
48198,2,25,3,24
48214,7,33,8,27
48229,14,48,15,35
48231,95,197,96,103
48239,5,24,6,20
48242,0,18,1,19
48262,101,204,102,104
48264,2,19,3,18
48268,14,39,15,26
48299,1,6,2,6
48301,32,70,33,39
48304,2323,4356,2324,2034
48308,4,9,5,6
48315,0,15,1,16
48319,122,397,123,276
48322,559,1615,560,1057
48326,87,313,88,227
48342,98,201,99,104
48374,1,5,2,5
48381,3,14,4,12
48385,6260,13716,6261,7457
48389,20,29,21,10
48394,13834,19868,13835,6035
48407,1,10,2,10
48412,362,853,363,492
48414,199,970,200,772
48416,59,359,60,301
48458,2,9,3,8
48501,24,53,25,30
48516,19369,25343,19370,5975
48518,139,694,140,556
48520,145,783,146,639
48522,29,171,30,143
48528,0,10,1,11
48530,12,29,13,18
48536,1,11,2,11
48543,43,97,44,55
48555,3,21,4,19
48560,155,508,156,354
48567,4,17,5,14
48575,33,78,34,46
48584,8,47,9,40
48591,84,520,85,437
48593,115,613,116,499
48596,29,256,30,228
48598,80,202,81,123
48600,38,90,39,53
48626,4,7,5,4
48638,32,73,33,42
48642,0,5,1,6
48647,6,7,7,2
48649,6,16,7,11
48660,39,84,40,46
48673,8,66,9,59
48678,115,341,116,227
48682,40,95,41,56
48696,965,1661,966,697
48698,232,356,233,125
48700,8,19,9,12
48704,5,38,6,34
48711,76,150,77,75
48713,0,4,1,5
48715,0,7,1,8
48738,3570,5741,3571,2172
48741,87,177,88,91
48744,380,793,381,414
48770,3,15,4,13
48774,9694,15063,9695,5370
48780,16976,22943,16977,5968
48783,613,1587,614,975
48791,28,115,29,88
48817,3,28,4,26
48825,67,184,68,118
48833,10,38,11,29
48851,8,24,9,17
48856,146,334,147,189
48863,3,28,4,26
48872,203,358,204,156
48877,643,2639,644,1997
48879,49,161,50,113
48883,41,158,42,118
48895,6,22,7,17
48899,2,5,3,4
48901,5,17,6,13
48909,25,53,26,29
48957,5,29,6,25
48970,12,21,13,10
48972,25,49,26,25
48982,574,1734,575,1161
48997,1452,2727,1453,1276
49007,29,100,30,72
49013,61,427,62,367
49035,10,34,11,25
49037,11,24,12,14
49050,17,34,18,18
49060,16,60,17,45
49063,2,4,3,3
49079,6,20,7,15
49082,0,6,1,7
49085,29,37,30,9
49098,3,12,4,10
49110,8,84,9,77
49115,2,7,3,6
49130,367,837,368,471
49132,142,257,143,116
49183,8,18,9,11
49200,39,94,40,56
49205,14,113,15,100
49220,103,461,104,359
49225,93,140,94,48
49263,47,134,48,88
49265,69,105,70,37
49272,12535,20455,12536,7921
49274,674,2879,675,2206
49276,52,258,53,207
49278,2439,5171,2440,2733
49280,176,479,177,304
49282,14,210,15,197
49284,152,425,153,274
49286,1798,3878,1799,2081
49291,9,27,10,19
49299,12,33,13,22
49312,115,220,116,106
49314,116,391,117,276
49330,14,55,15,42
49347,128,515,129,388
49355,53,104,54,52
49359,39,62,40,24
49371,2,7,3,6
49379,0,11,1,12
49389,41,140,42,100
49394,105,163,106,59
49396,491,1565,492,1075
49402,2,9,3,8
49412,65,122,66,58
49422,126,250,127,125
49435,4,39,5,36
49464,6,16,7,11
49494,0,12,1,13
49518,6,14,7,9
49524,59,158,60,100
49526,35,245,36,211
49528,30,276,31,247
49530,7570,12257,7571,4688
49571,8,51,9,44
49591,3,14,4,12
49593,0,14,1,15
49615,32,65,33,34
49642,19,111,20,93
49644,6,24,7,19
49647,175,634,176,460
49649,271,1966,272,1696
49651,717,1974,718,1258
49663,4,12,5,9
49666,60,147,61,88
49668,13,28,14,16
49688,63,118,64,56
49691,1,4,2,4
49735,12,61,13,50
49739,1,8,2,8
49746,3,14,4,12
49752,7,21,8,15
49754,1,10,2,10
49757,4,20,5,17
49759,1,6,2,6
49766,24,49,25,26
49769,1,8,2,8
49772,653,1158,654,506
49793,301,716,302,416
49815,83,150,84,68
49817,52,92,53,41
49822,671,1688,672,1018
49824,352,1018,353,667
49856,39,114,40,76
49872,11,21,12,11
49899,7,14,8,8
49902,35,76,36,42
49910,428,824,429,397
49917,91,137,92,47
49926,4,20,5,17
49929,4,18,5,15
49932,537,1021,538,485
49951,8,19,9,12
49953,12,36,13,25
49955,1,5,2,5
49957,152,353,153,202
49961,763,1411,764,649
49973,3,24,4,22
49985,1,5,2,5
49994,3,14,4,12
50003,41,326,42,286
50005,227,622,228,396
50011,226,362,227,137
50059,3,30,4,28
50064,56,358,57,303
50066,94,176,95,83
50068,1760,2913,1761,1154
50076,3,5,4,3
50147,17,210,18,194
50149,22,168,23,147
50151,5,61,6,57
50153,11,114,12,104
50158,48,175,49,128
50160,265,571,266,307
50162,124,434,125,311
50165,3,24,4,22
50183,37,104,38,68
50208,3,15,4,13
50229,53,114,54,62
50253,1,25,2,25
50259,57,133,58,77
50271,9,23,10,15
50274,144,292,145,149
50279,0,1,1,2
50347,5,19,6,15
50349,3,14,4,12
50354,16,37,17,22
50356,29,48,30,20
50379,2,8,3,7
50382,2,9,3,8
50440,9,102,10,94
50442,309,955,310,647
50445,74,357,75,284
50447,60,201,61,142
50477,12,29,13,18
50488,2,12,3,11
50514,268,453,269,186
50517,74,145,75,72
50533,22,40,23,19
50541,11,31,12,21
50550,3,16,4,14
50572,4,24,5,21
50574,1,19,2,19
50583,37,60,38,24
50585,3,11,4,9
50589,9,22,10,14
50594,101,168,102,68
50601,757,1879,758,1123
50610,2,14,3,13
50613,3,13,4,11
50615,39,83,40,45
50628,1,14,2,14
50630,7,24,8,18
50641,181,312,182,132
50651,67,139,68,73
50658,305,434,306,130
50685,524,1159,525,636
50703,33,143,34,111
50705,24,62,25,39
50740,337,469,338,133
50742,209,294,210,86
50754,4,9,5,6
50774,8,33,9,26
50792,118,461,119,344
50794,556,1796,557,1241
50796,56,232,57,177
50798,55,1180,56,1126
50800,43,323,44,281
50802,147,576,148,430
50804,345,1199,346,855
50806,71,736,72,666
50821,2,5,3,4
50828,4,12,5,9
50842,106,237,107,132
50851,407,631,408,225
50858,22,124,23,103
50872,11535,19157,11536,7623
50886,12,51,13,40
50892,4,33,5,30
50898,31,64,32,34
50912,749,1385,750,637
50923,90,390,91,301
50940,4,19,5,16
50944,36,75,37,40
50949,11,25,12,15
50954,128,341,129,214
50970,5,30,6,26
50977,6,16,7,11
51004,5,24,6,20
51007,58,147,59,90
51014,2,9,3,8
51019,2,7,3,6
51037,95,336,96,242
51044,18,99,19,82
51053,1,4,2,4
51060,10,18,11,9
51063,76,169,77,94
51077,395,3140,396,2746
51080,626,1381,627,756
51082,26,75,27,50
51084,714,2142,715,1429
51086,773,2760,774,1988
51088,92,416,93,325
51091,450,1200,451,751
51094,19,107,20,89
51103,5,11,6,7
51106,0,6,1,7
51111,6,12,7,7
51119,2,3,3,2
51127,64,115,65,52
51167,41,65,42,25
51174,78,250,79,173
51182,10,32,11,23
51185,10,32,11,23
51187,32,91,33,60
51194,1,8,2,8
51203,0,8,1,9
51207,12,45,13,34
51209,8,27,9,20
51246,5,15,6,11
51249,0,9,1,10
51251,2,14,3,13
51255,8961,14356,8962,5396
51265,1,5,2,5
51277,201,333,202,133
51287,35,78,36,44
51300,2,9,3,8
51302,4,9,5,6
51312,83,132,84,50
51314,17,41,18,25
51317,6,15,7,10
51321,9,48,10,40
51341,2,12,3,11
51354,9,25,10,17
51357,119,235,120,117
51372,61,179,62,119
51380,24,67,25,44
51402,9,17,10,9
51412,703,2288,704,1586
51418,52,223,53,172
51433,0,10,1,11
51455,29,44,30,16
51457,5,16,6,12
51471,332,592,333,261
51486,14,28,15,15
51498,21,105,22,85
51503,10,47,11,38
51520,5,113,6,109
51528,3,16,4,14
51535,0,4,1,5
51540,4464,7936,4465,3473
51545,77,156,78,80
51559,16,28,17,13
51573,108,155,109,48
51575,215,1327,216,1113
51577,0,5,1,6
51579,2,43,3,42
51605,4,18,5,15
51617,4,19,5,16
51619,18,40,19,23
51638,31,79,32,49
51660,141,257,142,117
51662,9464,18769,9465,9306
51666,26,135,27,110
51678,69,160,70,92
51686,5,11,6,7
51689,1,2,2,2
51691,0,2,1,3
51694,93,316,94,224
51698,154,539,155,386
51705,202,422,203,221
51709,654,1469,655,816
51773,22,36,23,15
51800,4,11,5,8
51809,0,4,1,5
51817,1,12,2,12
51820,5,19,6,15
51834,448,943,449,496
51847,12,92,13,81
51857,17,51,18,35
51884,283,518,284,236
51886,6,12,7,7
51891,2,11,3,10
51894,17,34,18,18
51903,26,177,27,152
51905,1,2,2,2
51911,14,43,15,30
51917,3,44,4,42
51921,1,6,2,6
51925,184,790,185,607
51927,155,577,156,423
51931,553,1144,554,592
51933,20,63,21,44
51935,2229,4671,2230,2443
51937,95,547,96,453
51939,164,844,165,681
51991,41,80,42,40
52005,19,85,20,67
52009,7,16,8,10
52016,3,21,4,19
52033,1,10,2,10
52037,16,62,17,47
52042,609,1008,610,400
52078,12,20,13,9
52088,4,19,5,16
52101,9,24,10,16
52104,27,39,28,13
52106,2,6,3,5
52108,1,11,2,11
52118,0,3,1,4
52153,3,10,4,8
52170,40,64,41,25
52173,2,6,3,5
52180,1,9,2,9
52182,0,8,1,9
52189,16,31,17,16
52202,7,22,8,16
52227,26,152,27,127
52237,12,24,13,13
52241,439,1037,440,599
52245,849,3231,850,2383
52265,4,9,5,6
52273,0,2,1,3
52279,28,199,29,172
52281,2902,5324,2903,2423
52283,68,405,69,338
52285,9,61,10,53
52287,731,1768,732,1038
52299,28,63,29,36
52319,815,1268,816,454
52321,58,223,59,166
52326,1,4,2,4
52328,2278,4656,2279,2379
52352,5,17,6,13
52356,26,68,27,43
52365,2,7,3,6
52375,78,309,79,232
52378,11,28,12,18
52413,24,49,25,26
52418,6,15,7,10
52424,34,67,35,34
52427,6,12,7,7
52435,1160,1925,1161,766
52443,27,78,28,52
52448,62,200,63,139
52456,78,391,79,314
52458,758,2462,759,1705
52460,42,314,43,273
52462,124,365,125,242
52489,0,5,1,6
52495,51,95,52,45
52528,66,109,67,44
52545,14,53,15,40
52548,2,16,3,15
52551,6,42,7,37
52561,9,21,10,13
52570,7,12,8,6
52572,3,27,4,25
52579,497,929,498,433
52581,9,14,10,6
52589,1,25,2,25
52591,32,181,33,150
52604,1499,2852,1500,1354
52606,122,336,123,215
52617,8,19,9,12
52634,3,8,4,6
52644,157,745,158,589
52666,95,193,96,99
52668,106,338,107,233
52690,1,4,2,4
52694,314,1247,315,934
52709,11,21,12,11
52712,89,326,90,238
52715,15,92,16,78
52717,58,315,59,258
52722,1698,8010,1699,6313
52724,16,156,17,141
52730,21,77,22,57
52742,9,21,10,13
52767,340,467,341,128
52773,1,5,2,5
52781,3,12,4,10
52784,31,58,32,28
52796,2,8,3,7
52804,1,7,2,7
52806,96,333,97,238
52813,17,46,18,30
52831,22,105,23,84
52838,19,121,20,103
52845,4,34,5,31
52858,8,19,9,12
52865,4,25,5,22
52867,22,193,23,172
52872,4,15,5,12
52885,1644,2523,1645,880
52891,9,28,10,20
52913,7,26,8,20
52922,5,12,6,8
52927,35,65,36,31
52929,52,125,53,74
52938,14,32,15,19
52942,2,12,3,11
52950,243,690,244,448
52952,1008,1676,1009,669
52956,3,8,4,6
52967,268,507,269,240
52973,3444,8281,3445,4838
52975,857,2129,858,1273
52980,3,19,4,17
53000,2397,5858,2398,3462
53002,58,246,59,189
53004,10,144,11,135
53022,36,74,37,39
53024,231,343,232,113
53038,29,67,30,39
53052,9,14,10,6
53066,8,29,9,22
53084,0,8,1,9
53121,1017,4601,1018,3585
53123,1930,3040,1931,1111
53125,4698,11333,4699,6636
53127,94,322,95,229
53129,1098,2167,1099,1070
53131,5,74,6,70
53133,7,58,8,52
53138,68,198,69,131
53140,76,233,77,158
53143,23,83,24,61
53152,2,18,3,17
53154,5,36,6,32
53161,208,424,209,217
53187,3,6,4,4
53189,197,468,198,272
53207,174,815,175,642
53226,24,32,25,9
53282,3,29,4,27
53318,745,1494,746,750
53322,3274,7532,3275,4259
53326,60,219,61,160
53342,3,15,4,13
53349,34,79,35,46
53352,8,57,9,50
53355,20,46,21,27
53370,9,42,10,34
53373,13,39,14,27
53375,13,40,14,28
53379,6,37,7,32
53382,1,7,2,7
53406,25,57,26,33
53416,0,13,1,14
53435,140,753,141,614
53443,22,41,23,20
53447,135,385,136,251
53450,18,62,19,45
53453,4,53,5,50
53460,393,1189,394,797
53464,604,3731,605,3128
53466,55,238,56,184
53468,266,666,267,401
53476,7,23,8,17
53498,15,38,16,24
53519,2156,4521,2157,2366
53548,3,27,4,25
53550,590,1292,591,703
53554,3,9,4,7
53561,1,4,2,4
53569,6,42,7,37
53574,23,96,24,74
53578,54,143,55,90
53582,11,32,12,22
53592,30,56,31,27
53600,5,10,6,6
53651,3,7,4,5
53737,37,87,38,51
53741,2,20,3,19
53752,4,25,5,22
53766,23,49,24,27
53769,92,173,93,82
53774,13,25,14,13
53788,48,100,49,53
53827,81,174,82,94
53833,13,25,14,13
53835,48,98,49,51
53837,5,18,6,14
53839,3,7,4,5
53841,2,10,3,9
53843,2,16,3,15
53845,2,9,3,8
53847,3,9,4,7
53849,2,7,3,6
53851,3,7,4,5
53853,6,16,7,11
53855,7,22,8,16
53857,0,4,1,5
53859,15,111,16,97
53873,0,23,1,24
53880,24,47,25,24
53883,140,200,141,61
53885,11,19,12,9
53887,73,133,74,61
53894,1447,2605,1448,1159
53916,7,20,8,14
53919,28,87,29,60
53921,84,283,85,200
53953,1453,4018,1454,2566
53956,958,1836,959,879
53963,1,8,2,8
53967,6,32,7,27
53972,2842,6668,2843,3827
53974,76,517,77,442
53988,42,152,43,111
53993,401,2645,402,2245
53996,3290,9943,3291,6654
53999,21,191,22,171
54001,8375,14346,8376,5972
54004,321,1560,322,1240
54010,1,5,2,5
54020,7,25,8,19
54049,8,36,9,29
54056,1,4,2,4
54067,3,14,4,12
54075,58,196,59,139
54094,48,135,49,88
54116,23,115,24,93
54121,12,62,13,51
54144,6,22,7,17
54171,15,42,16,28
54176,11,26,12,16
54185,37,78,38,42
54190,1177,2351,1178,1175
54193,39,98,40,60
54196,38,71,39,34
54198,2,13,3,12
54220,1,14,2,14
54229,79,134,80,56
54239,2,8,3,7
54241,13,34,14,22
54243,6,19,7,14
54248,11,33,12,23
54251,4,14,5,11
54254,6,18,7,13
54256,494,1180,495,687
54259,4001,6681,4002,2681
54262,8,26,9,19
54268,2,42,3,41
54270,8,108,9,101
54272,3559,9175,3560,5617
54274,11,221,12,211
54276,281,880,282,600
54278,31,207,32,177
54281,480,1049,481,570
54284,6,27,7,22
54286,13567,20474,13568,6908
54290,22,209,23,188
54318,6,19,7,14
54326,2,3,3,2
54328,37,109,38,73
54331,90,298,91,209
54341,2,14,3,13
54349,6,33,7,28
54354,5,9,6,5
54372,561,925,562,365
54378,11,53,12,43
54406,5,31,6,27
54419,12,36,13,25
54426,33,79,34,47
54445,5,19,6,15
54455,6,32,7,27
54480,3,8,4,6
54491,7,31,8,25
54493,0,13,1,14
54501,2,11,3,10
54503,7584,13014,7585,5431
54505,10,33,11,24
54510,22,104,23,83
54513,61,171,62,111
54519,6,24,7,19
54536,2,16,3,15
54542,2,7,3,6
54554,9,18,10,10
54561,1,3,2,3
54580,3,19,4,17
54605,28,66,29,39
54607,6,12,7,7
54612,54,146,55,93
54614,0,1,1,2
54617,8,45,9,38
54621,30,64,31,35
54648,560,1913,561,1354
54652,5,11,6,7
54686,51,256,52,206
54725,1,13,2,13
54732,76,741,77,666
54734,137,399,138,263
54736,756,1764,757,1009
54738,11,92,12,82
54745,182,422,183,241
54758,6,9,7,4
54768,24,170,25,147
54771,149,749,150,601
54775,163,622,164,460
54778,2,15,3,14
54780,129,615,130,487
54783,2,31,3,30
54785,224,809,225,586
54787,125,432,126,308
54796,224,569,225,346
54833,24,50,25,27
54872,22,50,23,29
54875,3,13,4,11
54878,9,25,10,17
54881,1137,1807,1138,671
54908,55,193,56,139
54910,113,272,114,160
54922,5,14,6,10
54934,20,142,21,123
54958,8,40,9,33
54962,168,486,169,319
54964,1,13,2,13
54967,36,78,37,43
54972,0,4,1,5
54978,24,85,25,62
54986,12,36,13,25
54988,0,3,1,4
54995,1883,3924,1884,2042
54997,3744,6659,3745,2916
54999,768,2062,769,1295
55020,37,205,38,169
55040,11,26,12,16
55050,12,37,13,26
55052,1904,3339,1905,1436
55061,16,42,17,27
55063,110,190,111,81
55067,72,135,73,64
55069,619,956,620,338
55071,208,330,209,123
55078,18,43,19,26
55080,174,626,175,453
55094,419,936,420,518
55098,158,233,159,76
55106,37,62,38,26
55110,17,97,18,81
55112,5,31,6,27
55116,70,213,71,144
55118,2854,4713,2855,1860
55132,12,21,13,10
55147,4,11,5,8
55154,11,43,12,33
55156,58,96,59,39
55159,33,85,34,53
55167,258,429,259,172
55176,213,310,214,98
55178,8,32,9,25
55190,29,105,30,77
55205,54,186,55,133
55207,118,219,119,102
55209,6,54,7,49
55223,5,32,6,28
55226,9,28,10,20
55232,891,2752,892,1862
55241,41,451,42,411
55245,172,907,173,736
55247,6625,10328,6626,3704
55250,145,491,146,347
55253,389,682,390,294
55255,49,177,50,129
55257,38,171,39,134
55259,30,194,31,165
55261,101,607,102,507
55267,711,1839,712,1129
55269,2821,5136,2822,2316
55272,170,622,171,453
55274,285,821,286,537
55276,2163,3944,2164,1782
55278,102,269,103,168
55280,1630,3032,1631,1403
55282,595,2133,596,1539
55284,136,449,137,314
55286,132,317,133,186
55288,67,215,68,149
55290,2634,4483,2635,1850
55292,6,94,7,89
55294,7,25,8,19
55298,2,26,3,25
55324,2,17,3,16
55329,9,42,10,34
55343,2,22,3,21
55360,22,58,23,37
55363,1404,2627,1405,1224
55369,15,30,16,16
55373,3,14,4,12
55389,8,27,9,20
55391,10,86,11,77
55402,22,61,23,40
55406,2,16,3,15
55408,2,11,3,10
55417,28,80,29,53
55419,19,76,20,58
55434,1,2,2,2
55440,8,29,9,22
55442,2339,3387,2340,1049
55444,697,1151,698,455
55451,170,473,171,304
55460,2,6,3,5
55462,2,22,3,21
55467,4,14,5,11
55469,7,15,8,9
55476,2,4,3,3
55485,3,12,4,10
55487,7,37,8,31
55489,7,17,8,11
55492,10,70,11,61
55498,26,94,27,69
55507,12,28,13,17
55512,0,3,1,4
55517,13,58,14,46
55549,5,22,6,18
55553,144,525,145,382
55555,256,399,257,144
55566,36,97,37,62
55577,422,1856,423,1435
55603,9,89,10,81
55620,69,141,70,73
55626,0,5,1,6
55628,0,9,1,10
55652,46,91,47,46
55659,6,23,7,18
55668,0,20,1,21
55671,6,21,7,16
55681,1,11,2,11
55684,18,36,19,19
55687,91,218,92,128
55691,8,14,9,7
55705,20,58,21,39
55713,9,28,10,20
55721,1211,1693,1212,483
55726,32,70,33,39
55729,87,282,88,196
55732,123,339,124,217
55740,2,6,3,5
55757,5,11,6,7
55765,4405,7379,4406,2975
55768,352,2100,353,1749
55782,3,15,4,13
55805,753,1554,754,802
55814,1428,2166,1429,739
55820,13339,18474,13340,5136
55826,1,12,2,12
55830,547,2128,548,1582
55844,30,71,31,42
55851,27,74,28,48
55854,18,41,19,24
55856,17,35,18,19
55872,630,1249,631,620
55875,6,19,7,14
55888,3,6,4,4
55895,63,126,64,64
55901,151,278,152,128
55908,2178,3225,2179,1048
55926,13,42,14,30
55946,81,392,82,312
55955,51,375,52,325
55995,523,2645,524,2123
55999,240,803,241,564
56001,36,173,37,138
56003,110,484,111,375
56006,8,17,9,10
56009,1,9,2,9
56015,32,80,33,49
56022,14,35,15,22
56028,4,16,5,13
56030,2,12,3,11
56051,1,9,2,9
56060,58,121,59,64
56067,0,5,1,6
56079,62,204,63,143
56093,80,159,81,80
56095,49,112,50,64
56098,19,40,20,22
56141,44,83,45,40
56145,1735,3757,1736,2023
56152,1718,3859,1719,2142
56156,414,1726,415,1313
56158,10,43,11,34
56165,22,205,23,184
56167,46,134,47,89
56169,140,496,141,357
56171,862,3110,863,2249
56174,6053,14182,6054,8130
56176,139,1154,140,1016
56274,78,314,79,237
56286,284,687,285,404
56313,0,6,1,7
56331,16,33,17,18
56333,376,797,377,422
56339,1294,2275,1295,982
56350,23,45,24,23
56367,10515,18306,10516,7792
56370,26,64,27,39
56372,27,36,28,10
56379,56,112,57,57
56389,192,566,193,375
56432,22,61,23,40
56449,0,10,1,11
56474,10,51,11,42
56477,0,2,1,3
56479,26,66,27,41
56485,1,18,2,18
56490,10,21,11,12
56508,51,107,52,57
56511,12,53,13,42
56515,10,24,11,15
56548,3,3,4,1
56551,3,11,4,9
56561,13,27,14,15
56563,209,402,210,194
56570,4,11,5,8
56574,5,10,6,6
56587,1957,4083,1958,2127
56599,4,13,5,10
56602,6,14,7,9
56607,641,1117,642,477
56614,11,26,12,16
56616,5,18,6,14
56620,28,91,29,64
56626,13,31,14,19
56631,10,17,11,8
56633,30,157,31,128
56651,10,17,11,8
56671,49,116,50,68
56693,8,24,9,17
56700,4,51,5,48
56702,0,4,1,5
56715,843,1422,844,580
56719,49,86,50,38
56744,39,71,40,33
56748,2,14,3,13
56757,2978,6610,2979,3633
56775,1577,4571,1578,2995
56779,10,22,11,13
56782,6972,10044,6973,3073
56786,24,50,25,27
56788,1327,2652,1328,1326
56797,2,20,3,19
56801,277,2107,278,1831
56805,392,1109,393,718
56835,1,19,2,19
56837,10,41,11,32
56846,43,132,44,90
56848,18,92,19,75
56869,30,46,31,17
56874,0,1,1,2
56885,322,621,323,300
56888,1,4,2,4
56908,60,151,61,92
56915,102,376,103,275
56931,14,35,15,22
56941,1118,2417,1119,1300
56945,18,76,19,59
56949,1117,3523,1118,2407
56956,0,4,1,5
56959,1,5,2,5
56995,14,26,15,13
57017,4,16,5,13
57023,2,4,3,3
57027,7,21,8,15
57038,7,8,8,2
57041,8,80,9,73
57044,11,31,12,21
57069,28,43,29,16
57147,113,452,114,340
57179,1,17,2,17
57183,235,343,236,109
57209,6,15,7,10
57223,14,250,15,237
57236,4,12,5,9
57243,193,341,194,149
57269,2,7,3,6
57274,1122,1991,1123,870
57276,3,26,4,24
57282,3,15,4,13
57291,3,13,4,11
57326,26,328,27,303
57353,100,305,101,206
57357,4,12,5,9
57368,2414,6381,2415,3968
57370,31,196,32,166
57393,29,74,30,46
57401,59,305,60,247
57418,9,25,10,17
57421,30,142,31,113
57426,0,15,1,16
57430,1,10,2,10
57432,5,34,6,30
57439,4,6,5,3
57453,26,50,27,25
57464,139,316,140,178
57468,1,6,2,6
57473,1,22,2,22
57476,15,44,16,30
57478,5,14,6,10
57480,6,16,7,11
57482,1,4,2,4
57484,9,23,10,15
57499,3,17,4,15
57502,172,272,173,101
57504,1263,1896,1264,634
57509,5,39,6,35
57513,6,18,7,13
57520,30,235,31,206
57522,9,61,10,53
57526,90,458,91,369
57528,990,2768,991,1779
57530,3,18,4,16
57532,69,890,70,822
57534,61,424,62,364
57536,36,215,37,180
57538,33,211,34,179
57543,55,103,56,49
57550,33,49,34,17
57637,42,185,43,144
57640,1763,4730,1764,2968
57648,3,7,4,5
57655,18,51,19,34
57669,6968,10715,6969,3748
57690,8,30,9,23
57692,9,32,10,24
57695,17,51,18,35
57706,24,47,25,24
57709,0,4,1,5
57754,8,19,9,12
57772,65,117,66,53
57774,1,8,2,8
57776,6,32,7,27
57778,5,9,6,5
57792,62,143,63,82
57805,2,7,3,6
57811,5,11,6,7
57843,14,39,15,26
57845,85,141,86,57
57848,2,17,3,16
57854,25,53,26,29
57865,7,58,8,52
57868,5,13,6,9
57873,9,64,10,56
57910,110,489,111,380
57940,1,15,2,15
57942,3,17,4,15
57946,21,43,22,23
57949,13,77,14,65
57951,203,857,204,655
57960,4,14,5,11
57964,8,37,9,30
57970,11,21,12,11
57980,66,130,67,65
57991,10,28,11,19
57996,2,11,3,10
58003,7,18,8,12
58007,6,33,7,28
58025,1154,4313,1155,3160
58029,12,40,13,29
58033,1,4,2,4
58047,1107,2332,1108,1226
58059,11,26,12,16
58061,4,6,5,3
58078,114,288,115,175
58081,1,3,2,3
58084,16,32,17,17
58094,6,16,7,11
58103,494,1595,495,1102
58105,371,1187,372,817
58107,261,788,262,528
58111,61,115,62,55
58120,0,2,1,3
58123,24,46,25,23
58130,2,5,3,4
58136,1,6,2,6
58146,4,89,5,86
58154,413,1146,414,734
58156,203,1023,204,821
58162,280,1014,281,735
58174,3,7,4,5
58180,0,3,1,4
58185,16,34,17,19
58191,183,289,184,107
58207,4,16,5,13
58223,37,114,38,78
58228,7,9,8,3
58246,43,146,44,104
58269,2,2,3,1
58274,1,9,2,9
58282,0,4,1,5
58287,19,75,20,57
58291,16,145,17,130
58293,386,2532,387,2147
58295,1297,2821,1298,1525
58297,167,765,168,599
58299,730,2105,731,1376
58301,394,923,395,530
58303,792,1188,793,397
58306,301,624,302,324
58309,12,31,13,20
58315,55,703,56,649
58324,10,54,11,45
58332,85,427,86,343
58334,62,168,63,107
58347,493,1043,494,551
58351,187,343,188,157
58365,11,38,12,28
58367,9,43,10,35
58373,1,11,2,11
58376,362,729,363,368
58379,26,71,27,46
58381,20,50,21,31
58409,3,8,4,6
58411,1,15,2,15
58418,26,125,27,100
58422,21,35,22,15
58425,211,284,212,74
58432,20,178,21,159
58434,5,29,6,25
58437,0,11,1,12
58439,12,55,13,44
58452,5,12,6,8
58485,22,122,23,101
58490,279,566,280,288
58492,82,187,83,106
58494,20,107,21,88
58509,4,10,5,7
58520,17,38,18,22
58530,3,8,4,6
58534,0,6,1,7
58554,104,169,105,66
58559,32215,41519,32216,9305
58564,1,3,2,3
58576,14,56,15,43
58578,6,10,7,5
58589,0,2,1,3
58595,11,28,12,18
58598,2,8,3,7
58610,6,17,7,12
58622,56,134,57,79
58627,164,452,165,289
58632,7,20,8,14
58641,0,3,1,4
58649,23,38,24,16
58652,33,124,34,92
58655,51,508,52,458
58661,0,3,1,4
58706,57,109,58,53
58709,36,63,37,28
58718,4,26,5,23
58722,4,19,5,16
58740,11,28,12,18
58743,15,69,16,55
58760,0,13,1,14
58774,6,13,7,8
58783,24,99,25,76
58785,1,4,2,4
58803,2006,4850,2007,2845
58806,91,386,92,296
58808,28,47,29,20
58810,0,5,1,6
58812,8,14,9,7
58816,6,22,7,17
58839,59,366,60,308
58847,0,9,1,10
58850,12,52,13,41
58870,15,44,16,30
58874,43,66,44,24
58876,50,185,51,136
58879,71,176,72,106
58881,4,27,5,24
58889,17,39,18,23
58895,7,16,8,10
58898,17,44,18,28
58904,4,14,5,11
58920,1,11,2,11
58922,6,11,7,6
58933,6,32,7,27
58937,32,73,33,42
58939,11,18,12,8
58941,0,8,1,9
58945,7,18,8,12
58964,115,292,116,178
58972,76,316,77,241
58975,109,550,110,442
58992,47,80,48,34
58994,4,9,5,6
58998,3231,6749,3232,3519
59000,20,90,21,71
59014,83,630,84,548
59016,187,684,188,498
59018,650,1030,651,381
59022,590,2059,591,1470
59026,235,424,236,190
59031,3,12,4,10
59037,230,840,231,611
59040,16,75,17,60
59044,1,7,2,7
59053,6,28,7,23
59065,16,94,17,79
59074,1,3,2,3
59103,339,1094,340,756
59105,16,88,17,73
59107,30,119,31,90
59114,1,11,2,11
59116,2,21,3,20
59118,310,707,311,398
59126,706,1356,707,651
59129,18,99,19,82
59131,1,28,2,28
59136,3,5,4,3
59138,4,17,5,14
59141,251,569,252,319
59143,125,363,126,239
59154,2,20,3,19
59157,1,16,2,16
59159,1,34,2,34
59173,7,47,8,41
59178,4,18,5,15
59180,4,20,5,17
59182,3,15,4,13
59184,3,19,4,17
59188,37,83,38,47
59216,6,19,7,14
59220,119,276,120,158
59256,59,283,60,225
59258,235,1013,236,779
59260,24,60,25,37
59273,14,74,15,61
59290,5,36,6,32
59295,33,147,34,115
59302,6,10,7,5
59306,28,248,29,221
59313,9,23,10,15
59315,15943,25671,15944,9729
59327,0,3,1,4
59333,241,875,242,635
59336,137,376,138,240
59339,45,107,46,63
59362,21,72,22,52
59366,5,7,6,3
59369,6490,11352,6491,4863
59376,5,27,6,23
59382,23,71,24,49
59387,1685,2552,1686,868
59399,22,61,23,40
59404,38,185,39,148
59418,146,287,147,142
59421,428,1577,429,1150
59426,1,4,2,4
59435,9,41,10,33
59440,74,153,75,80
59447,2,9,3,8
59463,2,7,3,6
59465,2,3,3,2
59478,0,8,1,9
59485,24,41,25,18
59501,1055,3361,1056,2307
59519,71,138,72,68
59527,10,26,11,17
59547,32,54,33,23
59549,109,190,110,82
59590,116,192,117,77
59594,54,282,55,229
59602,7,32,8,26
59604,93,259,94,167
59607,42,102,43,61
59615,1779,8034,1780,6256
59621,19,50,20,32
59625,5,15,6,11
59641,2,10,3,9
59655,5,18,6,14
59665,6,19,7,14
59667,3,5,4,3
59669,3,15,4,13
59680,10,24,11,15
59684,75,117,76,43
59705,6,22,7,17
59709,60,286,61,227
59715,37,204,38,168
59721,27,97,28,71
59725,499,1928,500,1430
59727,271,906,272,636
59729,18,89,19,72
59731,236,440,237,205
59738,33,229,34,197
59753,40,50,41,11
59784,5724,11259,5725,5536
59795,5,31,6,27
59799,2,4,3,3
59801,7,16,8,10
59805,5,11,6,7
59810,174,329,175,156
59814,30,78,31,49
59832,35,76,36,42
59834,13,57,14,45
59836,2,8,3,7
59838,8,27,9,20
59840,3,12,4,10
59842,1,17,2,17
59844,5,11,6,7
59846,12,37,13,26
59850,5,14,6,10
59852,2,9,3,8
59854,4,13,5,10
59858,1,6,2,6
59861,0,3,1,4
59865,1,4,2,4
59867,1,6,2,6
59888,1,4,2,4
59893,7,22,8,16
59895,6,12,7,7
59900,471,2566,472,2096
59905,4,9,5,6
59908,20,171,21,152
59910,12,62,13,51
59912,23,55,24,33
59915,28,124,29,97
59922,0,5,1,6
59938,4,30,5,27
59942,4,21,5,18
59945,15,37,16,23
59947,4,18,5,15
59954,2,5,3,4
59960,9,30,10,22
59974,5,7,6,3
59976,37,61,38,25
59985,151,375,152,225
59988,9,14,10,6
59995,341,595,342,255
60007,55,146,56,92
60020,29,119,30,91
60030,5,35,6,31
60032,10,46,11,37
60037,250,2024,251,1775
60040,1555,5578,1556,4024
60044,10,67,11,58
60046,27,73,28,47
60059,5,11,6,7
60069,19384,27374,19385,7991
60072,1697,5224,1698,3528
60074,2047,7570,2048,5524
60086,5,13,6,9
60096,19,38,20,20
60103,19,52,20,34
60106,0,12,1,13
60110,6,22,7,17
60124,3,12,4,10
60126,925,3360,926,2436
60128,54,170,55,117
60133,8,47,9,40
60135,19,38,20,20
60137,38,65,39,28
60141,78,230,79,153
60145,4,15,5,12
60147,22,40,23,19
60150,6,17,7,12
60179,4,31,5,28
60183,3,8,4,6
60189,5,26,6,22
60193,3,13,4,11
60198,27,50,28,24
60201,76,124,77,49
60223,4,9,5,6
60225,0,9,1,10
60227,5,13,6,9
60229,2,7,3,6
60231,1,5,2,5
60234,0,2,1,3
60237,1,6,2,6
60240,0,3,1,4
60243,4,14,5,11
60256,9,16,10,8
60259,29,89,30,61
60284,1,8,2,8
60286,1,30,2,30
60289,31,108,32,78
60291,239,399,240,161
60293,223,491,224,269
60295,57,99,58,43
60303,30,68,31,39
60309,4,10,5,7
60311,16,45,17,30
60314,4,15,5,12
60316,1,13,2,13
60322,11,47,12,37
60333,349,563,350,215
60336,42,67,43,26
60338,16,65,17,50
60341,57,109,58,53
60343,6,14,7,9
60353,9,36,10,28
60356,1,6,2,6
60363,22,220,23,199
60376,5,15,6,11
60382,85,189,86,105
60384,20,44,21,25
60389,15,57,16,43
60391,5,23,6,19
60393,6,16,7,11
60397,908,2797,909,1890
60405,5,54,6,50
60408,207,414,208,208
60411,15,37,16,23
60418,27,100,28,74
60421,2,11,3,10
60436,3,19,4,17
60450,8,22,9,15
60461,14,42,15,29
60463,5,54,6,50
60469,18,30,19,13
60471,37,159,38,123
60475,9,13,10,5
60479,7,39,8,33
60482,42,122,43,81
60484,6,22,7,17
60487,490,882,491,393
60490,1,2,2,2
60494,1,6,2,6
60503,61,138,62,78
60508,2,12,3,11
60514,269,1379,270,1111
60516,56,416,57,361
60522,31,136,32,106
60524,10,36,11,27
60526,10,58,11,49
60530,44,121,45,78
60538,18,118,19,101
60544,3,14,4,12
60546,15,28,16,14
60551,28,60,29,33
60566,55,91,56,37
60568,3,19,4,17
60579,18,71,19,54
60585,9,25,10,17
60590,2,20,3,19
60599,9,43,10,35
60609,182,354,183,173
60616,0,3,1,4
60618,4,19,5,16
60625,18,38,19,21
60641,11,29,12,19
60647,170,553,171,384
60649,17,165,18,149
60654,11,49,12,39
60666,6,20,7,15
60684,6701,11981,6702,5281
60688,5,26,6,22
60702,6,30,7,25
60707,4,24,5,21
60728,2,8,3,7
60735,57,139,58,83
60737,12,37,13,26
60743,7,11,8,5
60745,17,45,18,29
60753,383,724,384,342
60756,1826,4100,1827,2275
60758,63,177,64,115
60760,200,1083,201,884
60763,47,137,48,91
60766,1208,1930,1209,723
60768,3,13,4,11
60803,24,79,25,56
60825,5,34,6,30
60827,4,16,5,13
60832,52,249,53,198
60857,28,92,29,65
60880,3,7,4,5
60885,16,38,17,23
60887,5,8,6,4
60894,27,102,28,76
60896,2,5,3,4
60930,1,8,2,8
60937,251,1574,252,1324
60939,44,228,45,185
60941,103,443,104,341
60943,249,484,250,236
60946,5,22,6,18
60948,85,240,86,156
60950,1685,3482,1686,1798
60990,28,44,29,17
60992,67,105,68,39
61004,3,13,4,11
61009,24,54,25,31
61011,2,36,3,35
61013,22,36,23,15
61018,20,45,21,26
61024,2467,5708,2468,3242
61026,242,478,243,237
61031,2,8,3,7
61035,7,36,8,30
61037,39,77,40,39
61041,3,10,4,8
61071,141,428,142,288
61073,23,118,24,96
61075,120,303,121,184
61083,0,3,1,4
61100,31,52,32,22
61110,5,16,6,12
61116,6,25,7,20
61123,142,690,143,549
61132,2949,7225,2950,4277
61136,6,49,7,44
61160,469,1559,470,1091
61167,55,180,56,126
61206,17,29,18,13
61210,22,209,23,188
61215,12,45,13,34
61236,1029,1570,1030,542
61240,3731,5360,3732,1630
61246,85,313,86,229
61248,475,1835,476,1361
61250,191,935,192,745
61253,10,24,11,15
61255,69,366,70,298
61257,58,107,59,50
61262,192,729,193,538
61264,8,32,9,25
61267,2,72,3,71
61269,9,25,10,17
61279,7,20,8,14
61285,5,19,6,15
61289,68,243,69,176
61301,5,16,6,12
61312,11,49,12,39
61317,4,23,5,20
61319,16,55,17,40
61323,3685,7810,3686,4126
61348,21,557,22,537
61350,211,1089,212,879
61352,295,713,296,419
61354,14,105,15,92
61357,27,59,28,33
61361,33,170,34,138
61373,24,61,25,38
61396,6,16,7,11
61398,2,46,3,45
61401,74,674,75,601
61406,244,356,245,113
61414,2,13,3,12
61434,4,14,5,11
61449,41,108,42,68
61451,7,15,8,9
61465,70,573,71,504
61467,3,13,4,11
61470,5,27,6,23
61473,11,33,12,23
61475,2,6,3,5
61493,38,81,39,44
61553,0,8,1,9
61560,0,2,1,3
61567,1,36,2,36
61569,0,1,1,2
61586,7,19,8,13
61628,4,8,5,5
61634,2,12,3,11
61638,1,5,2,5
61646,54,112,55,59
61678,40,140,41,101
61692,8,81,9,74
61695,0,4,1,5
61697,108,583,109,476
61705,70,445,71,376
61707,7,16,8,10
61724,58,110,59,53
61729,420,1224,421,805
61742,20,57,21,38
61768,3,13,4,11
61816,29,70,30,42
61818,4,73,5,70
61862,7,28,8,22
61868,0,1,1,2
61913,8,12,9,5
61931,6,40,7,35
61934,7,40,8,34
61937,46,81,47,36
61941,28,74,29,47
61948,22,102,23,81
61950,10,44,11,35
61967,68,110,69,43
61986,167,515,168,349
61991,27,120,28,94
61994,10,22,11,13
62000,24,59,25,36
62010,10,39,11,30
62014,0,11,1,12
62049,258,482,259,225
62054,15,34,16,20
62081,638,2039,639,1402
62113,179,695,180,517
62115,56,108,57,53
62137,50,214,51,165
62153,5,26,6,22
62155,657,1799,658,1143
62157,9,21,10,13
62198,21,39,22,19
62203,359,690,360,332
62206,2,6,3,5
62208,11,20,12,10
62213,0,5,1,6
62235,60,150,61,91
62237,1,4,2,4
62245,32,58,33,27
62250,258,538,259,281
62254,6,15,7,10
62265,65,283,66,219
62277,5,16,6,12
62293,347,829,348,483
62299,3,37,4,35
62304,5,17,6,13
62334,1,9,2,9
62344,276,744,277,469
62374,923,2062,924,1140
62376,467,1274,468,808
62378,9,50,10,42
62383,22,66,23,45
62385,6,23,7,18
62390,6,21,7,16
62394,147,1220,148,1074
62420,6,10,7,5
62434,978,3296,979,2319
62437,146,652,147,507
62439,109,395,110,287
62467,3,5,4,3
62474,2,14,3,13
62511,1026,1706,1027,681
62514,6,11,7,6
62526,17,59,18,43
62553,169,351,170,183
62577,51,180,52,130
62586,11,73,12,63
62644,675,1124,676,450
62660,4,16,5,13
62662,16,32,17,17
62669,5,14,6,10
62718,70,221,71,152
62721,4,13,5,10
62726,24,42,25,19
62729,4,43,5,40
62733,176,643,177,468
62761,2,4,3,3
62764,18,69,19,52
62781,2,2,3,1
62788,7,97,8,91
62792,107,399,108,293
62796,7,40,8,34
62799,98,207,99,110
62801,76,127,77,52
62803,68,112,69,45
62834,44,146,45,103
62836,48,128,49,81
62847,6,14,7,9
62849,1459,2794,1460,1336
62851,2,8,3,7
62912,150,611,151,462
62916,2,11,3,10
62920,1,4,2,4
62925,6,29,7,24
62953,1,6,2,6
62972,8,22,9,15
62974,10,38,11,29
62999,744,2328,745,1585
63001,21,63,22,43
63007,0,2,1,3
63033,270,769,271,500
63062,1472,2717,1473,1246
63072,1742,3475,1743,1734
63082,11882,19073,11883,7192
63113,2404,7035,2405,4632
63119,11,30,12,20
63121,7,17,8,11
63131,1575,3573,1576,1999
63134,1,3,2,3
63141,0,1,1,2
63179,66,131,67,66
63181,39,120,40,82
63187,0,5,1,6
63189,49,159,50,111
63194,26,52,27,27
63222,145,406,146,262
63226,5,11,6,7
63229,2,2,3,1
63237,9,39,10,31
63239,62,166,63,105
63271,0,2,1,3
63273,3,33,4,31
63276,45,82,46,38
63278,1,7,2,7
63280,0,5,1,6
63283,5,11,6,7
63310,5,22,6,18
63312,23,76,24,54
63327,1,8,2,8
63329,19,77,20,59
63332,1,20,2,20
63339,1,5,2,5
63391,11,20,12,10
63393,61,285,62,225
63433,281,458,282,178
63436,303,1299,304,997
63446,37,92,38,56
63458,8,62,9,55
63468,0,6,1,7
63479,270,902,271,633
63481,13,57,14,45
63483,4,17,5,14
63515,146,253,147,108
63540,22,257,23,236
63544,9,18,10,10
63617,4,16,5,13
63629,5,15,6,11
63645,17,28,18,12
63662,2,3,3,2
63676,79,124,80,46
63688,0,3,1,4
63692,2,4,3,3
63698,46,112,47,67
63758,0,6,1,7
63760,10,17,11,8
63768,7,17,8,11
63772,1,6,2,6
63781,5,13,6,9
63788,13,34,14,22
63793,9,28,10,20
63806,1,8,2,8
63808,239,443,240,205
63810,1,4,2,4
63826,91,306,92,216
63828,17,65,18,49
63836,8,31,9,24
63840,1,3,2,3
63853,397,1273,398,877
63859,1203,3459,1204,2257
63862,1,9,2,9
63876,2272,3893,2273,1622
63989,13,45,14,33
63992,1153,6115,1154,4963
64010,25,111,26,87
64030,529,1759,530,1231
64032,117,623,118,507
64034,1734,2817,1735,1084
64037,29,150,30,122
64099,1,10,2,10
64114,97,201,98,105
64116,66,339,67,274
64153,1,13,2,13
64167,31,110,32,80
64197,465,805,466,341
64229,63,169,64,107
64231,67,408,68,342
64234,6,63,7,58
64241,33,45,34,13
64243,4,13,5,10
64245,6,19,7,14
64249,143,499,144,357
64273,15,46,16,32
64275,4,10,5,7
64278,127,204,128,78
64280,4,12,5,9
64283,5,12,6,8
64285,412,749,413,338
64288,3,5,4,3
64321,19,46,20,28
64325,1,10,2,10
64327,0,1,1,2
64338,13,30,14,18
64365,0,4,1,5
64368,4,28,5,25
64385,3,8,4,6
64408,4,10,5,7
64410,0,4,1,5
64418,13,18,14,6
64424,0,6,1,7
64427,3,6,4,4
64497,349,2080,350,1732
64499,194,456,195,263
64501,113,296,114,184
64511,34,57,35,24
64517,0,4,1,5
64519,9,34,10,26
64522,7,15,8,9
64524,3,37,4,35
64548,0,8,1,9
64550,1,9,2,9
64552,0,5,1,6
64575,1261,2289,1262,1029
64614,8938,13428,8939,4491
64620,1606,2780,1607,1175
64622,1437,2439,1438,1003
64645,0,9,1,10
64650,38,85,39,48
64652,3,18,4,16
64658,2,9,3,8
64660,9,25,10,17
64695,85,143,86,59
64701,194,324,195,131
64704,0,4,1,5
64716,2326,4119,2327,1794
64750,7,35,8,29
64754,0,3,1,4
64784,0,4,1,5
64839,4053,6566,4054,2514
64845,8,22,9,15
64895,1,8,2,8
64897,1,5,2,5
64918,0,8,1,9
64921,1,10,2,10
64923,1,7,2,7
64930,34,64,35,31
64942,9,20,10,12
64944,0,1,1,2
64957,5242,10634,5243,5393
64969,2161,5794,2162,3634
64976,1,12,2,12
64979,0,2,1,3
64983,874,2325,875,1452
64986,8,47,9,40
64990,5,10,6,6
64993,546,888,547,343
64997,108,456,109,349
65001,8,21,9,14
65011,4,10,5,7
65025,0,4,1,5
65027,1,7,2,7
65033,1,6,2,6
65037,94,212,95,119
65051,2,12,3,11
65063,2,9,3,8
65078,1,1,2,1
65088,328,1213,329,886
65091,11,31,12,21
65111,3,12,4,10
65126,202,628,203,427
65130,773,1698,774,926
65133,210,353,211,144
65142,91,196,92,106
65155,7,55,8,49
65181,14,62,15,49
65188,731,974,732,244
65193,99,311,100,213
65204,3,9,4,7
65216,607,1339,608,733
65225,166,341,167,176
65227,2,11,3,10
65230,770,2153,771,1384
65235,17,35,18,19
65238,4,10,5,7
65243,1,21,2,21
65259,33,59,34,27
65261,2031,3348,2032,1318
65263,1,6,2,6
65267,0,3,1,4
65277,0,1,1,2
65288,7,16,8,10
65290,4,13,5,10
65293,2,13,3,12
65300,10,39,11,30
65304,2,10,3,9
65310,29,93,30,65
65315,2,42,3,41
65350,2,11,3,10
65352,1,7,2,7
65357,21,34,22,14
65359,17,84,18,68
65370,0,3,1,4
65381,3,11,4,9
65400,2,30,3,29
65418,143,311,144,169
65435,37,234,38,198
65465,91,313,92,223
65468,0,3,1,4
65514,1979,2940,1980,962
65518,1,17,2,17
65521,3,21,4,19
65538,3,11,4,9
65552,8,83,9,76
65556,1,3,2,3
65558,0,5,1,6
65567,46,233,47,188
65577,112,483,113,372
65585,253,1071,254,819
65588,51,101,52,51
65596,192,361,193,170
65601,39,301,40,263
65603,5,17,6,13
65612,104,200,105,97
65614,1,9,2,9
65621,1,3,2,3
65629,0,1,1,2
65631,28,101,29,74
65633,1,5,2,5
65642,770,1351,771,582
65651,2,15,3,14
65660,30,56,31,27
65665,10,33,11,24
65667,4,17,5,14
65669,3,11,4,9
65672,10,39,11,30
65682,849,2237,850,1389
65685,209,734,210,526
65696,0,2,1,3
65698,0,3,1,4
65702,1,8,2,8
65709,26,58,27,33
65729,1,1,2,1
65731,9,72,10,64
65738,4,70,5,67
65740,6,60,7,55
65762,0,3,1,4
65764,12,21,13,10
65770,7,15,8,9
65772,21,113,22,93
65780,0,3,1,4
65796,22,49,23,28
65802,138,1220,139,1083
65810,62,210,63,149
65813,33,299,34,267
65817,12,93,13,82
65845,9,38,10,30
65866,2,10,3,9
65868,160,363,161,204
65878,2,7,3,6
65882,117,436,118,320
65894,17,53,18,37
65899,33,97,34,65
65907,1,12,2,12
65909,1,2,2,2
65930,0,3,1,4
65932,0,5,1,6
65935,2,14,3,13
65939,39,106,40,68
65974,1,12,2,12
65982,207,656,208,450
65984,0,8,1,9
65986,2,5,3,4
66006,0,3,1,4
66008,1,1,2,1
66015,12,40,13,29
66019,22,36,23,15
66025,2,18,3,17
66036,0,2,1,3
66051,1,5,2,5
66053,2,16,3,15
66057,0,1,1,2
66059,4,32,5,29
66066,23,141,24,119
66068,10,22,11,13
66090,211,514,212,304
66092,20,34,21,15
66097,3625,6530,3626,2906
66105,5,23,6,19
66118,12,21,13,10
66130,117,290,118,174
66140,2,35,3,34
66152,9,54,10,46
66156,26,120,27,95
66171,418,1449,419,1032
66198,207,869,208,663
66200,115,292,116,178
66203,762,2182,763,1421
66234,8,39,9,32
66246,8,41,9,34
66250,0,1,1,2
66252,3,16,4,14
66268,0,1,1,2
66279,37,69,38,33
66282,1,5,2,5
66284,2,9,3,8
66289,12,25,13,14
66295,5,13,6,9
66304,38,212,39,175
66306,0,2,1,3
66310,32,131,33,100
66317,41,94,42,54
66320,27,68,28,42
66323,6,16,7,11
66330,25,78,26,54
66335,99,247,100,149
66337,9,32,10,24
66339,24,41,25,18
66344,4,17,5,14
66352,5,10,6,6
66365,16,68,17,53
66369,3,20,4,18
66371,724,1012,725,289
66385,81,181,82,101
66389,3,4,4,2
66427,48,216,49,169
66437,2,6,3,5
66440,5,9,6,5
66491,0,1,1,2
66503,0,13,1,14
66506,5,36,6,32
66509,378,1453,379,1076
66511,34,81,35,48
66537,2,9,3,8
66539,2,4,3,3
66544,48,104,49,57
66547,46,98,47,53
66549,1,9,2,9
66553,2,3,3,2
66579,2,8,3,7
66584,2,16,3,15
66590,1,4,2,4
66592,2,10,3,9
66596,42,124,43,83
66618,20,31,21,12
66620,0,2,1,3
66622,0,3,1,4
66639,16,174,17,159
66655,6,16,7,11
66659,23,102,24,80
66662,1,2,2,2
66665,561,1123,562,563
66667,0,5,1,6
66686,7,17,8,11
66691,45,199,46,155
66701,1,4,2,4
66718,15,25,16,11
66720,2,8,3,7
66744,93,180,94,88
66758,8,14,9,7
66762,55,109,56,55
66773,1,5,2,5
66783,88,499,89,412
66785,237,482,238,246
66789,12,67,13,56
66798,122,532,123,411
66801,15,51,16,37
66808,8,71,9,64
66813,15,26,16,12
66815,0,2,1,3
66854,7,15,8,9
66857,6,12,7,7
66859,1,8,2,8
66861,3,9,4,7
66866,3,13,4,11
66868,3,11,4,9
66870,43,77,44,35
66897,0,3,1,4
66915,33,118,34,86
66927,1,4,2,4
66932,0,6,1,7
66934,2971,4322,2972,1352
66943,16,79,17,64
66947,3,14,4,12
66977,4,10,5,7
66979,1,11,2,11
66981,0,5,1,6
66983,1,4,2,4
67009,5,10,6,6
67068,28,70,29,43
67073,35,205,36,171
67087,1792,3879,1793,2088
67096,6,25,7,20
67098,17,32,18,16
67135,2,8,3,7
67138,24,66,25,43
67140,14,37,15,24
67168,24,120,25,97
67186,107,407,108,301
67193,133,663,134,531
67197,599,2591,600,1993
67223,41,102,42,62
67233,5,10,6,6
67247,0,2,1,3
67252,51,219,52,169
67255,3699,5593,3700,1895
67267,398,1042,399,645
67298,0,3,1,4
67300,0,3,1,4
67314,2,16,3,15
67316,3,7,4,5
67354,4,18,5,15
67356,2,16,3,15
67359,4,12,5,9
67361,29,159,30,131
67363,6,15,7,10
67365,12,70,13,59
67370,6,16,7,11
67405,8,37,9,30
67408,658,2443,659,1786
67420,6,31,7,26
67422,33,60,34,28
67424,9,14,10,6
67429,108,206,109,99
67457,5,20,6,16
67459,2,17,3,16
67464,7,24,8,18
67501,1,12,2,12
67504,33,48,34,16
67508,236,473,237,238
67534,41,197,42,157
67536,3,11,4,9
67603,1,14,2,14
67607,11,36,12,26
67620,104,252,105,149
67624,9,31,10,23
67657,1,9,2,9
67665,319,533,320,215
67667,2,16,3,15
67675,1,5,2,5
67695,129,638,130,510
67702,3,13,4,11
67704,0,2,1,3
67706,5,22,6,18
67734,1135,2994,1136,1860
67744,11,24,12,14
67748,6,34,7,29
67784,16,75,17,60
67788,302,1117,303,816
67792,23,59,24,37
67799,85,360,86,276
67801,93,181,94,89
67803,0,2,1,3
67809,0,4,1,5
67839,29,86,30,58
67845,3,6,4,4
67847,4,14,5,11
67850,0,13,1,14
67852,0,2,1,3
67865,5,10,6,6
67867,31,533,32,503
67869,9,29,10,21
67873,3,5,4,3
67876,0,2,1,3
67878,0,1,1,2
67881,0,2,1,3
67888,6,14,7,9
67890,6,13,7,8
67892,1,12,2,12
67894,0,13,1,14
67896,1,3,2,3
67898,6,61,7,56
67900,1,12,2,12
67907,23,48,24,26
67923,882,2541,883,1660
67925,10,20,11,11
67927,5,23,6,19
67929,9,42,10,34
67931,1,10,2,10
67949,2,30,3,29
67957,29,62,30,34
67980,1,21,2,21
67983,14,31,15,18
67997,844,1398,845,555
67999,42,75,43,34
68028,13,75,14,63
68033,0,2,1,3
68039,3,12,4,10
68044,5,15,6,11
68067,2,10,3,9
68069,18,47,19,30
68073,882,1681,883,800
68099,180,278,181,99
68115,11,20,12,10
68135,745,2676,746,1932
68137,9,25,10,17
68153,21,41,22,21
68157,16346,23077,16347,6732
68159,670,1470,671,801
68161,0,1,1,2
68163,0,7,1,8
68168,5,11,6,7
68173,28,59,29,32
68175,8,18,9,11
68177,0,2,1,3
68180,10,15,11,6
68194,314,553,315,240
68201,5,15,6,11
68205,544,1812,545,1269
68214,3,15,4,13
68216,2,6,3,5
68222,0,5,1,6
68226,4,24,5,21
68233,0,2,1,3
68237,7877,11027,7878,3151
68242,0,2,1,3
68254,0,5,1,6
68259,14,30,15,17
68263,44,107,45,64
68265,2,6,3,5
68269,384,710,385,327
68271,3,12,4,10
68273,11,22,12,12
68288,12,92,13,81
68314,2,7,3,6
68319,2477,7241,2478,4765
68324,30,210,31,181
68326,1,2,2,2
68329,0,3,1,4
68337,2,4,3,3
68339,2,8,3,7
68347,381,632,382,252
68349,6,12,7,7
68358,10152,16090,10153,5939
68392,2,27,3,26
68411,1,9,2,9
68442,31,99,32,69
68444,34,168,35,135
68462,3,15,4,13
68472,50,86,51,37
68474,0,5,1,6
68480,1,8,2,8
68482,10,53,11,44
68486,185,313,186,129
68489,1,7,2,7
68495,3,14,4,12
68498,3,13,4,11
68511,24,73,25,50
68515,2,4,3,3
68517,8,15,9,8
68519,21,207,22,187
68522,269,408,270,140
68524,2,7,3,6
68533,0,3,1,4
68536,148,238,149,91
68539,0,3,1,4
68541,1,4,2,4
68544,2,3,3,2
68548,7,37,8,31
68552,48,160,49,113
68554,1362,4098,1363,2737
68572,1,5,2,5
68574,2,12,3,11
68576,0,3,1,4
68590,2,6,3,5
68593,2,9,3,8
68597,9,31,10,23
68612,21,51,22,31
68614,2,17,3,16
68645,1,4,2,4
68647,0,5,1,6
68650,36,123,37,88
68653,8,20,9,13
68659,166,614,167,449
68662,2,17,3,16
68664,1,6,2,6
68667,4,20,5,17
68674,12,31,13,20
68676,2,6,3,5
68685,12,66,13,55
68690,35,71,36,37
68749,28,172,29,145
68791,1160,4385,1161,3226
68793,556,2382,557,1827
68831,5,14,6,10
68833,2,6,3,5
68835,49,94,50,46
68838,36,63,37,28
68848,436,941,437,506
68853,1,4,2,4
68855,0,3,1,4
68858,13,56,14,44
68865,3,4,4,2
68868,20,31,21,12
68872,39,81,40,43
68874,59,92,60,34
68884,4,21,5,18
68886,26,69,27,44
68890,5,10,6,6
68892,5,18,6,14
68897,0,6,1,7
68899,0,10,1,11
68901,20,62,21,43
68915,8,22,9,15
68919,12,26,13,15
68921,2,9,3,8
68932,177,536,178,360
68941,140,524,141,385
68943,0,7,1,8
68952,688,2229,689,1542
68954,17099,25127,17100,8029
68956,44,63,45,20
68959,126,243,127,118
68963,70,219,71,150
68965,4,69,5,66
68967,42,92,43,51
68974,7,10,8,4
68976,8,28,9,21
69005,3,13,4,11
69007,4,14,5,11
69027,78,159,79,82
69039,0,5,1,6
69042,1,6,2,6
69061,3,15,4,13
69069,101,369,102,269
69072,9,15,10,7
69075,6,35,7,30
69088,50,89,51,40
69095,1,5,2,5
69118,15,121,16,107
69122,8425,16433,8426,8009
69131,13,124,14,112
69134,734,1600,735,867
69136,27,51,28,25
69140,104,266,105,163
69155,1,9,2,9
69159,2,7,3,6
69169,5,17,6,13
69187,6,27,7,22
69195,0,2,1,3
69199,1,10,2,10
69201,0,5,1,6
69203,1,6,2,6
69217,3,10,4,8
69219,22,66,23,45
69222,1,17,2,17
69227,5,50,6,46
69231,5,14,6,10
69233,2,14,3,13
69241,35,58,36,24
69243,3,16,4,14
69251,34,93,35,60
69253,71,297,72,227
69255,1,8,2,8
69269,6,33,7,28
69275,173,653,174,481
69278,112,701,113,590
69280,9,28,10,20
69284,11,40,12,30
69299,2,16,3,15
69302,2,13,3,12
69304,23,125,24,103
69306,407,1510,408,1104
69310,10,19,11,10
69324,90,200,91,111
69332,0,4,1,5
69336,3,7,4,5
69354,7,16,8,10
69356,10,35,11,26
69358,12,23,13,12
69361,15,20,16,6
69370,3,12,4,10
69372,22,57,23,36
69374,8,19,9,12
69381,14,57,15,44
69387,5,15,6,11
69394,115,184,116,70
69406,1967,4510,1968,2544
69419,2,14,3,13
69421,7,32,8,26
69429,9,19,10,11
69436,143,1158,144,1016
69438,14,54,15,41
69442,1,16,2,16
69444,1,11,2,11
69446,2,10,3,9
69448,16,30,17,15
69453,6,60,7,55
69458,133,255,134,123
69460,2,10,3,9
69466,11,46,12,36
69469,7,36,8,30
69475,2,5,3,4
69481,4594,8159,4595,3566
69483,28,44,29,17
69485,0,3,1,4
69487,0,2,1,3
69489,17,25,18,9
69493,1,2,2,2
69495,16,38,17,23
69498,21,50,22,30
69500,5,10,6,6
69503,2,14,3,13
69509,16,36,17,21
69516,104,287,105,184
69518,0,6,1,7
69521,8,15,9,8
69524,849,1197,850,349
69526,977,4251,978,3275
69529,288,403,289,116
69542,24,74,25,51
69545,0,5,1,6
69552,14,44,15,31
69559,3,13,4,11
69569,2,12,3,11
69574,84,160,85,77
69604,474,1025,475,552
69606,150,770,151,621
69609,1,4,2,4
69611,2,16,3,15
69626,3,21,4,19
69640,755,2478,756,1724
69644,1059,2936,1060,1878
69652,0,6,1,7
69654,92,203,93,112
69666,13,26,14,14
69670,2,6,3,5
69674,1,7,2,7
69677,6,22,7,17
69685,131,213,132,83
69687,2,2,3,1
69689,6,18,7,13
69699,34,57,35,24
69704,3,35,4,33
69706,1,2,2,2
69708,5,9,6,5
69712,304,651,305,348
69714,1,33,2,33
69729,7,13,8,7
69744,5,13,6,9
69746,93,268,94,176
69753,1,7,2,7
69755,2,7,3,6
69757,6531,11498,6532,4968
69761,22,36,23,15
69766,4,8,5,5
69768,2,9,3,8
69771,15,33,16,19
69773,4,16,5,13
69784,559,2639,560,2081
69786,6,12,7,7
69792,1,25,2,25
69800,0,1,1,2
69805,67,197,68,131
69809,14,53,15,40
69818,43,175,44,133
69821,2,15,3,14
69830,25,50,26,26
69834,0,2,1,3
69842,25,69,26,45
69844,8753,14175,8754,5423
69849,309,466,310,158
69856,1,5,2,5
69860,3,16,4,14
69873,26,78,27,53
69878,0,6,1,7
69904,11,71,12,61
69906,1,10,2,10
69908,3,21,4,19
69911,14,37,15,24
69919,2,13,3,12
69926,6,25,7,20
69928,5,14,6,10
69931,2,8,3,7
69934,56,135,57,80
69945,15,81,16,67
69947,8,24,9,17
69949,7,18,8,12
69951,822,2067,823,1246
69953,8,26,9,19
69957,2,9,3,8
69964,0,11,1,12
69971,14,27,15,14
69979,1,6,2,6
69981,1,8,2,8
69986,6,16,7,11
69988,43,128,44,86
69995,70,133,71,64
70008,1,6,2,6
70015,50,116,51,67
70032,47,132,48,86
70046,17,51,18,35
70048,2,14,3,13
70050,0,5,1,6
70088,7,23,8,17
70093,11,68,12,58
70121,2,21,3,20
70126,4,4,5,1
70130,13,26,14,14
70133,21,82,22,62
70146,1,4,2,4
70148,1,4,2,4
70155,2,9,3,8
70157,3,10,4,8
70159,592,1470,593,879
70173,1,5,2,5
70175,14,41,15,28
70181,0,4,1,5
70183,677,1971,678,1295
70186,24,33,25,10
70188,16,40,17,25
70197,0,3,1,4
70201,24,54,25,31
70204,0,3,1,4
70206,137,391,138,255
70208,99,438,100,340
70223,8,19,9,12
70227,4,25,5,22
70229,7,28,8,22
70235,4,17,5,14
70237,1,6,2,6
70282,24,191,25,168
70286,11117,17970,11118,6854
70293,1143,2626,1144,1484
70295,28,46,29,19
70301,24,146,25,123
70305,103,686,104,584
70315,1,11,2,11
70318,1,5,2,5
70331,0,4,1,5
70334,77,407,78,331
70336,403,2040,404,1638
70342,47,78,48,32
70344,63,167,64,105
70355,1,3,2,3
70361,43,266,44,224
70366,5,50,6,46
70370,3,6,4,4
70372,0,1,1,2
70374,1,5,2,5
70377,4,22,5,19
70418,5,25,6,21
70421,4,8,5,5
70423,17,26,18,10
70425,5,16,6,12
70432,33,73,34,41
70439,1,3,2,3
70451,124,234,125,111
70465,26,42,27,17
70488,11,20,12,10
70490,2,8,3,7
70492,1,8,2,8
70495,3,16,4,14
70497,12,53,13,42
70500,1,5,2,5
70507,14,28,15,15
70511,1,4,2,4
70513,3,10,4,8
70517,2,12,3,11
70531,1,5,2,5
70533,366,575,367,210
70535,3,14,4,12
70537,6,10,7,5
70541,9,18,10,10
70543,2,9,3,8
70545,3,14,4,12
70549,4,13,5,10
70565,33,173,34,141
70567,262,516,263,255
70571,3,15,4,13
70587,6,39,7,34
70591,0,3,1,4
70595,14,25,15,12
70597,33,128,34,96
70599,937,1884,938,948
70607,9,70,10,62
70609,1,2,2,2
70611,1,2,2,2
70629,5,22,6,18
70637,20,50,21,31
70641,21,137,22,117
70643,43,108,44,66
70649,16,28,17,13
70656,12,26,13,15
70661,9,26,10,18
70663,42,326,43,285
70670,26,54,27,29
70678,3,9,4,7
70682,11,27,12,17
70684,3,5,4,3
70687,37,160,38,124
70689,2,17,3,16
70695,4,49,5,46
70697,44,385,45,342
70703,1,11,2,11
70706,13,107,14,95
70708,31,107,32,77
70712,4,11,5,8
70722,6,9,7,4
70724,5,17,6,13
70726,8,45,9,38
70728,478,1023,479,546
70730,1,8,2,8
70740,1,10,2,10
70742,10,31,11,22
70751,0,3,1,4
70762,9,24,10,16
70769,59,145,60,87
70789,2,7,3,6
70792,1,6,2,6
70795,2,8,3,7
70797,1,6,2,6
70800,0,2,1,3
70802,27,74,28,48
70804,17,28,18,12
70806,14,26,15,13
70819,0,3,1,4
70821,4,9,5,6
70824,2,30,3,29
70828,13,22,14,10
70831,4,11,5,8
70833,2,13,3,12
70837,1,5,2,5
70839,1,7,2,7
70843,2,10,3,9
70846,46,113,47,68
70849,89,154,90,66
70862,165,331,166,167
70869,1,9,2,9
70871,46,71,47,26
70877,3,16,4,14
70880,6,12,7,7
70889,1,8,2,8
70891,0,6,1,7
70898,12,118,13,107
70912,44,94,45,51
70914,0,4,1,5
70920,0,1,1,2
70924,0,1,1,2
70927,13,47,14,35
70932,32,170,33,139
70948,7,12,8,6
70958,6,22,7,17
70961,3,24,4,22
70964,6,18,7,13
70968,2,28,3,27
70970,14,42,15,29
70976,3,18,4,16
70978,22,40,23,19
70984,110,333,111,224
70992,43,101,44,59
70994,55,304,56,250
71007,3,12,4,10
71011,26,65,27,40
71014,6,24,7,19
71027,9,17,10,9
71029,9,26,10,18
71033,1636,2278,1637,643
71047,6,9,7,4
71057,1379,3291,1380,1913
71065,1,3,2,3
71067,3,15,4,13
71094,0,2,1,3
71096,6,16,7,11
71102,3,10,4,8
71104,1,8,2,8
71106,401,743,402,343
71108,588,904,589,317
71110,3,10,4,8
71114,0,6,1,7
71116,6,34,7,29
71129,117,338,118,222
71131,251,384,252,134
71133,3,12,4,10
71135,859,2090,860,1232
71139,5,13,6,9
71141,21,32,22,12
71143,2,16,3,15
71147,13,25,14,13
71154,4,20,5,17
71156,698,2448,699,1751
71158,0,2,1,3
71164,11,14,12,4
71168,2,14,3,13
71170,19,38,20,20
71178,17,28,18,12
71180,15,30,16,16
71182,17,30,18,14
71184,16,41,17,26
71187,7,23,8,17
71189,12,33,13,22
71199,28,42,29,15
71205,157,986,158,830
71211,403,1261,404,859
71216,0,6,1,7
71237,1,3,2,3
71239,8,69,9,62
71241,4,13,5,10
71243,7,16,8,10
71246,18,52,19,35
71248,110,637,111,528
71252,172,869,173,698
71254,375,1611,376,1237
71264,1321,3580,1322,2260
71268,16,36,17,21
71276,2,3,3,2
71278,1,3,2,3
71280,0,7,1,8
71282,764,1296,765,533
71285,7,27,8,21
71300,0,1,1,2
71302,8,71,9,64
71304,242,502,243,261
71318,33,119,34,87
71322,8,36,9,29
71325,44,258,45,215
71327,121,319,122,199
71341,8,69,9,62
71343,4,14,5,11
71348,2,3,3,2
71350,12,21,13,10
71357,2,8,3,7
71361,3,9,4,7
71363,0,2,1,3
71372,9,67,10,59
71374,9,90,10,82
71376,1,15,2,15
71379,733,2526,734,1794
71382,2,8,3,7
71384,1,3,2,3
71386,1,3,2,3
71390,46,87,47,42
71402,0,6,1,7
71404,10,20,11,11
71409,1,10,2,10
71413,7,18,8,12
71416,10,24,11,15
71418,12,42,13,31
71426,2,22,3,21
71429,208,500,209,293
71433,14,31,15,18
71438,102,166,103,65
71442,20,31,21,12
71444,13,23,14,11
71446,10,21,11,12
71448,7,22,8,16
71450,339,686,340,348
71453,11,22,12,12
71458,0,6,1,7
71460,59,154,60,96
71462,598,898,599,301
71464,1312,2538,1313,1227
71466,318,585,319,268
71472,17,36,18,20
71482,5,22,6,18
71484,50,181,51,132
71488,9,17,10,9
71490,13,50,14,38
71494,14,67,15,54
71497,3,13,4,11
71500,300,712,301,413
71518,533,1236,534,704
71520,505,1686,506,1182
71522,7,17,8,11
71525,1,11,2,11
71530,919,2947,920,2029
71533,10,52,11,43
71535,7955,13628,7956,5674
71537,25,136,26,112
71542,71,165,72,95
71545,0,13,1,14
71550,35,136,36,102
71558,6,14,7,9
71560,12,30,13,19
71571,18,148,19,131
71573,29,251,30,223
71575,20,58,21,39
71579,935,1811,936,877
71591,5,21,6,17
71606,1,6,2,6
71619,122,366,123,245
71634,8,19,9,12
71638,1,14,2,14
71640,19,40,20,22
71650,11,44,12,34
71664,4,23,5,20
71668,136,865,137,730
71670,36,344,37,309
71675,2,4,3,3
71677,6,16,7,11
71685,1,9,2,9
71688,78,135,79,58
71691,43,114,44,72
71693,6,25,7,20
71695,19,49,20,31
71697,3,9,4,7
71700,30,161,31,132
71702,0,3,1,4
71705,2,4,3,3
71707,4,18,5,15
71709,6,10,7,5
71717,5,22,6,18
71719,3,11,4,9
71730,3,7,4,5
71732,40,141,41,102
71736,5,14,6,10
71738,11,20,12,10
71740,8,27,9,20
71743,6,12,7,7
71745,783,2057,784,1275
71748,1,6,2,6
71750,1,11,2,11
71755,9,19,10,11
71760,5,12,6,8
71762,9,19,10,11
71779,6,15,7,10
71792,10,31,11,22
71795,1,4,2,4
71804,3,9,4,7
71806,2,5,3,4
71808,0,15,1,16
71817,9,31,10,23
71821,6,40,7,35
71823,70,315,71,246
71838,1456,2646,1457,1191
71840,4,23,5,20
71851,1,7,2,7
71865,2,6,3,5
71867,47,85,48,39
71876,32,159,33,128
71878,28,163,29,136
71888,0,3,1,4
71902,61,179,62,119
71910,31,187,32,157
71926,27,96,28,70
71928,43,102,44,60
71931,0,5,1,6
71933,1,5,2,5
71936,11,24,12,14
71938,11,20,12,10
71940,5,10,6,6
71942,4,11,5,8
71970,4,15,5,12
71973,6,13,7,8
71976,1,14,2,14
71978,8,19,9,12
71980,8,18,9,11
71986,4,6,5,3
71989,8,16,9,9
71991,16,50,17,35
71999,8,36,9,29
72001,1,9,2,9
72011,3328,6325,3329,2998
72013,5,12,6,8
72016,1,1,2,1
72018,14,43,15,30
72022,0,4,1,5
72027,3,6,4,4
72030,7,18,8,12
72032,5,7,6,3
72035,40,65,41,26
72037,16,41,17,26
72039,24,65,25,42
72041,8,42,9,35
72043,39,172,40,134
72045,9,16,10,8
72090,1,7,2,7
72092,4,15,5,12
72094,0,8,1,9
72096,8,18,9,11
72102,16,29,17,14
72104,83,136,84,54
72113,27,65,28,39
72117,35,58,36,24
72124,0,8,1,9
72129,278,1012,279,735
72131,119,304,120,186
72153,1,9,2,9
72156,3,19,4,17
72159,33,52,34,20
72161,5,19,6,15
72163,5,9,6,5
72165,82,380,83,299
72167,310,926,311,617
72169,63,146,64,84
72171,287,567,288,281
72176,64,201,65,138
72178,35,67,36,33
72204,3,13,4,11
72209,117,412,118,296
72212,6,20,7,15
72216,3,6,4,4
72224,36,125,37,90
72226,3949,6102,3950,2154
72228,66,159,67,94
72235,1,2,2,2
72249,20,78,21,59
72258,2,17,3,16
72261,19,80,20,62
72263,1,22,2,22
72265,2,12,3,11
72267,0,2,1,3
72273,8,15,9,8
72276,2,12,3,11
72281,3,8,4,6
72283,6,19,7,14
72287,6,13,7,8
72290,1,13,2,13
72292,6,12,7,7
72294,296,988,297,693
72298,9,19,10,11
72302,3,7,4,5
72304,2,10,3,9
72310,3,22,4,20
72315,2,5,3,4
72321,2,5,3,4
72325,1,4,2,4
72327,12,29,13,18
72330,33,106,34,74
72332,1,5,2,5
72334,17,31,18,15
72336,1,5,2,5
72340,3,9,4,7
72342,1,4,2,4
72344,0,5,1,6
72356,654,994,655,341
72360,25,43,26,19
72363,0,3,1,4
72369,23,43,24,21
72378,1094,5765,1095,4672
72380,158,886,159,729
72386,260,468,261,209
72388,4,6,5,3
72391,0,1,1,2
72393,151,578,152,428
72395,655,1296,656,642
72400,0,4,1,5
72405,316,829,317,514
72407,523,2842,524,2320
72479,183,395,184,213
72485,28,63,29,36
72489,184,690,185,507
72491,18,52,19,35
72512,0,2,1,3
72514,0,2,1,3
72516,0,4,1,5
72524,3,8,4,6
72552,1,25,2,25
72557,28,64,29,37
72559,3,23,4,21
72571,0,3,1,4
72583,11,21,12,11
72585,3,7,4,5
72587,1,4,2,4
72589,5,11,6,7
72591,32,117,33,86
72601,16,71,17,56
72603,34,118,35,85
72605,247,709,248,463
72607,1,7,2,7
72609,1,4,2,4
72612,14,45,15,32
72618,2,9,3,8
72621,1,6,2,6
72624,10,19,11,10
72626,0,8,1,9
72628,4,30,5,27
72630,22,92,23,71
72632,1,5,2,5
72637,0,2,1,3
72641,4183,7402,4184,3220
72643,3,10,4,8
72645,1,6,2,6
72647,7,15,8,9
72649,5,6,6,2
72651,2,9,3,8
72653,0,2,1,3
72657,2,7,3,6
72672,24,43,25,20
72674,2,13,3,12
72678,3,6,4,4
72681,5,8,6,4
72683,2,9,3,8
72692,33,93,34,61
72694,72,217,73,146
72696,44,272,45,229
72701,137,650,138,514
72703,46,157,47,112
72712,42,81,43,40
72718,11,47,12,37
72720,902,1513,903,612
72726,20,37,21,18
72731,367,1215,368,849
72733,722,1665,723,944
72735,4,22,5,19
72737,1005,2251,1006,1247
72741,153,404,154,252
72751,5,24,6,20
72762,32,219,33,188
72764,4,24,5,21
72777,6,59,7,54
72781,4,7,5,4
72784,4,14,5,11
72787,33,125,34,93
72822,4,14,5,11
72833,8,20,9,13
72840,0,5,1,6
72842,0,3,1,4
72844,11,24,12,14
72846,7,13,8,7
72848,2,8,3,7
72850,14,25,15,12
72852,12,37,13,26
72854,1,8,2,8
72856,2,16,3,15
72866,3,6,4,4
72870,2,5,3,4
72872,2,9,3,8
72874,4,41,5,38
72876,5,8,6,4
72878,2,8,3,7
72880,1,11,2,11
72883,5,11,6,7
72885,1,5,2,5
72897,0,3,1,4
72899,14,23,15,10
72901,1,1,2,1
72904,4,15,5,12
72906,1,4,2,4
72908,0,1,1,2
72910,0,1,1,2
72913,13,19,14,7
72915,15,20,16,6
72919,63,380,64,318
72921,12,35,13,24
72923,0,4,1,5
72927,1,13,2,13
72931,14,26,15,13
72934,5,15,6,11
72936,0,4,1,5
72947,16,41,17,26
72949,13,24,14,12
72953,3,16,4,14
72958,7,32,8,26
72960,2,6,3,5
72980,36,113,37,78
72995,12,38,13,27
72998,12866,24548,12867,11683
73000,46,327,47,282
73010,3,10,4,8
73015,346,1121,347,776
73017,8152,14515,8153,6364
73023,613,1259,614,647
73027,36,140,37,105
73031,1,7,2,7
73042,49,414,50,366
73049,10,52,11,43
73051,33,55,34,23
73060,3,11,4,9
73064,15,29,16,15
73086,2,10,3,9
73089,16,87,17,72
73099,1,4,2,4
73101,77,182,78,106
73109,4,17,5,14
73111,5,21,6,17
73114,5,19,6,15
73117,40,77,41,38
73125,4,9,5,6
73133,4,8,5,5
73135,7,21,8,15
73137,2,6,3,5
73139,2,5,3,4
73141,3,9,4,7
73143,2,9,3,8
73145,3,5,4,3
73152,0,8,1,9
73154,4,9,5,6
73158,0,5,1,6
73160,6,26,7,21
73165,1,3,2,3
73168,79,372,80,294
73170,6,29,7,24
73183,61,123,62,63
73185,0,2,1,3
73188,3,9,4,7
73194,4,9,5,6
73196,0,2,1,3
73198,1,4,2,4
73200,0,2,1,3
73202,2,5,3,4
73204,1,4,2,4
73208,21,69,22,49
73211,313,688,314,376
73226,0,1,1,2
73232,6,26,7,21
73240,3,9,4,7
73245,1,10,2,10
73256,3,7,4,5
73261,1,8,2,8
73266,366,1069,367,704
73268,429,1512,430,1084
73270,18,54,19,37
73276,35,74,36,40
73290,733,1238,734,506
73317,1,3,2,3
73319,364,957,365,594
73321,2371,5629,2372,3259
73323,1027,1684,1028,658
73328,8,19,9,12
73330,5,14,6,10
73334,2,7,3,6
73339,4,11,5,8
73344,1096,1614,1097,519
73355,0,3,1,4
73359,5,21,6,17
73370,21,62,22,42
73386,13,39,14,27
73390,5,13,6,9
73392,66,123,67,58
73399,1,11,2,11
73401,5,16,6,12
73413,17,68,18,52
73416,4,12,5,9
73449,1,10,2,10
73453,0,1,1,2
73457,12,17,13,6
73460,6,14,7,9
73462,9,64,10,56
73469,22,42,23,21
73472,1,3,2,3
73475,0,1,1,2
73480,0,3,1,4
73488,16,127,17,112
73492,4,10,5,7
73494,14,28,15,15
73499,9,34,10,26
73501,1,15,2,15
73504,5,15,6,11
73511,14,123,15,110
73513,106,157,107,52
73515,7,53,8,47
73523,10,24,11,15
73526,2,3,3,2
73529,3,9,4,7
73531,4,10,5,7
73533,5,11,6,7
73569,33,76,34,44
73572,35,121,36,87
73581,6,8,7,3
73587,205,410,206,206
73590,4,25,5,22
73608,57,95,58,39
73614,19,36,20,18
73630,4,17,5,14
73641,5,38,6,34
73664,40,116,41,77
73668,2,5,3,4
73678,5,24,6,20
73681,70,137,71,68
73708,0,6,1,7
73710,4,16,5,13
73713,42,67,43,26
73718,6,56,7,51
73730,6,23,7,18
73741,6,63,7,58
73744,1,12,2,12
73754,0,1,1,2
73772,14,29,15,16
73774,5,13,6,9
73776,7,20,8,14
73778,4,17,5,14
73780,4,6,5,3
73782,1,4,2,4
73790,3,11,4,9
73804,27,219,28,193
73808,390,595,391,206
73813,6,16,7,11
73818,9,16,10,8
73820,10,33,11,24
73822,14,30,15,17
73824,22,44,23,23
73826,2,8,3,7
73829,11,119,12,109
73831,1,14,2,14
73851,1,4,2,4
73854,320,637,321,318
73858,1,22,2,22
73860,98,239,99,142
73862,6,10,7,5
73868,13,23,14,11
73870,9,80,10,72
73872,5,9,6,5
73879,10,44,11,35
73881,941,1369,942,429
73885,29,48,30,20
73900,22,46,23,25
73912,3,13,4,11
73914,8,36,9,29
73919,2,6,3,5
73929,133,864,134,732
73954,5,14,6,10
73967,0,8,1,9
73978,9,16,10,8
73981,12,37,13,26
73983,21,44,22,24
73987,0,2,1,3
73989,1,5,2,5
74014,12,22,13,11
74017,0,6,1,7
74056,1,3,2,3
74061,2,7,3,6
74064,6,13,7,8
74089,66,154,67,89
74095,24,79,25,56
74097,3,19,4,17
74099,4,13,5,10
74107,1,3,2,3
74109,2,10,3,9
74111,27,79,28,53
74113,2,3,3,2
74115,6,36,7,31
74127,2,7,3,6
74129,6,14,7,9
74131,26,129,27,104
74135,5,17,6,13
74137,0,5,1,6
74139,18,67,19,50
74141,4,10,5,7
74144,2,13,3,12
74148,19,35,20,17
74150,4,28,5,25
74152,181,320,182,140
74154,179,681,180,503
74156,139,677,140,539
74159,1,5,2,5
74161,1,11,2,11
74164,9,25,10,17
74204,44,89,45,46
74226,7,17,8,11
74228,590,1153,591,564
74230,2,4,3,3
74255,0,13,1,14
74257,2,22,3,21
74261,1,11,2,11
74263,4,15,5,12
74266,9,18,10,10
74271,3,10,4,8
74275,369,1116,370,748
74284,0,2,1,3
74287,2,13,3,12
74297,4,7,5,4
74300,0,9,1,10
74302,0,6,1,7
74306,10,25,11,16
74310,8,21,9,14
74317,0,3,1,4
74327,48,91,49,44
74330,0,1,1,2
74332,0,4,1,5
74337,6,11,7,6
74339,1,16,2,16
74342,1,9,2,9
74355,7,55,8,49
74370,162,410,163,249
74382,0,12,1,13
74404,2,13,3,12
74406,2,8,3,7
74416,333,674,334,342
74426,20,64,21,45
74428,8,21,9,14
74431,18,34,19,17
74434,7,14,8,8
74436,10,63,11,54
74438,9,40,10,32
74446,5,18,6,14
74448,1,2,2,2
74450,250,1092,251,843
74452,69,631,70,563
74456,6,36,7,31
74458,12820,18886,12821,6067
74473,1,6,2,6
74475,9,49,10,41
74478,0,1,1,2
74480,11,27,12,17
74484,10,102,11,93
74486,24,72,25,49
74488,120,273,121,154
74493,1,14,2,14
74504,32,82,33,51
74508,202,314,203,113
74510,905,1626,906,722
74512,8,18,9,11
74530,470,1981,471,1512
74532,92,631,93,540
74538,4,12,5,9
74541,61,121,62,61
74545,912,2021,913,1110
74547,1,7,2,7
74553,471,819,472,349
74573,59,120,60,62
74575,7,19,8,13
74580,62,376,63,315
74582,16,53,17,38
74588,6,19,7,14
74590,2,15,3,14
74595,1,6,2,6
74613,4,12,5,9
74619,1,11,2,11
74621,9,38,10,30
74624,238,538,239,301
74630,0,17,1,18
74641,9,45,10,37
74647,2,19,3,18
74649,9,18,10,10
74653,28,45,29,18
74668,182,526,183,345
74675,0,3,1,4
74677,147,267,148,121
74679,0,2,1,3
74681,0,12,1,13
74683,21,35,22,15
74685,346,1139,347,794
74688,323,931,324,609
74696,34,66,35,33
74698,61,489,62,429
74701,4,19,5,16
74706,10,17,11,8
74727,401,553,402,153
74731,23,87,24,65
74733,15,28,16,14
74738,3,30,4,28
74740,54,176,55,123
74748,6,15,7,10
74750,137,440,138,304
74754,193,670,194,478
74787,161,302,162,142
74789,1947,6828,1948,4882
74791,104,178,105,75
74795,488,1508,489,1021
74799,4,15,5,12
74818,12,46,13,35
74820,12,31,13,20
74827,29,59,30,31
74851,329,1063,330,735
74857,1,13,2,13
74859,4,17,5,14
74864,9,84,10,76
74868,155,554,156,400
74870,6,14,7,9
74886,2,25,3,24
74916,135,522,136,388
74937,3,22,4,20
74944,69,310,70,242
74946,397,1280,398,884
74948,299,786,300,488
74967,1,15,2,15
75335,4,11,5,8
75341,352,786,353,435
75345,13,26,14,14
75349,5,22,6,18
75351,21,61,22,41
75362,0,7,1,8
75367,2,8,3,7
75370,0,28,1,29
75386,3,24,4,22
75389,20,71,21,52
75392,6,21,7,16
75395,108,404,109,297
75397,0,9,1,10
75402,0,7,1,8
75404,3,29,4,27
75406,2,5,3,4
75414,5,26,6,22
75423,9,31,10,23
75425,14,146,15,133
75428,2,8,3,7
75434,3,7,4,5
75436,2,18,3,17
75443,0,3,1,4
75446,12,48,13,37
75803,5,22,6,18
75805,227,1047,228,821
75808,6,20,7,15
75813,114,344,115,231
75816,6,50,7,45
75820,0,9,1,10
75823,4,12,5,9
75825,4,23,5,20
75831,2,11,3,10
75927,1,5,2,5
75929,6,37,7,32
75938,5,16,6,12
75940,1,14,2,14
75947,10,35,11,26
75950,1,13,2,13
75962,2,10,3,9
75977,0,1,1,2
75979,0,3,1,4
75981,9,17,10,9
75983,76,138,77,63
75985,390,1223,391,834
75990,6,32,7,27
75992,2,10,3,9
75994,3,6,4,4
76022,3,9,4,7
76030,125,477,126,353
76049,0,3,1,4
76051,7,38,8,32
76054,94,158,95,65
76056,10,33,11,24
76060,27,109,28,83
76063,5,28,6,24
76066,3,5,4,3
76077,727,2915,728,2189
76079,122,488,123,367
76082,0,8,1,9
76085,3,19,4,17
76087,5,26,6,22
76089,7,16,8,10
76091,360,568,361,209
76093,9053,13833,9054,4781
76108,9,79,10,71
76111,183,290,184,108
76117,10,32,11,23
76119,3,53,4,51
76127,27,62,28,36
76130,23,180,24,158
76132,14,45,15,32
76134,10,23,11,14
76137,9,24,10,16
76143,16,38,17,23
76145,1,12,2,12
76147,6,51,7,46
76149,0,4,1,5
76151,26,48,27,23
76156,3,7,4,5
76158,26,64,27,39
76160,0,1,1,2
76163,2,3,3,2
76169,12,19,13,8
76171,12,22,13,11
76173,327,618,328,292
76175,404,2411,405,2008
76185,0,1,1,2
76187,4,20,5,17
76208,45,70,46,26
76210,127,394,128,268
76217,2,7,3,6
76238,0,12,1,13
76241,3,10,4,8
76244,11,38,12,28
76251,5795,11195,5796,5401
76255,0,3,1,4
76258,2,10,3,9
76269,2,21,3,20
76272,35,93,36,59
76277,3,11,4,9
76279,1,2,2,2
76288,2,6,3,5
76291,2,18,3,17
76293,552,2105,553,1554
76298,3,25,4,23
76303,2,16,3,15
76312,4,26,5,23
76317,32,213,33,182
76533,0,1,1,2
76680,10,43,11,34
76692,2,9,3,8
76695,2,12,3,11
76699,1,6,2,6
76709,17,41,18,25
76714,2,11,3,10
76716,2,16,3,15
76720,4,8,5,5
76722,0,7,1,8
76729,3,13,4,11
76731,0,4,1,5
76736,0,3,1,4
76738,102,165,103,64
76743,3,20,4,18
76747,3,28,4,26
76751,4,12,5,9
76753,15,59,16,45
76758,3,23,4,21
76763,120,403,121,284
76770,1,4,2,4
76772,22,53,23,32
76776,11,19,12,9
76778,8,22,9,15
76808,8,19,9,12
76811,2,26,3,25
76814,0,12,1,13
76816,7,24,8,18
76818,3,10,4,8
76823,3,26,4,24
76827,0,17,1,18
76832,1,8,2,8
76836,0,13,1,14
76860,14,50,15,37
76862,5,29,6,25
76864,1,4,2,4
76866,22,61,23,40
76873,4,18,5,15
77141,3,13,4,11
77143,3,16,4,14
77146,12,29,13,18
77149,0,10,1,11
77154,41,82,42,42
77156,4,15,5,12
77162,3,16,4,14
77177,71,102,72,32
77181,7,12,8,6
77184,2,14,3,13
77189,2,9,3,8
77191,77,327,78,251
77201,180,555,181,376
77204,8,40,9,33
77206,63,288,64,226
77208,13,30,14,18
77210,1,14,2,14
77212,1,8,2,8
77217,2,14,3,13
77223,1,6,2,6
77229,1,5,2,5
77233,57,98,58,42
77238,3,12,4,10
77240,88,213,89,126
77259,0,14,1,15
77264,21,72,22,52
77266,23,58,24,36
77291,3,19,4,17
77293,35,72,36,38
77296,3,12,4,10
77298,4,17,5,14
77307,629,1072,630,444
77312,8,36,9,29
77316,45,79,46,35
77318,2,24,3,23
77326,7,34,8,28
77328,77,194,78,118
77330,62,153,63,92
77332,2,16,3,15
77336,0,1,1,2
77339,1,10,2,10
77344,2,4,3,3
77353,20,45,21,26
77355,0,4,1,5
77357,4,13,5,10
77359,56,134,57,79
77364,193,687,194,495
77414,226,485,227,260
77416,1,13,2,13
77421,91,351,92,261
77427,88,759,89,672
77433,8,19,9,12
77435,3,6,4,4
77444,0,4,1,5
77449,1,25,2,25
77451,0,2,1,3
77455,1951,2979,1952,1029
77463,0,11,1,12
77479,8,13,9,6
77481,0,14,1,15
77491,1,5,2,5
77493,3,14,4,12
77496,18,47,19,30
77509,2,13,3,12
77517,3,19,4,17
77540,125,537,126,413
77550,2,11,3,10
77561,5018,11745,5019,6728
77596,33,101,34,69
77613,0,6,1,7
77615,0,2,1,3
77629,65,147,66,83
77665,8,87,9,80
77667,76,451,77,376
77672,11,47,12,37
77680,1,13,2,13
77682,4,34,5,31
77688,7,23,8,17
77707,8,11,9,4
77709,24,74,25,51
77711,5,20,6,16
77715,3,17,4,15
77719,7,23,8,17
77721,6,30,7,25
77729,9,28,10,20
77731,29,78,30,50
77736,14,22,15,9
77738,0,3,1,4
77742,1,6,2,6
77744,1,3,2,3
77770,8,30,9,23
77772,2,12,3,11
77774,7,18,8,12
77776,1,3,2,3
77778,1,4,2,4
77780,7,44,8,38
77783,1,5,2,5
77788,19,48,20,30
77795,98,345,99,248
77798,87,592,88,506
77800,636,1163,637,528
77804,1,2,2,2
77808,5,23,6,19
77810,14,50,15,37
77816,3,6,4,4
77818,5,38,6,34
77820,8,82,9,75
77829,12,31,13,20
77831,4,8,5,5
77833,66,144,67,79
77835,1,11,2,11
77837,152,325,153,174
77841,14,50,15,37
77843,68,248,69,181
77846,521,759,522,239
77854,155,207,156,53
77866,663,2363,664,1701
77875,8,16,9,9
77881,3,22,4,20
77883,4,6,5,3
77891,10,18,11,9
77893,10,42,11,33
77896,0,10,1,11
77899,2,6,3,5
77907,6,29,7,24
77910,3,22,4,20
77917,3,5,4,3
77919,3,9,4,7
77921,2,6,3,5
77941,1,12,2,12
77944,11,26,12,16
77947,6,11,7,6
77951,3,5,4,3
77966,10,20,11,11
77968,4,9,5,6
77979,9,19,10,11
77981,7,20,8,14
77983,6,25,7,20
77985,2,14,3,13
77990,1,13,2,13
78000,0,7,1,8
78003,32,59,33,28
78006,5,15,6,11
78009,16,38,17,23
78011,0,29,1,30
78014,9,18,10,10
78016,7,13,8,7
78019,3,19,4,17
78032,8,69,9,62
78034,71,204,72,134
78037,1,10,2,10
78039,998,1836,999,839
78041,184,708,185,525
78043,1,2,2,2
78045,2,3,3,2
78049,0,1,1,2
78054,1,11,2,11
78057,1,4,2,4
78059,1,4,2,4
78062,0,13,1,14
78064,8,16,9,9
78068,0,1,1,2
78071,0,1,1,2
78073,1,3,2,3
78081,19,45,20,27
78084,0,22,1,23
78088,390,1125,391,736
78090,0,2,1,3
78093,0,3,1,4
78095,4,10,5,7
78097,0,6,1,7
78099,5,14,6,10
78101,0,7,1,8
78103,7,21,8,15
78105,901,3093,902,2193
78111,8,28,9,21
78116,52,169,53,118
78122,36,68,37,33
78124,4,9,5,6
78128,11,55,12,45
78130,1,17,2,17
78132,0,10,1,11
78140,3,7,4,5
78142,14,28,15,15
78145,0,3,1,4
78157,6,32,7,27
78168,7,16,8,10
78170,2,16,3,15
78174,130,700,131,571
78181,2,11,3,10
78184,1,4,2,4
78186,2,22,3,21
78192,1,5,2,5
78201,0,2,1,3
78207,7,61,8,55
78209,681,2260,682,1580
78211,0,2,1,3
78218,289,672,290,384
78222,1,9,2,9
78224,2,10,3,9
78235,14,22,15,9
78245,12,41,13,30
78247,12,46,13,35
78249,0,2,1,3
78251,12,41,13,30
78264,88,410,89,323
78266,172,987,173,816
78268,17,42,18,26
78270,6,18,7,13
78272,11,30,12,20
78276,8,31,9,24
78278,17,42,18,26
78290,5,26,6,22
78295,7,36,8,30
78308,6,26,7,21
78313,20,53,21,34
78316,447,1058,448,612
78329,3,5,4,3
78332,26,50,27,25
78335,18,53,19,36
78337,1,8,2,8
78340,2,8,3,7
78342,7,25,8,19
78344,30,51,31,22
78349,617,1388,618,772
78358,6,20,7,15
78360,3,5,4,3
78366,0,1,1,2
78370,2,19,3,18
78376,4,10,5,7
78379,1,2,2,2
78381,5,15,6,11
78405,1,13,2,13
78408,2,20,3,19
78410,1,18,2,18
78413,2,9,3,8
78416,2,6,3,5
78418,1,9,2,9
78420,10,28,11,19
78422,1,8,2,8
78438,4,16,5,13
78442,0,2,1,3
78445,23,44,24,22
78459,6,27,7,22
78461,0,4,1,5
78463,0,6,1,7
78465,2,8,3,7
78467,29,411,30,383
78469,1036,3162,1037,2127
78483,1,6,2,6
78488,0,1,1,2
78490,4,11,5,8
78499,9244,14426,9245,5183
78517,57,145,58,89
78519,13,22,14,10
78528,1,9,2,9
78534,6,17,7,12
78536,2,13,3,12
78557,3,17,4,15
78559,0,1,1,2
78574,1155,2198,1156,1044
78579,2,35,3,34
78583,0,6,1,7
78585,22,41,23,20
78606,4,35,5,32
78612,3,35,4,33
78614,10,20,11,11
78618,6,27,7,22
78620,6,15,7,10
78626,9,43,10,35
78629,6,14,7,9
78633,22,59,23,38
78635,2,13,3,12
78637,609,2285,610,1677
78640,3,15,4,13
78642,0,4,1,5
78646,7,13,8,7
78649,4,5,5,2
78651,0,4,1,5
78653,20,43,21,24
78658,1,2,2,2
78666,3,9,4,7
78677,1,1,2,1
78679,57,261,58,205
78681,6,22,7,17
78684,1,3,2,3
78690,6,12,7,7
78698,0,3,1,4
78701,5,13,6,9
78703,97,280,98,184
78713,0,1,1,2
78715,2,6,3,5
78717,0,4,1,5
78721,3,13,4,11
78723,4,9,5,6
78727,0,5,1,6
78729,115,266,116,152
78737,3,9,4,7
78739,2,9,3,8
78742,6,16,7,11
78746,49,133,50,85
78748,2,8,3,7
78757,5,18,6,14
78759,26,85,27,60
78765,2,10,3,9
78772,567,2857,568,2291
78774,37,175,38,139
78776,2,4,3,3
78827,6,30,7,25
78829,3,9,4,7
78832,0,7,1,8
78834,0,3,1,4
78836,567,957,568,391
78838,3,25,4,23
78856,17,30,18,14
78858,2,8,3,7
78860,2,10,3,9
78873,1,1,2,1
78885,2,3,3,2
78893,147,1354,148,1208
78895,27,46,28,20
78898,18,32,19,15
78903,19,36,20,18
78905,6,24,7,19
78909,1,11,2,11
78913,11,33,12,23
78916,4,14,5,11
78919,4,12,5,9
78921,5,14,6,10
78934,7,25,8,19
78941,4,21,5,18
78944,8,16,9,9
78946,5,8,6,4
78951,1,3,2,3
78955,3,19,4,17
78957,2,7,3,6
78959,4,12,5,9
78961,3,17,4,15
78967,12,68,13,57
78974,0,4,1,5
78976,9,20,10,12
78978,8,22,9,15
78980,0,4,1,5
78982,2,10,3,9
78984,0,1,1,2
78986,7,17,8,11
78991,1,21,2,21
78993,5,15,6,11
79003,5,9,6,5
79006,77,137,78,61
79010,1,2,2,2
79022,2,6,3,5
79029,26,50,27,25
79035,5,16,6,12
79038,1,10,2,10
79043,1,3,2,3
79045,3,6,4,4
79057,492,1906,493,1415
79060,1,18,2,18
79063,1,6,2,6
79065,1,3,2,3
79067,2,7,3,6
79073,106,186,107,81
79077,3,5,4,3
79081,2,7,3,6
79083,0,4,1,5
79091,5311,9658,5312,4348
79094,3,10,4,8
79104,0,3,1,4
79106,0,1,1,2
79109,0,8,1,9
79111,1,5,2,5
79124,2,6,3,5
79127,1,6,2,6
79132,29620,38895,29621,9276
79134,354,1684,355,1331
79136,2,11,3,10
79139,662,2063,663,1402
79163,3,7,4,5
79166,4,39,5,36
79185,721,2289,722,1569
79187,12,43,13,32
79191,10,25,11,16
79195,2,8,3,7
79197,2,10,3,9
79203,8,30,9,23
79207,1,29,2,29
79213,1,13,2,13
79222,1,22,2,22
79224,460,1788,461,1329
79226,17,72,18,56
79228,9,23,10,15
79230,22,67,23,46
79232,2,5,3,4
79234,0,1,1,2
79236,2,5,3,4
79238,1,10,2,10
79242,642,1523,643,882
79244,0,2,1,3
79247,1,5,2,5
79249,2,5,3,4
79251,132,485,133,354
79254,15,33,16,19
79259,6,42,7,37
79276,7,18,8,12
79278,1,2,2,2
79285,0,3,1,4
79287,31,71,32,41
79293,1353,4168,1354,2816
79299,27,50,28,24
79303,4,10,5,7
79318,101,209,102,109
79321,2,12,3,11
79327,3,6,4,4
79329,5,13,6,9
79333,55,87,56,33
79335,0,2,1,3
79337,3,6,4,4
79339,0,3,1,4
79346,2,4,3,3
79357,2033,3162,2034,1130
79368,2,6,3,5
79388,3,20,4,18
79395,0,4,1,5
79397,1,8,2,8
79402,2,10,3,9
79424,0,2,1,3
79428,255,1270,256,1016
79430,11,26,12,16
79458,5,8,6,4
79461,1,4,2,4
79463,39,193,40,155
79467,21,44,22,24
79469,15,30,16,16
79471,1,4,2,4
79473,4,12,5,9
79475,3,8,4,6
79477,16,37,17,22
79494,7,38,8,32
79496,1,9,2,9
79498,6,42,7,37
79501,4,11,5,8
79505,13,30,14,18
79507,15,34,16,20
79515,2,18,3,17
79519,9,19,10,11
79521,0,8,1,9
79523,10,29,11,20
79525,10,30,11,21
79528,14,37,15,24
79533,39,106,40,68
79539,0,6,1,7
79541,58,107,59,50
79543,4,9,5,6
79545,7,27,8,21
79547,2,13,3,12
79551,5,13,6,9
79553,679,1209,680,531
79561,0,1,1,2
79568,0,1,1,2
79570,3,10,4,8
79572,30,111,31,82
79575,0,1,1,2
79578,21,30,22,10
79580,0,6,1,7
79588,172,377,173,206
79590,62,222,63,161
79592,1198,2973,1199,1776
79596,10,33,11,24
79599,9,82,10,74
79601,2,6,3,5
79603,2,12,3,11
79607,5,10,6,6
79610,3,11,4,9
79617,1,17,2,17
79627,1,14,2,14
79633,9,23,10,15
79636,1,5,2,5
79638,2,12,3,11
79642,0,4,1,5
79644,2,6,3,5
79647,0,12,1,13
79651,6,16,7,11
79653,1,7,2,7
79656,1,6,2,6
79663,12,41,13,30
79667,3,12,4,10
79681,0,13,1,14
79684,82,184,83,103
79686,2,5,3,4
79692,2,9,3,8
79695,902,3668,903,2767
79702,5471,9367,5472,3897
79709,0,5,1,6
79711,4,21,5,18
79718,2,12,3,11
79720,367,716,368,350
79723,6,27,7,22
79725,5,13,6,9
79731,3,9,4,7
79736,0,4,1,5
79739,0,9,1,10
79741,2,3,3,2
79760,42,81,43,40
79765,1,14,2,14
79767,2,9,3,8
79769,22,48,23,27
79771,1,14,2,14
79773,4,18,5,15
79775,3,11,4,9
79794,2,25,3,24
79796,127,536,128,410
79798,135,231,136,97
79800,21,95,22,75
79802,4,17,5,14
79805,6,23,7,18
79807,14,30,15,17
79809,11,26,12,16
79824,65,152,66,88
79828,4,13,5,10
79830,7,18,8,12
79832,18,39,19,22
79835,0,11,1,12
79838,3,4,4,2
79842,5,8,6,4
79844,1,2,2,2
79846,1,21,2,21
79848,3,14,4,12
79850,7,16,8,10
79855,3,7,4,5
79860,81,267,82,187
79863,24,74,25,51
79866,2,2,3,1
79868,11,70,12,60
79870,5,12,6,8
79872,3,11,4,9
79874,14,45,15,32
79879,75,617,76,543
79884,3,11,4,9
79895,34,141,35,108
79897,126,308,127,183
79901,6,9,7,4
79910,22,61,23,40
79912,5,23,6,19
79914,4,18,5,15
79916,9,28,10,20
79918,1,7,2,7
79920,4,9,5,6
79923,3,10,4,8
79925,2,9,3,8
79927,14,56,15,43
79929,14,45,15,32
79936,2,9,3,8
79946,72,284,73,213
79953,0,6,1,7
79955,7,23,8,17
79972,2,19,3,18
79974,0,11,1,12
79977,1,11,2,11
79980,2,8,3,7
79987,42,100,43,59
79994,7,31,8,25
79996,1,22,2,22
80004,1,2,2,2
80020,0,7,1,8
80022,1,3,2,3
80026,14,163,15,150
80033,0,9,1,10
80044,1,12,2,12
80049,3,15,4,13
80054,5,12,6,8
80072,5,16,6,12
80074,4,8,5,5
80076,5,14,6,10
80083,22,76,23,55
80086,1,18,2,18
80094,85,364,86,280
80097,17,32,18,16
80100,2,10,3,9
80102,0,8,1,9
80104,2,8,3,7
80107,4,16,5,13
80109,8,14,9,7
80111,24,41,25,18
80122,2,12,3,11
80124,10,34,11,25
80126,298,1011,299,714
80129,1,8,2,8
80132,3,7,4,5
80135,1,6,2,6
80137,5,11,6,7
80141,5,24,6,20
80144,2,10,3,9
80146,7,15,8,9
80152,0,7,1,8
80154,0,1,1,2
80160,0,3,1,4
80162,17,81,18,65
80166,235,948,236,714
80179,0,5,1,6
80181,16,55,17,40
80183,2,7,3,6
80185,198,331,199,134
80189,1,6,2,6
80191,7,76,8,70
80193,1,1,2,1
80195,5,7,6,3
80204,4,16,5,13
80206,3,10,4,8
80208,2,4,3,3
80210,7,12,8,6
80214,3,8,4,6
80219,937,2635,938,1699
80222,140,340,141,201
80224,3,7,4,5
80230,0,2,1,3
80233,0,5,1,6
80235,3,11,4,9
80241,86,347,87,262
80243,0,2,1,3
80258,3,18,4,16
80260,3,7,4,5
80264,1,9,2,9
80267,1,6,2,6
80269,2,6,3,5
80271,0,2,1,3
80281,26,47,27,22
80283,4,12,5,9
80285,1,2,2,2
80288,4,11,5,8
80290,0,4,1,5
80292,0,3,1,4
80295,0,14,1,15
80311,0,1,1,2
80313,0,5,1,6
80315,15,25,16,11
80321,2,11,3,10
80328,8,21,9,14
80337,13,19,14,7
80339,4,22,5,19
80344,3,6,4,4
80346,0,7,1,8
80348,1,8,2,8
80350,29,349,30,321
80352,0,4,1,5
80354,4,21,5,18
80358,2,6,3,5
80361,8,42,9,35
80363,492,1703,493,1212
80368,1,3,2,3
80374,20,39,21,20
80376,1,3,2,3
80398,77,277,78,201
80400,6,15,7,10
80402,4,8,5,5
80405,3,18,4,16
80408,0,7,1,8
80417,2,4,3,3
80419,3,10,4,8
80421,9,15,10,7
80424,2,14,3,13
80428,2,7,3,6
80430,6,16,7,11
80432,13,27,14,15
80442,0,1,1,2
80444,1,5,2,5
80447,6,25,7,20
80449,4,8,5,5
80451,5,18,6,14
80454,4,38,5,35
80456,8,29,9,22
80463,8050,14034,8051,5985
80465,3,5,4,3
80472,0,1,1,2
80476,1,20,2,20
80487,11,25,12,15
80489,2576,4692,2577,2117
80491,5,8,6,4
80494,11,22,12,12
80498,2,5,3,4
80500,3,15,4,13
80549,2971,5975,2972,3005
80551,222,903,223,682
80553,56,160,57,105
80557,2,9,3,8
80560,8,18,9,11
80562,1,4,2,4
80566,3,5,4,3
80568,0,3,1,4
80570,3,11,4,9
80572,34,172,35,139
80574,0,6,1,7
80582,1,7,2,7
80584,23,66,24,44
80586,335,574,336,240
80588,28,51,29,24
80590,184,846,185,663
80592,0,2,1,3
80599,8,10,9,3
80611,0,7,1,8
80615,343,1044,344,702
80617,13,140,14,128
80619,3,11,4,9
80622,1,5,2,5
80639,3,13,4,11
80641,0,4,1,5
80646,13,38,14,26
80648,37,61,38,25
80650,1,4,2,4
80653,2,13,3,12
80655,2,7,3,6
80659,0,4,1,5
80661,0,6,1,7
80667,1,5,2,5
80677,9,20,10,12
80680,5,8,6,4
80693,799,1608,800,810
80695,0,1,1,2
80701,3,12,4,10
80713,6,12,7,7
80715,4,7,5,4
80717,11,23,12,13
80719,2,5,3,4
80725,0,3,1,4
80727,43,135,44,93
80729,20,55,21,36
80731,1,7,2,7
80733,3,19,4,17
80742,1,4,2,4
80744,1,3,2,3
80746,0,1,1,2
80748,44,102,45,59
80759,1,15,2,15
80761,6,12,7,7
80763,3,27,4,25
80768,0,1,1,2
80775,28,157,29,130
80777,3,16,4,14
80779,5,25,6,21
80781,0,1,1,2
80789,9,16,10,8
80792,2,3,3,2
80797,4,13,5,10
80799,1,4,2,4
80806,1,11,2,11
80808,8,30,9,23
80810,5,19,6,15
80812,3,17,4,15
80816,4,29,5,26
80818,2,3,3,2
80820,12,41,13,30
80825,1,4,2,4
80827,0,1,1,2
80831,541,1118,542,578
80834,24,56,25,33
80836,9,36,10,28
80839,272,515,273,244
80844,54,152,55,99
80846,255,1186,256,932
80848,1,5,2,5
80858,80,300,81,221
80860,516,1094,517,579
80862,221,575,222,355
80864,68,388,69,321
80870,0,14,1,15
80880,23,225,24,203
80891,7,31,8,25
80893,1,11,2,11
80899,2,10,3,9
80901,0,3,1,4
80903,1,13,2,13
80906,1584,2250,1585,667
80908,5,21,6,17
80917,298,918,299,621
80924,3,18,4,16
80928,58,132,59,75
80933,0,11,1,12
80939,87,227,88,141
80947,4,12,5,9
80950,0,3,1,4
80952,1,3,2,3
80954,2,8,3,7
80967,2,8,3,7
80969,771,1542,772,772
80980,4,13,5,10
80984,0,3,1,4
80986,1,2,2,2
80990,4,15,5,12
81000,4,10,5,7
81014,0,20,1,21
81018,304,584,305,281
81020,35,71,36,37
81027,7,16,8,10
81029,1,7,2,7
81031,6,21,7,16
81041,1,8,2,8
81046,11,19,12,9
81049,0,5,1,6
81051,1,11,2,11
81054,5,20,6,16
81059,18,29,19,12
81061,3,17,4,15
81064,0,3,1,4
81069,0,6,1,7
81072,3,7,4,5
81075,6,14,7,9
81080,0,26,1,27
81083,33,114,34,82
81085,5,10,6,6
81087,6,19,7,14
81090,15,42,16,28
81094,1,8,2,8
81100,0,2,1,3
81102,2,8,3,7
81104,2,7,3,6
81107,2,4,3,3
81109,0,7,1,8
81111,7,23,8,17
81117,2,3,3,2
81123,0,2,1,3
81125,0,2,1,3
81130,0,9,1,10
81132,121,419,122,299
81138,12,31,13,20
81140,31,148,32,118
81142,4,12,5,9
81145,7,28,8,22
81147,2,10,3,9
81156,279,793,280,515
81158,289,517,290,229
81162,0,10,1,11
81164,17,133,18,117
81172,1,2,2,2
81180,22,148,23,127
81182,25,42,26,18
81191,188,332,189,145
81193,1,6,2,6
81195,13,44,14,32
81198,3,4,4,2
81200,3,8,4,6
81204,0,7,1,8
81214,5,8,6,4
81216,1,5,2,5
81225,1,8,2,8
81229,2487,5164,2488,2678
81238,1,2,2,2
81243,2,5,3,4
81248,1,8,2,8
81250,1,10,2,10
81257,184,313,185,130
81270,4,95,5,92
81274,0,2,1,3
81276,15,30,16,16
81281,1,9,2,9
81305,13,38,14,26
81312,5,35,6,31
81314,0,1,1,2
81316,1,21,2,21
81322,1,2,2,2
81328,5,9,6,5
81330,1,4,2,4
81347,4,4,5,1
81349,1,2,2,2
81351,8,16,9,9
81355,20,40,21,21
81357,3,7,4,5
81359,6,12,7,7
81364,6,45,7,40
81366,8,22,9,15
81371,11,18,12,8
81381,10,25,11,16
81383,69,190,70,122
81385,66,154,67,89
81387,1,4,2,4
81389,0,5,1,6
81391,3,7,4,5
81396,5,15,6,11
81403,23,60,24,38
81405,0,2,1,3
81411,9,17,10,9
81413,9,22,10,14
81417,223,921,224,699
81427,3,21,4,19
81429,2,5,3,4
81441,1,6,2,6
81443,5,12,6,8
81445,5,11,6,7
81447,2,11,3,10
81451,2,13,3,12
81453,0,5,1,6
81456,135,248,136,114
81495,10,43,11,34
81497,3,13,4,11
81499,5,29,6,25
81512,121,547,122,427
81516,64,314,65,251
81518,3,21,4,19
81520,41,94,42,54
81524,2,7,3,6
81535,194,759,195,566
81537,666,2327,667,1662
81546,1,8,2,8
81548,1,3,2,3
81562,3181,6413,3182,3233
81564,2522,5339,2523,2818
81566,2,3,3,2
81568,30,68,31,39
81574,4,13,5,10
81583,0,4,1,5
81585,3,9,4,7
81587,0,6,1,7
81589,2,4,3,3
81591,8204,13517,8205,5314
81610,2,7,3,6
81613,0,2,1,3
81615,1,3,2,3
81617,1,8,2,8
81629,4,8,5,5
81637,6,30,7,25
81639,28,92,29,65
81641,167,467,168,301
81643,0,3,1,4
81646,1,4,2,4
81656,5,17,6,13
81658,4,11,5,8
81660,3,27,4,25
81665,35,67,36,33
81667,6,17,7,12
81669,8,31,9,24
81671,6,21,7,16
81673,8,21,9,14
81676,0,5,1,6
81679,0,10,1,11
81681,5,20,6,16
81684,5,23,6,19
81688,3,9,4,7
81690,2,11,3,10
81698,1,27,2,27
81700,0,6,1,7
81702,8,20,9,13
81704,13,29,14,17
81708,1,12,2,12
81711,23,80,24,58
81725,26,72,27,47
81727,0,6,1,7
81733,13,24,14,12
81736,27,37,28,11
81738,2,3,3,2
81742,1,5,2,5
81744,2,12,3,11
81751,81,176,82,96
81753,3,12,4,10
81755,2,7,3,6
81758,0,1,1,2
81765,0,4,1,5
81768,4,16,5,13
81770,3,4,4,2
81782,539,1588,540,1050
81784,225,730,226,506
81786,117,224,118,108
81788,812,1568,813,757
81791,153,443,154,291
81795,1,1,2,1
81802,0,3,1,4
81804,99,278,100,180
81806,1,2,2,2
81817,129,227,130,99
81819,382,734,383,353
81823,4,15,5,12
81825,5,14,6,10
81831,5,14,6,10
81834,8904,14053,8905,5150
81845,9608,14610,9609,5003
81847,4329,7695,4330,3367
81851,1,7,2,7
81853,3,16,4,14
81857,1,2,2,2
81859,0,5,1,6
81880,3,7,4,5
81898,5,10,6,6
81906,2,4,3,3
81908,0,1,1,2
81910,53,99,54,47
81930,0,5,1,6
81932,2857,4638,2858,1782
81949,10,70,11,61
81952,2,6,3,5
81954,0,4,1,5
81957,5,17,6,13
81959,2,5,3,4
81962,2,5,3,4
81979,4,14,5,11
81981,43,86,44,44
81983,4,13,5,10
81985,2,5,3,4
81987,2,5,3,4
81989,11,27,12,17
81991,2,5,3,4
81993,1,15,2,15
82003,10,15,11,6
82005,9,42,10,34
82007,1,11,2,11
82015,11,31,12,21
82017,0,1,1,2
82022,12,57,13,46
82026,2,3,3,2
82030,2,9,3,8
82032,1,12,2,12
82037,95,163,96,69
82041,104,274,105,171
82043,3,13,4,11
82045,0,5,1,6
82047,3,7,4,5
82049,2,11,3,10
82051,5,16,6,12
82053,38,173,39,136
82055,1,7,2,7
82059,27,63,28,37
82061,2,7,3,6
82063,4,19,5,16
82066,11,33,12,23
82068,7,17,8,11
82070,10,24,11,15
82093,58,237,59,180
82095,57,646,58,590
82097,7,22,8,16
82102,13,23,14,11
82106,1,3,2,3
82108,1,8,2,8
82110,0,7,1,8
82115,0,3,1,4
82119,1,8,2,8
82121,9,18,10,10
82123,0,1,1,2
82129,2,13,3,12
82131,4,15,5,12
82139,1,9,2,9
82141,1,6,2,6
82143,251,334,252,84
82150,43,84,44,42
82152,140,528,141,389
82154,0,5,1,6
82167,536,1528,537,993
82169,779,2097,780,1319
82173,74,207,75,134
82175,1,6,2,6
82179,0,5,1,6
82182,3,8,4,6
82184,0,2,1,3
82186,1,14,2,14
82188,1,7,2,7
82194,3,10,4,8
82196,10,17,11,8
82202,516,1924,517,1409
82227,3,7,4,5
82235,0,3,1,4
82240,12,41,13,30
82242,189,498,190,310
82244,49,217,50,169
82261,7,11,8,5
82269,3,11,4,9
82271,2,7,3,6
82274,14,21,15,8
82276,3,17,4,15
82280,10,15,11,6
82283,2,8,3,7
82298,1,9,2,9
82300,4,17,5,14
82302,12,23,13,12
82304,10,18,11,9
82306,4,9,5,6
82308,8,17,9,10
82311,4,12,5,9
82313,7,25,8,19
82315,8,25,9,18
82320,7,9,8,3
82322,12,29,13,18
82324,2,22,3,21
82326,2,4,3,3
82328,5,9,6,5
82330,2,10,3,9
82332,9,22,10,14
82335,6,14,7,9
82337,15,32,16,18
82353,1,4,2,4
82356,2,11,3,10
82358,0,2,1,3
82360,12,41,13,30
82362,2,8,3,7
82364,2,10,3,9
82366,14,70,15,57
82368,0,2,1,3
82370,1,4,2,4
82378,66,320,67,255
82380,2,16,3,15
82382,7,17,8,11
82388,1,8,2,8
82390,4,9,5,6
82393,0,4,1,5
82395,1,4,2,4
82420,3,11,4,9
82438,2,13,3,12
82447,39,155,40,117
82449,0,5,1,6
82452,4,14,5,11
82454,1,7,2,7
82459,4488,7586,4489,3099
82461,1755,5172,1756,3418
82463,186,348,187,163
82465,1,13,2,13
82467,1,6,2,6
82469,0,4,1,5
82476,1,5,2,5
82491,1,3,2,3
82499,52,348,53,297
82525,0,1,1,2
82527,161,317,162,157
82529,0,12,1,13
82531,1,5,2,5
82534,84,299,85,216
82536,0,13,1,14
82564,9,36,10,28
82567,0,7,1,8
82581,0,32,1,33
82584,0,4,1,5
82589,44,104,45,61
82591,4,10,5,7
82593,0,4,1,5
82595,0,1,1,2
82597,2,7,3,6
82602,1,8,2,8
82606,0,3,1,4
82608,8,19,9,12
82631,1,13,2,13
82633,53,93,54,41
82635,2,11,3,10
82638,1,14,2,14
82641,4,28,5,25
82643,1,8,2,8
82667,606,1018,607,413
82669,2,21,3,20
82671,1,10,2,10
82673,8,20,9,13
82676,4,21,5,18
82678,3,12,4,10
82680,3,9,4,7
82682,2,13,3,12
82684,22,69,23,48
82705,1,6,2,6
82711,10,16,11,7
82715,0,3,1,4
82722,11,33,12,23
82732,0,4,1,5
82744,125,495,126,371
82747,5,11,6,7
82749,6,20,7,15
82751,0,1,1,2
82753,1,7,2,7
82759,8,22,9,15
82765,40,99,41,60
82767,149,415,150,267
82770,7,18,8,12
82834,2,10,3,9
82836,8,11,9,4
82840,1,4,2,4
82848,57,89,58,33
82850,12,33,13,22
82852,210,1146,211,937
82854,53,625,54,573
82857,7,23,8,17
82902,1,10,2,10
82906,14,36,15,23
82909,0,5,1,6
82911,3,7,4,5
82915,1,9,2,9
82917,1,7,2,7
82920,2,22,3,21
82926,41,81,42,41
82928,5,35,6,31
82931,37,90,38,54
82934,30,65,31,36
82976,28,45,29,18
82978,17,40,18,24
82980,4,23,5,20
82982,2,8,3,7
82984,0,3,1,4
83006,2,4,3,3
83034,6,11,7,6
83038,5,15,6,11
83049,4,15,5,12
83056,2,9,3,8
83059,22,73,23,52
83067,8,53,9,46
83071,0,2,1,3
83082,34,61,35,28
83086,247,596,248,350
83089,1,4,2,4
83096,9,31,10,23
83115,0,7,1,8
83132,921,1564,922,644
83134,1958,3202,1959,1245
83138,0,9,1,10
83140,0,1,1,2
83158,17,37,18,21
83161,1,1,2,1
83163,1,14,2,14
83177,16,162,17,147
83180,11,42,12,32
83184,18,29,19,12
83186,3,19,4,17
83189,3,13,4,11
83193,22,34,23,13
83219,135,230,136,96
83222,6,22,7,17
83225,0,4,1,5
83227,4,14,5,11
83232,3,14,4,12
83241,0,6,1,7
83244,2,14,3,13
83246,5,19,6,15
83248,4,15,5,12
83250,7,23,8,17
83256,0,3,1,4
83258,7,9,8,3
83260,2,5,3,4
83264,34,78,35,45
83266,10,29,11,20
83270,103,211,104,109
83273,1,4,2,4
83275,0,2,1,3
83277,0,4,1,5
83279,2,3,3,2
83281,0,2,1,3
83291,3,7,4,5
83293,90,134,91,45
83295,0,6,1,7
83302,79,234,80,156
83308,0,5,1,6
83310,2,4,3,3
83316,3,13,4,11
83318,28,57,29,30
83320,2,18,3,17
83322,20,43,21,24
83332,44,79,45,36
83334,1,21,2,21
83337,1,16,2,16
83339,1,11,2,11
83343,3,11,4,9
83345,2,4,3,3
83349,273,1783,274,1511
83351,0,5,1,6
83357,0,2,1,3
83359,23,54,24,32
83361,8,39,9,32
83369,274,609,275,336
83374,47,194,48,148
83376,1,6,2,6
83381,1,6,2,6
83385,2,14,3,13
83389,0,2,1,3
83411,27,62,28,36
83415,2,5,3,4
83417,0,2,1,3
83424,47,119,48,73
83430,0,4,1,5
83435,1,6,2,6
83437,3,14,4,12
83439,2,6,3,5
83446,2,3,3,2
83448,3,11,4,9
83450,31,52,32,22
83457,21,41,22,21
83464,2,4,3,3
83468,7,18,8,12
83478,16,72,17,57
83480,108,677,109,570
83525,43,125,44,83
83527,5,13,6,9
83529,5,12,6,8
83531,8,21,9,14
83533,2,7,3,6
83535,9,29,10,21
83538,11,27,12,17
83540,9,29,10,21
83556,6,13,7,8
83558,5,11,6,7
83560,8,15,9,8
83562,2,6,3,5
83569,3,9,4,7
83575,2,11,3,10
83577,6,20,7,15
83581,1,8,2,8
83583,4,13,5,10
83585,1,16,2,16
83588,11,27,12,17
83590,0,9,1,10
83592,1,6,2,6
83601,15,45,16,31
83603,1,3,2,3
83607,1,3,2,3
83613,424,2474,425,2051
83616,0,9,1,10
83619,2,6,3,5
83652,5,14,6,10
83654,1,4,2,4
83656,0,3,1,4
83658,1,5,2,5
83660,1,13,2,13
83662,0,3,1,4
83664,0,4,1,5
83760,4,32,5,29
83763,7,24,8,18
83765,4,22,5,19
83767,1,5,2,5
83773,0,2,1,3
83777,2,14,3,13
83789,0,2,1,3
83791,1,6,2,6
83796,27,53,28,27
83798,71,174,72,104
83801,5,16,6,12
83803,348,593,349,246
83807,9,22,10,14
83809,3,11,4,9
83819,0,3,1,4
83821,0,5,1,6
83823,0,6,1,7
83825,0,5,1,6
83827,58,106,59,49
83831,0,2,1,3
83833,7,16,8,10
83835,5,20,6,16
83837,5,21,6,17
83842,3,19,4,17
83897,6,11,7,6
83910,38,292,39,255
83912,4,31,5,28
83916,1,9,2,9
83918,0,3,1,4
83920,1,7,2,7
83923,6,40,7,35
83927,0,1,1,2
83956,0,8,1,9
83962,8,23,9,16
83969,3,10,4,8
83972,0,2,1,3
83974,2,10,3,9
83976,194,421,195,228
83978,0,3,1,4
83986,1,9,2,9
84015,5,12,6,8
84017,2,4,3,3
84019,5,14,6,10
84047,3,18,4,16
84090,6,16,7,11
84092,3,10,4,8
84094,4,19,5,16
84096,9,21,10,13
84098,0,12,1,13
84100,9,13,10,5
84103,2,8,3,7
84111,7,16,8,10
84114,5,17,6,13
84116,85,132,86,48
84118,1,4,2,4
84120,11,27,12,17
84122,8,19,9,12
84125,1,9,2,9
84128,21,41,22,21
84131,6,11,7,6
84133,2,14,3,13
84137,17,55,18,39
84140,0,7,1,8
84148,0,7,1,8
84150,6,24,7,19
84152,6117,10313,6118,4197
84156,128,199,129,72
84158,1,6,2,6
84160,5,22,6,18
84162,0,4,1,5
84164,0,4,1,5
84173,6,25,7,20
84176,0,7,1,8
84178,2,10,3,9
84181,2,7,3,6
84183,0,6,1,7
84187,346,500,347,155
84189,95,370,96,276
84223,8,21,9,14
84226,3,6,4,4
84228,2,13,3,12
84230,9,28,10,20
84232,6,27,7,22
84234,22,57,23,36
84236,18,31,19,14
84238,7,21,8,15
84242,50,135,51,86
84246,10,28,11,19
84248,10,18,11,9
84250,1,11,2,11
84252,3,7,4,5
84258,0,4,1,5
84260,3,21,4,19
84262,2,17,3,16
84273,158,287,159,130
84279,1,8,2,8
84281,0,2,1,3
84283,2,3,3,2
84291,0,5,1,6
84293,1,6,2,6
84296,0,4,1,5
84298,1,6,2,6
84300,3,8,4,6
84302,2,5,3,4
84304,8,49,9,42
84312,13,289,14,277
84334,0,2,1,3
84372,0,3,1,4
84374,690,2183,691,1494
84387,1,20,2,20
84392,1423,2651,1424,1229
84395,151,611,152,461
84407,31,66,32,36
84436,0,2,1,3
84444,13,30,14,18
84446,3,14,4,12
84448,5,7,6,3
84450,4,9,5,6
84453,2,6,3,5
84455,3,19,4,17
84467,1,7,2,7
84469,3,10,4,8
84471,8,20,9,13
84473,1,5,2,5
84475,0,8,1,9
84477,1,8,2,8
84479,4,11,5,8
84481,6,11,7,6
84483,0,7,1,8
84485,7,16,8,10
84496,2,16,3,15
84498,2,12,3,11
84500,0,2,1,3
84502,3,6,4,4
84504,4,10,5,7
84506,10,23,11,14
84508,2,6,3,5
84510,4,16,5,13
84512,3,7,4,5
84523,11,27,12,17
84529,0,4,1,5
84532,12,35,13,24
84534,0,3,1,4
84551,1,4,2,4
84553,0,7,1,8
84555,0,3,1,4
84557,16,67,17,52
84559,0,7,1,8
84565,0,3,1,4
84567,0,2,1,3
84570,31,117,32,87
84601,801,2086,802,1286
84613,53,267,54,215
84615,116,434,117,319
84619,2,5,3,4
84621,7,56,8,50
84637,103,633,104,531
84639,4,12,5,9
84641,1,4,2,4
84643,2,7,3,6
84646,2,4,3,3
84648,3,8,4,6
84660,0,1,1,2
84663,37,69,38,33
84665,0,4,1,5
84667,2,6,3,5
84669,1,5,2,5
84671,3,6,4,4
84680,1,2,2,2
84682,0,3,1,4
84686,0,5,1,6
84689,0,2,1,3
84691,0,6,1,7
84696,46,187,47,142
84714,2,13,3,12
84730,16,30,17,15
84732,11,132,12,122
84734,0,2,1,3
84736,0,1,1,2
84738,1,23,2,23
84740,0,10,1,11
84764,1,6,2,6
84766,1,8,2,8
84768,0,3,1,4
84770,28,62,29,35
84772,1199,3250,1200,2052
84775,79,138,80,60
84777,6,17,7,12
84779,4,25,5,22
84781,1,10,2,10
84792,3,16,4,14
84794,0,10,1,11
84796,12,28,13,17
84799,6,28,7,23
84801,9,18,10,10
84805,11,18,12,8
84807,6,21,7,16
84829,4,9,5,6
84832,0,7,1,8
84834,5,37,6,33
84836,0,2,1,3
84838,1,4,2,4
84844,231,355,232,125
84852,1,7,2,7
84855,36,84,37,49
84857,15,28,16,14
84859,0,5,1,6
84861,0,1,1,2
84863,2,15,3,14
84871,2,12,3,11
84876,1,7,2,7
84880,10,52,11,43
84884,13,30,14,18
84886,0,1,1,2
84890,3,6,4,4
84894,2,8,3,7
84942,66,478,67,413
84944,1410,3704,1411,2295
84948,0,2,1,3
84950,52,265,53,214
84952,210,338,211,129
84954,2227,4819,2228,2593
84957,14,55,15,42
84961,1,4,2,4
84963,1,7,2,7
84972,14,25,15,12
84974,0,1,1,2
84976,2,5,3,4
84978,1,6,2,6
84983,1,6,2,6
84985,2,11,3,10
84987,5,8,6,4
84989,10,22,11,13
84996,2,4,3,3
85007,72,199,73,128
85010,0,4,1,5
85012,13,21,14,9
85014,6,16,7,11
85016,45,130,46,86
85020,743,1844,744,1102
85022,145,856,146,712
85025,106,404,107,299
85056,418,1716,419,1299
85070,0,5,1,6
85072,19,52,20,34
85106,3,11,4,9
85108,0,2,1,3
85129,11,32,12,22
85131,272,1593,273,1322
85133,3,26,4,24
85143,0,6,1,7
85175,2,6,3,5
85177,6,32,7,27
85179,410,686,411,277
85190,14,30,15,17
85203,1,3,2,3
85205,3,8,4,6
85209,1,12,2,12
85211,44,111,45,68
85213,183,335,184,153
85215,2,11,3,10
85226,0,4,1,5
85231,3,10,4,8
85259,76,131,77,56
85261,27,180,28,154
85268,15,91,16,77
85270,6,15,7,10
85273,7,14,8,8
85275,2,3,3,2
85278,4,18,5,15
85284,2,4,3,3
85291,3,14,4,12
85293,1,5,2,5
85295,10,66,11,57
85298,12,46,13,35
85305,7,36,8,30
85307,7,31,8,25
85309,0,3,1,4
85312,141,206,142,66
85316,99,169,100,71
85319,4,7,5,4
85323,0,3,1,4
85325,4,11,5,8
85327,3,11,4,9
85332,2,10,3,9
85334,7,34,8,28
85342,1111,1564,1112,454
85354,167,310,168,144
85358,1,15,2,15
85362,7,17,8,11
85365,5,12,6,8
85367,546,1529,547,984
85369,0,4,1,5
85372,22,111,23,90
85374,2,4,3,3
85378,1,3,2,3
85387,3,8,4,6
85389,1,8,2,8
85392,1,23,2,23
85394,211,390,212,180
85397,124,734,125,611
85399,13,102,14,90
85401,269,814,270,546
85403,1,6,2,6
85412,391,956,392,566
85414,5270,9504,5271,4235
85438,455,832,456,378
85440,3,11,4,9
85442,1,4,2,4
85450,0,2,1,3
85453,0,1,1,2
85476,0,1,1,2
85503,1,2,2,2
85505,0,1,1,2
85510,662,2436,663,1775
85527,5,14,6,10
85538,10,24,11,15
85540,16,55,17,40
85542,6,20,7,15
85544,8,12,9,5
85547,7,17,8,11
85549,4,13,5,10
85552,2,8,3,7
85555,1,10,2,10
85565,74,183,75,110
85567,2,5,3,4
85570,4,8,5,5
85576,0,4,1,5
85585,19,39,20,21
85609,0,3,1,4
85616,0,8,1,9
85618,0,2,1,3
85624,2,6,3,5
85626,8,21,9,14
85689,0,2,1,3
85691,1,5,2,5
85694,0,1,1,2
85728,1,14,2,14
85734,4,12,5,9
85738,1,4,2,4
85740,1,7,2,7
85744,1,4,2,4
85746,0,1,1,2
85763,27,51,28,25
85770,1,5,2,5
85772,0,2,1,3
85774,1180,1634,1181,455
85777,65,138,66,74
85783,2,6,3,5
85788,851,1993,852,1143
85790,71,189,72,119
85792,1,7,2,7
85794,1,6,2,6
85796,97,435,98,339
85861,0,4,1,5
85863,0,5,1,6
85874,16,64,17,49
85881,444,853,445,410
85883,3,9,4,7
85885,52,171,53,120
85889,0,2,1,3
85892,2,8,3,7
85894,1,4,2,4
85896,1,7,2,7
85910,5,15,6,11
85966,0,4,1,5
85981,1,7,2,7
85983,1,6,2,6
85985,1,6,2,6
85987,8,23,9,16
85994,3,6,4,4
85997,1,10,2,10
86000,157,262,158,106
86002,2,5,3,4
86014,34,136,35,103
86023,1,8,2,8
86028,11,90,12,80
86033,2,12,3,11
86057,18,24,19,7
86059,38,235,39,198
86061,1,5,2,5
86064,1,6,2,6
86066,27,47,28,21
86070,1,11,2,11
86077,1,1,2,1
86079,2,10,3,9
86081,2,5,3,4
86083,15,23,16,9
86085,1,2,2,2
86087,14,20,15,7
86089,12,23,13,12
86091,5,19,6,15
86094,6,18,7,13
86096,16,37,17,22
86137,7,23,8,17
86139,6,13,7,8
86142,446,825,447,380
86145,5,17,6,13
86148,2,7,3,6
86151,4,12,5,9
86153,1,13,2,13
86166,6,27,7,22
86168,6,20,7,15
86170,1,9,2,9
86173,5,8,6,4
86181,5,9,6,5
86190,1056,2566,1057,1511
86204,0,10,1,11
86206,18,40,19,23
86229,4,8,5,5
86231,4,9,5,6
86233,24,70,25,47
86237,31,48,32,18
86244,22,87,23,66
86246,4,12,5,9
86263,2,7,3,6
86277,12,25,13,14
86279,27,53,28,27
86286,7,32,8,26
86288,7,11,8,5
86290,135,241,136,107
86293,84,444,85,361
86295,178,801,179,624
86298,631,2004,632,1374
86300,7,31,8,25
86308,1,7,2,7
86310,0,1,1,2
86312,0,5,1,6
86314,0,1,1,2
86316,1,7,2,7
86318,2,7,3,6
86320,1248,2353,1249,1106
86330,14,26,15,13
86332,3638,9535,3639,5898
86334,0,4,1,5
86337,0,3,1,4
86343,0,4,1,5
86345,1329,1738,1330,410
86347,1074,1412,1075,339
86355,31,158,32,128
86368,1,10,2,10
86372,0,2,1,3
86377,1331,1743,1332,413
86380,5,21,6,17
86382,5,15,6,11
86399,0,2,1,3
86401,6,10,7,5
86408,8,29,9,22
86410,8,109,9,102
86412,21,63,22,43
86416,4,8,5,5
86418,3,10,4,8
86420,1,9,2,9
86430,4,14,5,11
86432,5,22,6,18
86434,1,4,2,4
86436,8,18,9,11
86438,1,9,2,9
86440,2,4,3,3
86442,2,6,3,5
86449,1,14,2,14
86451,1,4,2,4
86453,1,5,2,5
86455,0,3,1,4
86463,0,9,1,10
86471,0,6,1,7
86474,0,7,1,8
86476,4,12,5,9
86478,9,44,10,36
86487,98,194,99,97
86489,1,9,2,9
86491,8,15,9,8
86493,0,2,1,3
86495,4,8,5,5
86497,0,4,1,5
86500,1,6,2,6
86502,5,17,6,13
86508,0,4,1,5
86510,0,2,1,3
86518,2,13,3,12
86521,2,6,3,5
86536,22,36,23,15
86539,4,15,5,12
86541,13,29,14,17
86548,321,860,322,540
86550,0,2,1,3
86553,2,9,3,8
86559,3,27,4,25
86572,7,31,8,25
86574,33,61,34,29
86583,5,14,6,10
86590,2,12,3,11
86593,18,43,19,26
86604,5,25,6,21
86620,0,2,1,3
86622,1,4,2,4
86624,4,31,5,28
86626,7,25,8,19
86628,128,333,129,206
86635,0,8,1,9
86642,12,54,13,43
86644,1238,2676,1239,1439
86646,7,21,8,15
86648,1,9,2,9
86651,0,5,1,6
86653,1,6,2,6
86655,1,10,2,10
86657,4,6,5,3
86664,1,2,2,2
86668,33,50,34,18
86671,1,12,2,12
86675,2,8,3,7
86687,2,5,3,4
86689,1,6,2,6
86709,0,1,1,2
86715,17,42,18,26
86717,5,11,6,7
86719,2,5,3,4
86721,15,37,16,23
86723,27,52,28,26
86725,13,37,14,25
86728,9,21,10,13
86748,2,11,3,10
86750,12,37,13,26
86753,6,12,7,7
86756,2,6,3,5
86758,1,10,2,10
86760,2,7,3,6
86762,18,48,19,31
86764,8,13,9,6
86766,2,5,3,4
86768,5,10,6,6
86770,1,7,2,7
86773,4,5,5,2
86781,973,1316,974,344
86785,1,4,2,4
86787,3,14,4,12
86789,0,4,1,5
86791,0,4,1,5
86795,1,9,2,9
86802,2,16,3,15
86815,100,282,101,183
86817,136,423,137,288
86826,1,5,2,5
86833,1943,4177,1944,2235
86835,177,945,178,769
86837,2,12,3,11
86839,2,4,3,3
86841,0,12,1,13
86844,7,14,8,8
86846,1,6,2,6
86848,3,10,4,8
86852,101,354,102,254
86854,1,6,2,6
86856,0,5,1,6
86858,2,3,3,2
86860,1,6,2,6
86862,2,5,3,4
86864,11,46,12,36
86866,5,36,6,32
86880,1928,5409,1929,3482
86882,3920,6590,3921,2671
86884,120,214,121,95
86892,424,683,425,260
86894,0,7,1,8
86896,1,10,2,10
86898,780,1717,781,938
86900,0,11,1,12
86902,2,13,3,12
86904,1,10,2,10
86906,1,7,2,7
86911,1013,4141,1014,3129
86922,35,98,36,64
86927,1,6,2,6
86929,0,4,1,5
86931,0,5,1,6
86941,1,6,2,6
86943,1,4,2,4
86947,4,19,5,16
86949,3,3,4,1
86952,1,3,2,3
86970,0,1,1,2
86973,18,36,19,19
86975,1,1,2,1
86977,1,4,2,4
86982,11,44,12,34
86985,6,17,7,12
86988,1,1,2,1
86990,0,3,1,4
87000,2,16,3,15
87002,1,3,2,3
87004,109,183,110,75
87006,1,11,2,11
87008,3,6,4,4
87010,0,7,1,8
87012,2,7,3,6
87016,0,10,1,11
87028,18,147,19,130
87031,3,17,4,15
87033,7,12,8,6
87036,1,8,2,8
87038,3,13,4,11
87040,15,38,16,24
87042,11,28,12,18
87047,5,12,6,8
87049,4,10,5,7
87051,2,5,3,4
87053,0,4,1,5
87055,4,7,5,4
87057,5,11,6,7
87059,1,5,2,5
87061,2,4,3,3
87063,3,5,4,3
87069,7,12,8,6
87071,2,6,3,5
87076,2,12,3,11
87079,68,232,69,165
87081,6,43,7,38
87085,0,1,1,2
87092,3,10,4,8
87094,3,14,4,12
87098,0,4,1,5
87100,11,27,12,17
87103,0,12,1,13
87105,14,80,15,67
87164,13,31,14,19
87166,2,32,3,31
87173,0,2,1,3
87179,1,11,2,11
87181,10,34,11,25
87186,2,2,3,1
87188,0,5,1,6
87190,0,1,1,2
87192,514,1330,515,817
87194,156,295,157,140
87197,29,63,30,35
87205,20,101,21,82
87207,7,11,8,5
87210,1,6,2,6
87216,1,4,2,4
87218,0,10,1,11
87220,7,13,8,7
87222,1401,3137,1402,1737
87225,2,8,3,7
87227,1,11,2,11
87229,5,12,6,8
87232,6284,11011,6285,4728
87234,707,1308,708,602
87256,0,3,1,4
87258,2,7,3,6
87260,2,4,3,3
87262,0,4,1,5
87264,7,28,8,22
87266,0,1,1,2
87270,41,127,42,87
87276,0,1,1,2
87279,4,17,5,14
87287,11,37,12,27
87290,0,4,1,5
87296,3,7,4,5
87298,154,594,155,441
87302,9,28,10,20
87304,494,922,495,429
87306,1889,4642,1890,2754
87314,8,34,9,27
87316,1,14,2,14
87320,5,11,6,7
87322,0,7,1,8
87325,0,3,1,4
87327,3,9,4,7
87330,0,5,1,6
87332,2,11,3,10
87334,1,6,2,6
87336,0,5,1,6
87354,2,3,3,2
87356,12,23,13,12
87358,3,4,4,2
87360,10,21,11,12
87366,1,3,2,3
87368,1,4,2,4
87370,0,2,1,3
87378,2,4,3,3
87383,4,16,5,13
87385,3,6,4,4
87387,2,4,3,3
87390,1,9,2,9
87392,10,19,11,10
87408,3,17,4,15
87410,0,7,1,8
87413,22,36,23,15
87415,9,15,10,7
87417,1,7,2,7
87420,1,1,2,1
87425,2,14,3,13
87430,318,2709,319,2392
87433,7,39,8,33
87435,2,15,3,14
87444,5,44,6,40
87449,2,10,3,9
87469,7,33,8,27
87471,0,5,1,6
87473,0,1,1,2
87483,125,657,126,533
87485,356,1985,357,1630
87497,0,1,1,2
87499,8,36,9,29
87505,0,2,1,3
87507,0,7,1,8
87509,1,6,2,6
87511,2,4,3,3
87514,1,4,2,4
87516,0,3,1,4
87518,0,5,1,6
87520,623,2854,624,2232
87522,87,419,88,333
87527,1,10,2,10
87529,129,788,130,660
87547,0,4,1,5
87556,0,4,1,5
87558,2,6,3,5
87560,0,7,1,8
87562,0,5,1,6
87564,0,1,1,2
87566,1,5,2,5
87568,2,12,3,11
87589,2,19,3,18
87595,2,7,3,6
87598,0,3,1,4
87608,5,22,6,18
87618,9,18,10,10
87633,0,4,1,5
87636,2,14,3,13
87642,1,13,2,13
87644,2,3,3,2
87647,7,30,8,24
87660,140,232,141,93
87662,0,3,1,4
87683,1,4,2,4
87685,1,7,2,7
87689,0,5,1,6
87691,0,10,1,11
87693,2,6,3,5
87697,5,13,6,9
87700,1,6,2,6
87702,4,7,5,4
87719,3,6,4,4
87745,1,5,2,5
87751,1,4,2,4
87761,4,17,5,14
87763,5,11,6,7
87766,1,7,2,7
87769,0,3,1,4
87771,0,2,1,3
87773,1,4,2,4
87785,52,205,53,154
87790,12,31,13,20
87792,5,21,6,17
87794,0,7,1,8
87796,1,5,2,5
87798,2,2,3,1
87802,2,17,3,16
87804,2,13,3,12
87808,1,3,2,3
87831,0,3,1,4
87834,7,14,8,8
87843,1,2,2,2
87860,4,12,5,9
87867,50,393,51,344
87869,1682,4847,1683,3166
87874,1,6,2,6
87876,275,1457,276,1183
87878,6,13,7,8
87880,0,8,1,9
87882,1,17,2,17
87884,2,6,3,5
87890,0,5,1,6
87909,6,39,7,34
87911,3,25,4,23
87913,2,13,3,12
87915,4,9,5,6
87917,1,11,2,11
87919,2,9,3,8
87923,2,7,3,6
87928,4,14,5,11
87930,33,72,34,40
87948,2,8,3,7
87950,0,2,1,3
87952,0,5,1,6
87954,2,9,3,8
87964,5,15,6,11
87966,0,4,1,5
87971,3,10,4,8
87977,0,3,1,4
87979,2,5,3,4
87984,3,7,4,5
87988,2,11,3,10
87990,5,20,6,16
87992,10,26,11,17
87994,3,7,4,5
87996,4,8,5,5
87999,0,11,1,12
88001,0,2,1,3
88003,1,7,2,7
88005,5,7,6,3
88015,8,24,9,17
88017,1,2,2,2
88022,53,87,54,35
88024,6,21,7,16
88028,0,3,1,4
88031,2,7,3,6
88040,2,3,3,2
88042,3,13,4,11
88044,6,10,7,5
88047,2,8,3,7
88049,3,9,4,7
88051,10,26,11,17
88053,0,1,1,2
88055,0,3,1,4
88059,1,4,2,4
88061,0,6,1,7
88063,2,8,3,7
88065,2,14,3,13
88067,8,19,9,12
88069,37,76,38,40
88071,1,3,2,3
88073,1,6,2,6
88087,0,2,1,3
88092,6,20,7,15
88094,8,15,9,8
88099,2,6,3,5
88106,6,17,7,12
88108,72,244,73,173
88110,1,10,2,10
88114,5,28,6,24
88118,99,256,100,158
88125,8816,13455,8817,4640
88127,48,150,49,103
88129,5524,8997,5525,3474
88131,12,33,13,22
88133,9,18,10,10
88135,4,10,5,7
88138,6,17,7,12
88140,4002,8774,4003,4773
88158,0,5,1,6
88160,0,5,1,6
88163,3155,5533,3156,2379
88166,1,4,2,4
88168,6,16,7,11
88171,1,4,2,4
88173,1,3,2,3
88175,0,3,1,4
88177,0,3,1,4
88179,371,884,372,514
88192,10,27,11,18
88194,6,37,7,32
88203,8,8,9,1
88205,0,3,1,4
88210,1,5,2,5
88213,1,2,2,2
88224,2,7,3,6
88228,0,3,1,4
88235,623,1096,624,474
88237,14,57,15,44
88248,21,117,22,97
88250,0,2,1,3
88252,1,7,2,7
88267,124,286,125,163
88270,2,30,3,29
88272,34,119,35,86
88274,0,3,1,4
88276,6,17,7,12
88278,2,9,3,8
88280,1,10,2,10
88282,4,14,5,11
88284,4,13,5,10
88299,9,28,10,20
88305,3,15,4,13
88307,3,9,4,7
88310,6,12,7,7
88313,1,4,2,4
88315,2,11,3,10
88317,3,7,4,5
88321,2,8,3,7
88327,3,10,4,8
88329,1,3,2,3
88331,0,1,1,2
88335,0,1,1,2
88339,22,45,23,24
88341,6,11,7,6
88343,3,11,4,9
88352,4,11,5,8
88356,69,556,70,488
88374,0,11,1,12
88376,0,9,1,10
88378,0,1,1,2
88380,11,79,12,69
88382,5,10,6,6
88398,0,4,1,5
88400,0,4,1,5
88405,1176,3316,1177,2141
88411,3,10,4,8
88414,0,2,1,3
88417,1,8,2,8
88419,6,12,7,7
88423,1,6,2,6
88425,4,22,5,19
88427,0,1,1,2
88429,0,8,1,9
88448,1,3,2,3
88452,3,9,4,7
88454,0,5,1,6
88456,2,13,3,12
88466,1,5,2,5
88468,23,138,24,116
88471,1,2,2,2
88473,1,3,2,3
88480,1,4,2,4
88483,1,7,2,7
88485,1,18,2,18
88488,1,4,2,4
88491,0,5,1,6
88493,1,3,2,3
88495,10,51,11,42
88511,0,4,1,5
88513,0,4,1,5
88518,3,5,4,3
88520,7,16,8,10
88543,0,1,1,2
88548,4,15,5,12
88562,3,11,4,9
88564,7,17,8,11
88566,12,35,13,24
88568,0,9,1,10
88570,12,17,13,6
88572,3,23,4,21
88574,10,22,11,13
88576,2,6,3,5
88578,10,19,11,10
88580,5,8,6,4
88589,7,30,8,24
88591,2,6,3,5
88593,73,135,74,63
88595,0,6,1,7
88597,2,9,3,8
88599,6,14,7,9
88601,1,6,2,6
88603,2,7,3,6
88605,0,11,1,12
88607,1,2,2,2
88638,0,5,1,6
88640,10,24,11,15
88642,0,7,1,8
88646,18,29,19,12
88649,1,6,2,6
88652,2,7,3,6
88654,1,13,2,13
88670,3,15,4,13
88672,175,703,176,529
88674,3,22,4,20
88682,3,5,4,3
88688,0,1,1,2
88692,4,15,5,12
88697,1,7,2,7
88704,8,20,9,13
88706,17,59,18,43
88724,21,44,22,24
88740,0,5,1,6
88742,0,1,1,2
88744,3835,7843,3836,4009
88746,40,132,41,93
88748,0,2,1,3
88750,0,4,1,5
88752,0,1,1,2
88754,0,5,1,6
88756,1,10,2,10
88759,1,6,2,6
88761,0,5,1,6
88764,1,24,2,24
88766,1,4,2,4
88785,211,871,212,661
88788,2,13,3,12
88801,1,3,2,3
88810,3834,5843,3835,2010
88812,168,797,169,630
88814,1,3,2,3
88816,1,9,2,9
88818,0,5,1,6
88821,0,2,1,3
88823,0,2,1,3
88833,0,1,1,2
88835,20,57,21,38
88837,44,94,45,51
88839,12,41,13,30
88852,0,3,1,4
88857,0,4,1,5
88877,4,17,5,14
88879,16,71,17,56
88886,3,8,4,6
88889,12,33,13,22
88894,0,1,1,2
88899,5,10,6,6
88901,4,18,5,15
88911,43,79,44,37
88925,2,10,3,9
88932,166,644,167,479
88934,10,12,11,3
88950,66,199,67,134
88954,96,410,97,315
88957,6,15,7,10
88959,2,5,3,4
88961,1,3,2,3
88971,1,7,2,7
88973,2,11,3,10
88975,1,5,2,5
88979,3,7,4,5
88989,2,4,3,3
88991,10,29,11,20
89000,22,59,23,38
89002,18,237,19,220
89007,5,9,6,5
89010,0,5,1,6
89014,3,8,4,6
89016,1,6,2,6
89018,2,5,3,4
89021,7,21,8,15
89023,2,3,3,2
89025,2,10,3,9
89028,36,212,37,177
89030,176,729,177,554
89039,507,1106,508,600
89043,4,17,5,14
89047,186,407,187,222
89054,1,9,2,9
89056,7,9,8,3
89060,23,85,24,63
89069,4,14,5,11
89072,97,271,98,175
89074,59,222,60,164
89083,12,17,13,6
89085,192,524,193,333
89087,234,761,235,528
89090,124,169,125,46
89098,0,6,1,7
89100,0,2,1,3
89102,65,171,66,107
89104,4,7,5,4
89110,1,7,2,7
89112,0,6,1,7
89114,0,7,1,8
89116,0,7,1,8
89118,867,1473,868,607
89126,0,14,1,15
89133,0,2,1,3
89135,1,4,2,4
89137,2,8,3,7
89139,4,27,5,24
89145,2,4,3,3
89147,1,2,2,2
89162,4,11,5,8
89164,4,26,5,23
89170,12,54,13,43
89190,76,530,77,455
89192,1,6,2,6
89194,15,56,16,42
89203,7,26,8,20
89206,2,17,3,16
89208,4,27,5,24
89213,0,3,1,4
89215,1,3,2,3
89217,7,42,8,36
89219,0,3,1,4
89230,3,16,4,14
89244,3,12,4,10
89246,6,7,7,2
89248,2,5,3,4
89260,90,160,91,71
89268,1,4,2,4
89270,0,1,1,2
89281,18,115,19,98
89285,1,2,2,2
89300,1,10,2,10
89302,42,117,43,76
89305,123,368,124,246
89308,1,6,2,6
89313,2,5,3,4
89315,9,11,10,3
89321,23,106,24,84
89323,0,2,1,3
89325,1,4,2,4
89327,1,10,2,10
89329,1,4,2,4
89337,60,97,61,38
89341,0,5,1,6
89343,147,505,148,359
89347,16,26,17,11
89349,7,13,8,7
89351,2,6,3,5
89354,4,12,5,9
89356,70,139,71,70
89365,0,2,1,3
89367,3,21,4,19
89369,47,105,48,59
89371,8,24,9,17
89373,4,17,5,14
89375,0,7,1,8
89377,6,52,7,47
89386,55,93,56,39
89388,22,144,23,123
89393,0,4,1,5
89398,0,4,1,5
89401,0,4,1,5
89403,1,3,2,3
89406,0,3,1,4
89408,2,10,3,9
89425,0,3,1,4
89427,2,67,3,66
89449,9,31,10,23
89470,915,2393,916,1479
89472,22,92,23,71
89474,0,1,1,2
89476,0,2,1,3
89478,1,12,2,12
89480,51,277,52,227
89482,0,5,1,6
89485,2,6,3,5
89490,28,141,29,114
89492,4121,6570,4122,2450
89501,6,17,7,12
89506,5,13,6,9
89516,0,9,1,10
89519,0,1,1,2
89521,3,7,4,5
89527,0,1,1,2
89532,1,6,2,6
89535,111,234,112,124
89537,1,2,2,2
89542,0,1,1,2
89549,1,2,2,2
89551,0,3,1,4
89554,94,145,95,52
89570,53,119,54,67
89580,15,48,16,34
89582,48,100,49,53
89584,11,21,12,11
89588,0,11,1,12
89590,8,22,9,15
89592,5,13,6,9
89594,5,22,6,18
89596,2,8,3,7
89598,3,10,4,8
89607,0,13,1,14
89610,2,13,3,12
89613,1,7,2,7
89616,1,5,2,5
89618,1,2,2,2
89620,3,8,4,6
89623,2,10,3,9
89629,61,138,62,78
89632,3,14,4,12
89635,2,4,3,3
89638,22,46,23,25
89650,32,167,33,136
89658,0,4,1,5
89664,1,2,2,2
89668,1,2,2,2
89670,2,8,3,7
89674,1,8,2,8
89678,113,190,114,78
89701,0,2,1,3
89703,3,15,4,13
89705,1,4,2,4
89707,5,13,6,9
89712,1,7,2,7
89714,1,9,2,9
89718,3,10,4,8
89720,2,28,3,27
89722,3,23,4,21
89726,0,1,1,2
89728,0,1,1,2
89732,1,5,2,5
89745,10502,17572,10503,7071
89747,1,8,2,8
89753,1130,2268,1131,1139
89759,1185,1648,1186,464
89761,190,748,191,559
89763,4,9,5,6
89765,3,13,4,11
89767,8,20,9,13
89769,0,4,1,5
89772,0,1,1,2
89774,1991,3047,1992,1057
89778,5,8,6,4
89794,0,8,1,9
89797,0,9,1,10
89800,3,5,4,3
89802,2,5,3,4
89804,910,2127,911,1218
89806,0,3,1,4
89819,1,2,2,2
89829,0,4,1,5
89831,0,1,1,2
89833,0,2,1,3
89837,125,337,126,213
89840,172,661,173,490
89844,0,6,1,7
89846,60,121,61,62
89848,1,18,2,18
89850,1,5,2,5
89862,28,86,29,59
89864,2659,4837,2660,2179
89872,1,19,2,19
89877,1,11,2,11
89881,3,23,4,21
89883,0,1,1,2
89896,99,146,100,48
89898,49,111,50,63
89900,124,221,125,98
89904,1572,2738,1573,1167
89908,2,8,3,7
89910,0,5,1,6
89912,3,7,4,5
89924,4,20,5,17
89926,0,1,1,2
89930,4,19,5,16
89932,1,4,2,4
89936,2,8,3,7
89939,4,18,5,15
89941,3,6,4,4
89945,18,64,19,47
89961,19,45,20,27
89963,4,15,5,12
89965,1,5,2,5
89969,6,16,7,11
89971,2,6,3,5
89973,5,15,6,11
89977,0,4,1,5
89979,2,5,3,4
89983,15,42,16,28
89985,32,47,33,16
89988,2,7,3,6
89990,0,2,1,3
89994,6,12,7,7
89997,15,42,16,28
89999,0,6,1,7
90007,0,3,1,4
90009,6,19,7,14
90011,1,6,2,6
90015,7,19,8,13
90017,4,15,5,12
90019,0,3,1,4
90021,2,7,3,6
90035,0,6,1,7
90049,4,11,5,8
90052,7,21,8,15
90057,593,1113,594,521
90059,2,4,3,3
90061,5,36,6,32
90064,0,7,1,8
90066,6,23,7,18
90068,1,5,2,5
90071,19,45,20,27
90084,4,8,5,5
90086,2,5,3,4
90104,2,11,3,10
90106,0,6,1,7
90108,0,5,1,6
90112,2,7,3,6
90114,0,2,1,3
90116,0,3,1,4
90118,0,2,1,3
90127,1,13,2,13
90133,2,15,3,14
90154,33,104,34,72
90167,0,5,1,6
90170,4,6,5,3
90172,0,4,1,5
90183,1,2,2,2
90196,3,9,4,7
90199,2,5,3,4
90201,3,8,4,6
90203,3,6,4,4
90206,8,14,9,7
90208,0,5,1,6
90211,6,14,7,9
90235,1,5,2,5
90237,14,31,15,18
90239,2,5,3,4
90241,3,20,4,18
90243,19,39,20,21
90245,6,16,7,11
90247,2,10,3,9
90249,910,2667,911,1758
90252,1,5,2,5
90254,6,35,7,30
90256,2,9,3,8
90262,0,2,1,3
90264,5,23,6,19
90266,69,111,70,43
90268,9,67,10,59
90270,0,7,1,8
90273,0,4,1,5
90279,0,3,1,4
90281,7,21,8,15
90284,0,1,1,2
90292,0,4,1,5
90306,4,18,5,15
90308,0,2,1,3
90310,3,54,4,52
90312,4,8,5,5
90314,0,2,1,3
90319,4,8,5,5
90321,5,17,6,13
90327,0,5,1,6
90339,0,3,1,4
90341,25,41,26,17
90343,91,289,92,199
90345,347,1071,348,725
90350,33,64,34,32
90353,9,36,10,28
90355,2,3,3,2
90357,129,231,130,103
90359,3,12,4,10
90364,4,10,5,7
90371,1,7,2,7
90374,253,575,254,323
90376,901,1669,902,769
90378,56,128,57,73
90380,3,4,4,2
90382,4,17,5,14
90397,1,4,2,4
90403,120,540,121,421
90405,2133,5226,2134,3094
90413,13,35,14,23
90419,5,10,6,6
90421,7,41,8,35
90424,8,30,9,23
90426,2,16,3,15
90428,63,140,64,78
90430,599,1238,600,640
90434,15,76,16,62
90439,856,1563,857,708
90458,0,6,1,7
90460,2,23,3,22
90466,0,1,1,2
90469,148,646,149,499
90471,36,119,37,84
90474,66,117,67,52
90476,46,157,47,112
90478,0,8,1,9
90488,0,5,1,6
90497,0,1,1,2
90514,0,1,1,2
90522,329,1072,330,744
90524,81,369,82,289
90526,0,4,1,5
90528,104,252,105,149
90531,786,1547,787,762
90533,3,11,4,9
90535,0,6,1,7
90537,7,16,8,10
90543,1,6,2,6
90545,0,4,1,5
90547,1,10,2,10
90549,1,7,2,7
90554,0,1,1,2
90556,7,11,8,5
90559,2,8,3,7
90561,3,17,4,15
90564,2,14,3,13
90566,1,5,2,5
90570,3,10,4,8
90574,5,12,6,8
90576,190,572,191,383
90578,60,271,61,212
90592,44,59,45,16
90594,1,5,2,5
90596,1,7,2,7
90598,2,9,3,8
90600,740,1214,741,475
90609,6,11,7,6
90620,45,110,46,66
90622,0,1,1,2
90624,56,199,57,144
90630,32,77,33,46
90632,1,11,2,11
90645,86,237,87,152
90647,515,1723,516,1209
90649,6,34,7,29
90651,2,10,3,9
90662,6,33,7,28
90664,6,12,7,7
90666,0,8,1,9
90668,0,3,1,4
90671,0,4,1,5
90673,0,4,1,5
90690,1,2,2,2
90697,1,10,2,10
90700,1,9,2,9
90702,1,10,2,10
90704,0,4,1,5
90706,0,10,1,11
90717,218,1096,219,879
90719,152,698,153,547
90730,3,41,4,39
90738,52,222,53,171
90741,0,9,1,10
90744,1,6,2,6
90746,1228,2929,1229,1702
90748,3,8,4,6
90751,4,40,5,37
90753,12,23,13,12
90769,6,10,7,5
90775,1,1,2,1
90777,1,3,2,3
90795,7,15,8,9
90806,0,3,1,4
90809,110,195,111,86
90811,4,10,5,7
90813,2,7,3,6
90815,0,4,1,5
90817,2,7,3,6
90819,0,7,1,8
90821,6,16,7,11
90823,1,4,2,4
90825,0,3,1,4
90827,2,10,3,9
90843,9,21,10,13
90849,0,1,1,2
90853,0,4,1,5
90863,92,153,93,62
90866,1922,4218,1923,2297
90868,11,38,12,28
90870,17,179,18,163
90873,2,24,3,23
90876,9,19,10,11
90878,4,9,5,6
90886,3,4,4,2
90888,159,811,160,653
90890,36,504,37,469
90895,5,10,6,6
90897,2,2,3,1
90903,2,7,3,6
90907,1,6,2,6
90914,64,192,65,129
90929,30,56,31,27
90931,0,8,1,9
90933,14,93,15,80
90935,1,3,2,3
90937,2,3,3,2
90939,10,53,11,44
90943,125,242,126,118
90947,129,180,130,52
90949,4,10,5,7
90951,1,7,2,7
90953,2,5,3,4
90958,5,17,6,13
90960,0,2,1,3
90963,2,6,3,5
90965,0,4,1,5
91007,4,5,5,2
91010,4,20,5,17
91012,1,2,2,2
91014,25,87,26,63
91026,0,5,1,6
91028,1,8,2,8
91031,0,11,1,12
91035,19,77,20,59
91037,7,24,8,18
91044,4,10,5,7
91048,13,33,14,21
91054,8,22,9,15
91056,8,24,9,17
91058,0,2,1,3
91065,0,4,1,5
91067,2,7,3,6
91069,1,4,2,4
91071,1,4,2,4
91073,2,10,3,9
91075,2,12,3,11
91077,1215,2696,1216,1482
91079,157,417,158,261
91094,426,1062,427,637
91096,0,11,1,12
91104,395,1896,396,1502
91106,2,4,3,3
91108,2,11,3,10
91110,0,3,1,4
91112,3,11,4,9
91126,318,839,319,522
91128,145,658,146,514
91134,143,464,144,322
91137,1,12,2,12
91140,0,4,1,5
91163,0,1,1,2
91167,1,4,2,4
91169,6,15,7,10
91179,0,2,1,3
91181,3,12,4,10
91187,1,3,2,3
91189,1,16,2,16
91191,4,16,5,13
91193,2,7,3,6
91195,0,3,1,4
91199,164,287,165,124
91201,6,8,7,3
91206,4,21,5,18
91208,2,3,3,2
91211,4,7,5,4
91213,0,2,1,3
91216,2,4,3,3
91218,0,2,1,3
91223,0,5,1,6
91227,1,14,2,14
91229,0,2,1,3
91241,24,71,25,48
91243,1,18,2,18
91246,0,5,1,6
91248,2,4,3,3
91250,4,29,5,26
91253,0,2,1,3
91256,3,7,4,5
91261,37,75,38,39
91266,73,187,74,115
91268,0,3,1,4
91271,0,2,1,3
91273,58,132,59,75
91284,2,5,3,4
91286,7,17,8,11
91290,45,102,46,58
91298,0,9,1,10
91302,10,28,11,19
91304,11,49,12,39
91306,2,6,3,5
91309,0,6,1,7
91323,65,353,66,289
91325,239,595,240,357
91331,0,3,1,4
91333,1,8,2,8
91335,21,60,22,40
91337,8,13,9,6
91339,2,10,3,9
91351,31,66,32,36
91353,20,72,21,53
91355,27,99,28,73
91360,3,8,4,6
91362,1,4,2,4
91371,21,136,22,116
91386,50,260,51,211
91388,0,6,1,7
91391,1,5,2,5
91393,1,8,2,8
91395,0,8,1,9
91414,170,439,171,270
91416,12,60,13,49
91419,0,7,1,8
91421,1,7,2,7
91423,2,9,3,8
91425,1,10,2,10
91442,2,8,3,7
91444,2,3,3,2
91446,2,7,3,6
91450,6,22,7,17
91474,51,150,52,100
91483,21,170,22,150
91485,529,2238,530,1710
91488,109,211,110,103
91492,0,7,1,8
91494,1,3,2,3
91500,6399,13741,6400,7343
91503,0,3,1,4
91505,50,118,51,69
91509,10,12,11,3
91511,7,11,8,5
91513,2,8,3,7
91515,16,42,17,27
91517,4,14,5,11
91529,13682,19912,13683,6231
91531,1,3,2,3
91533,3,6,4,4
91535,1398,3421,1399,2024
91537,21,44,22,24
91540,11,32,12,22
91542,4824,8792,4825,3969
91548,95,156,96,62
91554,2,11,3,10
91556,2,10,3,9
91558,2,7,3,6
91560,1,8,2,8
91562,1,3,2,3
91564,1,8,2,8
91566,2,5,3,4
91571,66,202,67,137
91573,0,4,1,5
91582,6,15,7,10
91586,1,4,2,4
91589,1,10,2,10
91591,2,13,3,12
91593,0,4,1,5
91595,3,9,4,7
91597,25,61,26,37
91599,1,6,2,6
91601,1,10,2,10
91603,1,7,2,7
91605,2,6,3,5
91610,1,3,2,3
91612,0,6,1,7
91615,5,7,6,3
91617,3,11,4,9
91619,1,2,2,2
91622,191,761,192,571
91624,0,1,1,2
91626,16,93,17,78
91628,73,372,74,300
91630,3265,6323,3266,3059
91632,6,15,7,10
91634,6,18,7,13
91653,491,1280,492,790
91655,2,8,3,7
91658,5137,8397,5138,3261
91660,38,295,39,258
91662,0,1,1,2
91664,2,2,3,1
91666,3,13,4,11
91671,20,175,21,156
91673,44,166,45,123
91681,55,179,56,125
91683,0,3,1,4
91688,3,19,4,17
91690,60,257,61,198
91692,0,5,1,6
91694,9,74,10,66
91697,6,19,7,14
91707,16,37,17,22
91709,1,9,2,9
91711,0,5,1,6
91713,0,3,1,4
91715,5,17,6,13
91718,1,6,2,6
91727,1,4,2,4
91729,0,4,1,5
91741,6,7,7,2
91743,27,66,28,40
91745,0,1,1,2
91747,0,4,1,5
91749,1,8,2,8
91755,8,18,9,11
91762,26,37,27,12
91766,1,7,2,7
91768,1,5,2,5
91770,1,10,2,10
91782,1,5,2,5
91784,7,25,8,19
91786,5,15,6,11
91789,0,3,1,4
91793,3,6,4,4
91797,2,8,3,7
91799,1,5,2,5
91805,7,18,8,12
91808,42,88,43,47
91821,43,91,44,49
91823,16,68,17,53
91826,6,33,7,28
91829,3,13,4,11
91831,14,124,15,111
91834,2,12,3,11
91840,5,20,6,16
91842,168,618,169,451
91844,95,139,96,45
91852,1,2,2,2
91854,2,7,3,6
91858,12,21,13,10
91860,0,2,1,3
91862,2,5,3,4
91866,3,29,4,27
91869,92,200,93,109
91871,0,1,1,2
91873,11,54,12,44
91880,1,4,2,4
91882,2,11,3,10
91884,0,4,1,5
91886,44,134,45,91
91888,32,74,33,43
91890,221,739,222,519
91894,0,8,1,9
91896,2,6,3,5
91902,75,135,76,61
91904,0,4,1,5
91906,1,8,2,8
91908,4,10,5,7
91911,3,8,4,6
91914,1,3,2,3
91919,3,11,4,9
91921,3,6,4,4
91924,0,2,1,3
91927,6,14,7,9
91929,24,48,25,25
91931,0,1,1,2
91933,1,3,2,3
91935,9,30,10,22
91937,6,20,7,15
91947,29,92,30,64
91952,8,33,9,26
91954,2,13,3,12
91957,5,19,6,15
91960,0,2,1,3
91970,10,19,11,10
91972,28,143,29,116
91974,604,1594,605,991
91976,442,1686,443,1245
91978,276,842,277,567
91981,2,10,3,9
91983,2,15,3,14
91991,1,7,2,7
91993,1,4,2,4
91995,0,5,1,6
91997,1,5,2,5
92001,3,11,4,9
92004,0,1,1,2
92006,4,11,5,8
92008,105,528,106,424
92010,3,10,4,8
92023,1,7,2,7
92025,0,2,1,3
92027,0,5,1,6
92029,0,4,1,5
92032,0,2,1,3
92046,3,10,4,8
92048,77,197,78,121
92058,31,286,32,256
92062,0,2,1,3
92064,1,8,2,8
92079,10,15,11,6
92083,7,14,8,8
92085,3,11,4,9
92094,25,55,26,31
92096,2,33,3,32
92099,0,6,1,7
92102,0,8,1,9
92104,2,7,3,6
92106,1,18,2,18
92118,7,16,8,10
92120,1,7,2,7
92122,13,42,14,30
92124,3,5,4,3
92126,1,7,2,7
92128,3,7,4,5
92130,2,11,3,10
92132,2,10,3,9
92134,1,3,2,3
92136,9,14,10,6
92152,33,105,34,73
92154,10,35,11,26
92156,3,16,4,14
92159,8,12,9,5
92161,1,6,2,6
92163,2,6,3,5
92165,4,11,5,8
92167,1,3,2,3
92169,11,21,12,11
92172,3,7,4,5
92174,2,9,3,8
92176,2,9,3,8
92178,1,4,2,4
92180,1,5,2,5
92182,0,2,1,3
92184,1,25,2,25
92186,1,12,2,12
92188,3,9,4,7
92192,59,362,60,304
92196,3,6,4,4
92198,31,172,32,142
92200,1,3,2,3
92204,6,20,7,15
92210,94,159,95,66
92222,11,24,12,14
92224,0,5,1,6
92229,2,4,3,3
92231,0,3,1,4
92234,28,143,29,116
92240,0,5,1,6
92243,106,231,107,126
92245,1,7,2,7
92250,0,2,1,3
92252,3,7,4,5
92257,0,6,1,7
92259,9661,12745,9662,3085
92262,11,31,12,21
92264,50,240,51,191
92268,0,3,1,4
92270,3,11,4,9
92307,9,38,10,30
92309,79,289,80,211
92314,8,23,9,16
92321,1,3,2,3
92325,1,11,2,11
92335,25,95,26,71
92343,0,1,1,2
92348,3,9,4,7
92352,21,37,22,17
92354,4,8,5,5
92357,7,20,8,14
92371,14,49,15,36
92374,15,35,16,21
92380,0,2,1,3
92382,1,2,2,2
92389,2,7,3,6
92391,108,296,109,189
92393,24,80,25,57
92399,1,4,2,4
92408,1,4,2,4
92410,0,4,1,5
92412,2,4,3,3
92416,3,7,4,5
92420,1227,2652,1228,1426
92422,250,1073,251,824
92424,5,10,6,6
92427,4,15,5,12
92435,0,2,1,3
92437,21,67,22,47
92439,137,379,138,243
92441,3,11,4,9
92446,0,3,1,4
92448,3,40,4,38
92453,3,12,4,10
92455,2,5,3,4
92457,0,5,1,6
92461,2,27,3,26
92471,0,1,1,2
92475,116,156,117,41
92477,0,2,1,3
92479,0,2,1,3
92481,22,46,23,25
92483,3,6,4,4
92507,475,1374,476,900
92509,472,979,473,508
92511,0,15,1,16
92514,0,6,1,7
92516,1,4,2,4
92518,1,15,2,15
92520,1,2,2,2
92522,1,5,2,5
92593,4,5,5,2
92600,2,6,3,5
92606,14,27,15,14
92609,0,1,1,2
92611,0,3,1,4
92613,1,11,2,11
92633,2,6,3,5
92635,0,3,1,4
92637,21,47,22,27
92639,0,1,1,2
92641,0,6,1,7
92643,182,291,183,110
92646,1,4,2,4
92648,0,1,1,2
92652,1,9,2,9
92658,4,10,5,7
92660,1,8,2,8
92665,21,100,22,80
92672,1,1,2,1
92674,3,14,4,12
92676,0,9,1,10
92681,79,404,80,326
92683,1,6,2,6
92687,7,23,8,17
92691,0,3,1,4
92694,190,400,191,211
92696,15,55,16,41
92702,17,25,18,9
92713,2,5,3,4
92715,5,10,6,6
92719,21,88,22,68
92726,1,6,2,6
92728,2,10,3,9
92730,2,17,3,16
92738,10,21,11,12
92740,18,34,19,17
92749,0,1,1,2
92751,18,49,19,32
92756,1,9,2,9
92758,1,7,2,7
92760,1,8,2,8
92768,5,37,6,33
92781,4,11,5,8
92783,1,1,2,1
92787,1,3,2,3
92789,8,14,9,7
92793,2,17,3,16
92804,18,39,19,22
92817,14,59,15,46
92819,10,39,11,30
92829,12,83,13,72
92836,8,21,9,14
92841,13,46,14,34
92843,0,2,1,3
92845,0,4,1,5
92852,1,8,2,8
92872,0,2,1,3
92874,1,6,2,6
92881,0,2,1,3
92883,1,4,2,4
92885,0,1,1,2
92887,3,7,4,5
92894,11,17,12,7
92904,38,57,39,20
92906,1,2,2,2
92910,12,23,13,12
92918,0,2,1,3
92920,98,269,99,172
92923,5,43,6,39
92925,0,1,1,2
92935,0,4,1,5
92938,91,770,92,680
92944,40,143,41,104
92946,0,1,1,2
92948,0,2,1,3
92951,2,4,3,3
92954,62,102,63,41
92956,1,2,2,2
92963,3,4,4,2
92966,17,66,18,50
92968,1,4,2,4
92980,0,2,1,3
93002,0,1,1,2
93004,0,1,1,2
93014,8,24,9,17
93022,8,20,9,13
93024,9,61,10,53
93029,3,15,4,13
93035,0,4,1,5
93037,1,4,2,4
93040,325,415,326,91
93061,21,39,22,19
93063,3,9,4,7
93070,0,3,1,4
93083,0,1,1,2
93116,7,16,8,10
93126,7,51,8,45
93128,2,15,3,14
93132,2,14,3,13
93136,2,8,3,7
93142,26,78,27,53
93164,104,207,105,104
93168,3,5,4,3
93172,5,35,6,31
93181,0,2,1,3
93183,5,18,6,14
93185,2,4,3,3
93187,2,4,3,3
93189,0,2,1,3
93193,6,31,7,26
93196,1,15,2,15
93201,0,2,1,3
93204,0,1,1,2
93206,1,2,2,2
93208,23,61,24,39
93210,3,12,4,10
93212,36,97,37,62
93217,0,8,1,9
93240,63,154,64,92
93242,48,198,49,151
93263,0,2,1,3
93265,82,147,83,66
93267,12,24,13,13
93270,326,1050,327,725
93272,323,1068,324,746
93287,70,291,71,222
93289,1,8,2,8
93291,2,3,3,2
93295,2,9,3,8
93297,154,379,155,226
93320,38,73,39,36
93322,2,7,3,6
93324,43,71,44,29
93326,388,1283,389,896
93328,5,21,6,17
93330,6,22,7,17
93333,1,11,2,11
93336,0,12,1,13
93344,0,10,1,11
93351,1,6,2,6
93363,785,2511,786,1727
93365,4,16,5,13
93367,1,13,2,13
93376,4,14,5,11
93391,0,2,1,3
93393,1,3,2,3
93397,0,3,1,4
93399,0,1,1,2
93404,27,38,28,12
93406,0,8,1,9
93408,3,14,4,12
93418,7,35,8,29
93420,39,63,40,25
93422,70,141,71,72
93432,80,148,81,69
93437,0,3,1,4
93439,0,2,1,3
93441,2,5,3,4
93443,180,589,181,410
93448,1,2,2,2
93450,0,2,1,3
93455,0,2,1,3
93463,1,7,2,7
93467,13,24,14,12
93469,3,6,4,4
93473,15,42,16,28
93475,148,441,149,294
93490,11,17,12,7
93492,2,8,3,7
93496,13,31,14,19
93498,203,392,204,190
93500,0,2,1,3
93502,25,82,26,58
93510,3254,6613,3255,3360
93512,126,516,127,391
93516,4,9,5,6
93520,2,11,3,10
93522,2,3,3,2
93529,0,1,1,2
93533,1,8,2,8
93535,1,5,2,5
93544,0,5,1,6
93547,0,2,1,3
93550,3,9,4,7
93552,5,25,6,21
93563,156,626,157,471
93568,2,9,3,8
93570,41,84,42,44
93572,6,28,7,23
93574,16,38,17,23
93578,18,100,19,83
93583,1,8,2,8
93598,51,137,52,87
93610,10,74,11,65
93612,6,14,7,9
93618,0,1,1,2
93621,0,4,1,5
93628,2,3,3,2
93641,6,14,7,9
93649,4,16,5,13
93652,3,6,4,4
93654,4,5,5,2
93656,0,1,1,2
93659,1,7,2,7
93667,1,2,2,2
93669,2,2,3,1
93672,1,3,2,3
93674,2,6,3,5
93693,11,143,12,133
93700,21,40,22,20
93702,1,4,2,4
93717,7,16,8,10
93719,1,11,2,11
93721,1116,1621,1117,506
93723,41,135,42,95
93725,1,9,2,9
93729,3,9,4,7
93731,1,3,2,3
93733,5,8,6,4
93740,199,506,200,308
93742,2,6,3,5
93748,32,69,33,38
93750,25,52,26,28
93752,5,9,6,5
93757,1,2,2,2
93766,174,954,175,781
93775,0,4,1,5
93782,18,40,19,23
93785,0,10,1,11
93792,0,4,1,5
93801,1,8,2,8
93803,10,41,11,32
93805,256,870,257,615
93816,2,7,3,6
93819,42,135,43,94
93821,12,34,13,23
93831,302,1126,303,825
93834,1,7,2,7
93838,1319,2195,1320,877
93840,3383,6343,3384,2961
93842,29,71,30,43
93855,369,769,370,401
93859,1,2,2,2
93865,11,31,12,21
93885,1,2,2,2
93888,1,8,2,8
93890,0,3,1,4
93892,71,151,72,81
93894,0,5,1,6
93900,2,5,3,4
93905,0,1,1,2
93907,0,6,1,7
93909,3,11,4,9
93911,0,2,1,3
93916,7,17,8,11
93918,4,9,5,6
93921,7,22,8,16
93923,3,16,4,14
93928,0,6,1,7
93931,0,1,1,2
93933,35,81,36,47
93939,51,92,52,42
93946,3,26,4,24
93948,5,17,6,13
93952,8,43,9,36
93954,14,112,15,99
93970,0,8,1,9
93980,15,109,16,95
93982,83,384,84,302
93988,275,376,276,102
93991,1,1,2,1
94005,6,18,7,13
94011,1,15,2,15
94015,152,673,153,522
94018,275,1439,276,1165
94024,62,92,63,31
94027,4,5,5,2
94041,5,15,6,11
94044,4,15,5,12
94061,2,23,3,22
94068,9,24,10,16
94070,683,1275,684,593
94074,37,64,38,28
94076,0,1,1,2
94083,0,2,1,3
94101,2,10,3,9
94103,4,9,5,6
94107,1,2,2,2
94112,2,21,3,20
94122,13,36,14,24
94126,75,158,76,84
94128,4,7,5,4
94130,29,94,30,66
94142,4,14,5,11
94144,0,2,1,3
94146,1,3,2,3
94148,0,2,1,3
94155,1,15,2,15
94157,2,12,3,11
94184,7,16,8,10
94186,0,3,1,4
94188,0,2,1,3
94190,4,9,5,6
94202,1,6,2,6
94204,0,6,1,7
94218,0,5,1,6
94262,0,10,1,11
94264,3,11,4,9
94266,169,710,170,542
94268,0,2,1,3
94271,7,19,8,13
94278,15,28,16,14
94280,6,18,7,13
94283,0,3,1,4
94289,10,35,11,26
94291,1,2,2,2
94299,2,19,3,18
94301,2,15,3,14
94306,0,4,1,5
94308,0,1,1,2
94310,0,3,1,4
94312,0,5,1,6
94314,5,23,6,19
94323,41,137,42,97
94325,209,467,210,259
94337,0,2,1,3
94339,2,4,3,3
94341,1,3,2,3
94350,0,4,1,5
94352,4,16,5,13
94365,0,1,1,2
94394,5,9,6,5
94401,23,44,24,22
94403,2,4,3,3
94405,197,613,198,417
94410,46,69,47,24
94412,9,24,10,16
94417,2,4,3,3
94419,1,3,2,3
94421,1,4,2,4
94425,0,3,1,4
94427,1,3,2,3
94429,3,7,4,5
94431,2,5,3,4
94433,0,4,1,5
94435,1,1,2,1
94442,1,3,2,3
94444,6,39,7,34
94469,58,104,59,47
94471,1,5,2,5
94473,3,9,4,7
94475,1,4,2,4
94478,325,1734,326,1410
94480,9,125,10,117
94482,8,16,9,9
94486,0,5,1,6
94491,2,12,3,11
94494,2,23,3,22
94503,55,144,56,90
94531,0,1,1,2
94537,1,10,2,10
94539,1,12,2,12
94542,7,22,8,16
94545,0,3,1,4
94556,5,14,6,10
94558,70,165,71,96
94573,0,2,1,3
94647,0,7,1,8
94649,17,36,18,20
94653,0,13,1,14
94663,40,74,41,35
94668,6,9,7,4
94670,2,2,3,1
94672,1,6,2,6
94675,20,57,21,38
94677,825,2706,826,1882
94679,9,19,10,11
94725,0,1,1,2
94727,1,6,2,6
94729,0,1,1,2
94733,5,24,6,20
94739,6,22,7,17
94746,16,74,17,59
94748,4,11,5,8
94750,0,6,1,7
94752,54,91,55,38
94760,0,3,1,4
94762,0,5,1,6
94765,0,5,1,6
94767,1,1,2,1
94769,5,8,6,4
94772,2,4,3,3
94777,1987,5248,1988,3262
94780,329,1729,330,1401
94786,0,3,1,4
94788,0,4,1,5
94790,0,2,1,3
94799,114,284,115,171
94801,3,9,4,7
94803,3,30,4,28
94806,4,6,5,3
94808,4,7,5,4
94810,62,118,63,57
94813,28,221,29,194
94815,24,64,25,41
94817,1,3,2,3
94819,0,4,1,5
94833,147,400,148,254
94835,2,10,3,9
94837,12,49,13,38
94839,1,14,2,14
94841,24,100,25,77
94864,2899,7599,2900,4701
94867,29,161,30,133
94891,2,3,3,2
94893,9,20,10,12
94896,288,754,289,467
94900,8,28,9,21
94902,1,6,2,6
94904,1,2,2,2
94917,6,22,7,17
94919,5,19,6,15
94931,131,301,132,171
94933,0,1,1,2
94939,59,115,60,57
94941,3,5,4,3
94945,0,2,1,3
94953,67,402,68,336
94955,2,7,3,6
94957,1,9,2,9
94959,5406,7939,5407,2534
94965,3,18,4,16
94967,8,77,9,70
94969,153,221,154,69
94978,30,62,31,33
94980,3,7,4,5
94982,2,6,3,5
94985,232,664,233,433
94998,3,40,4,38
95000,5,15,6,11
95002,7,41,8,35
95007,10,24,11,15
95010,7,11,8,5
95012,0,2,1,3
95014,4,10,5,7
95016,0,2,1,3
95018,1,3,2,3
95021,12,33,13,22
95026,13,39,14,27
95028,2,7,3,6
95032,1,16,2,16
95034,9,39,10,31
95036,0,5,1,6
95052,1,6,2,6
95058,73,334,74,262
95067,70,267,71,198
95069,12,34,13,23
95088,891,1962,892,1072
95105,419,1226,420,808
95107,0,1,1,2
95109,0,1,1,2
95111,0,5,1,6
95133,11,50,12,40
95135,122,287,123,166
95137,12,30,13,19
95139,8,18,9,11
95157,4,23,5,20
95159,9,13,10,5
95165,12,46,13,35
95167,2796,6272,2797,3477
95182,17,46,18,30
95185,4,10,5,7
95197,3,64,4,62
95199,75,317,76,243
95201,192,650,193,459
95207,237,1133,238,897
95214,0,1,1,2
95218,52,81,53,30
95223,12,42,13,31
95230,0,1,1,2
95232,0,3,1,4
95234,2,7,3,6
95237,37,103,38,67
95288,1,7,2,7
95290,0,1,1,2
95294,1,6,2,6
95296,7,21,8,15
95298,21,36,22,16
95300,12,29,13,18
95302,1,3,2,3
95305,2,3,3,2
95307,81,340,82,260
95309,516,1366,517,851
95311,507,738,508,232
95375,91,218,92,128
95425,4,5,5,2
95441,1684,5436,1685,3753
95443,45,118,46,74
95449,185,813,186,629
95461,15,29,16,15
95477,1,8,2,8
95484,2,11,3,10
95486,0,2,1,3
95488,53,212,54,160
95494,1,1,2,1
95504,3,6,4,4
95506,1,28,2,28
95508,18,77,19,60
95510,2222,6167,2223,3946
95521,6,12,7,7
95529,2,6,3,5
95531,8,19,9,12
95533,6,17,7,12
95543,515,1509,516,995
95558,554,1062,555,509
95560,0,1,1,2
95563,0,2,1,3
95565,0,4,1,5
95567,92,215,93,124
95570,6,16,7,11
95572,1,7,2,7
95574,1,4,2,4
95576,0,3,1,4
95578,2,3,3,2
95581,1,1,2,1
95583,90,419,91,330
95591,1,8,2,8
95595,2,9,3,8
95597,0,1,1,2
95600,2,7,3,6
95602,4,18,5,15
95604,40,57,41,18
95611,1,7,2,7
95613,2,4,3,3
95615,9,21,10,13
95617,0,1,1,2
95624,8,22,9,15
95633,1,3,2,3
95650,1,2,2,2
95652,0,4,1,5
95654,668,996,669,329
95658,2,8,3,7
95668,1,2,2,2
95670,13,50,14,38
95672,0,8,1,9
95688,0,3,1,4
95695,3,11,4,9
95697,1,4,2,4
95717,3,16,4,14
95720,127,739,128,613
95732,0,10,1,11
95735,3,12,4,10
95742,1,13,2,13
95744,35,143,36,109
95746,3,8,4,6
95748,2,6,3,5
95750,0,2,1,3
95752,2,6,3,5
95754,17,34,18,18
95756,25,56,26,32
95761,200,569,201,370
95767,1,1,2,1
95769,0,1,1,2
95773,11,38,12,28
95784,0,6,1,7
95794,1,4,2,4
95796,2,32,3,31
95804,24,72,25,49
95814,1,7,2,7
95816,20,71,21,52
95830,0,5,1,6
95832,1,4,2,4
95839,34,58,35,25
95843,3,13,4,11
95854,0,2,1,3
95856,115,233,116,119
95858,846,1242,847,397
95873,514,1028,515,515
95875,821,2733,822,1913
95890,4,12,5,9
95896,1,9,2,9
95898,4,13,5,10
95926,2,19,3,18
95939,84,184,85,101
95949,2,7,3,6
95969,2,10,3,9
95971,23,43,24,21
95973,25,42,26,18
95975,2,6,3,5
96002,14,35,15,22
96020,98,161,99,64
96022,0,6,1,7
96024,2,7,3,6
96030,1,5,2,5
96052,13,31,14,19
96054,9,26,10,18
96056,0,5,1,6
96058,5,21,6,17
96060,0,2,1,3
96064,2,21,3,20
96066,6,28,7,23
96071,8,13,9,6
96075,52,77,53,26
96079,5831,10350,5832,4520
96084,6,13,7,8
96086,0,1,1,2
96096,6,21,7,16
96098,12,23,13,12
96110,259,1077,260,819
96114,8,46,9,39
96121,57,262,58,206
96131,0,4,1,5
96144,0,4,1,5
96146,0,3,1,4
96148,0,2,1,3
96150,130,278,131,149
96160,1,4,2,4
96176,0,3,1,4
96179,2,7,3,6
96181,6,26,7,21
96193,0,1,1,2
96195,2,21,3,20
96197,8,32,9,25
96212,3,13,4,11
96214,4,16,5,13
96216,1,5,2,5
96218,4,5,5,2
96221,1,3,2,3
96223,1,4,2,4
96225,0,2,1,3
96227,1,5,2,5
96239,10,30,11,21
96242,0,3,1,4
96246,5,14,6,10
96250,2,3,3,2
96252,10,22,11,13
96255,0,4,1,5
96257,3,6,4,4
96259,0,8,1,9
96264,1,3,2,3
96275,0,2,1,3
96277,0,8,1,9
96279,0,1,1,2
96281,468,1158,469,691
96283,23,92,24,70
96288,0,3,1,4
96290,0,7,1,8
96292,1,2,2,2
96298,0,2,1,3
96302,41,84,42,44
96304,31,60,32,30
96306,8,30,9,23
96314,94,263,95,170
96316,0,2,1,3
96337,5,16,6,12
96367,46,172,47,127
96373,68,124,69,57
96383,3,13,4,11
96401,9,20,10,12
96407,6,46,7,41
96411,68,135,69,68
96413,18,29,19,12
96415,15,45,16,31
96417,204,799,205,596
96419,14,27,15,14
96421,11,19,12,9
96423,0,14,1,15
96428,8,16,9,9
96430,49,203,50,155
96432,433,1060,434,628
96435,1,6,2,6
96448,9,150,10,142
96451,3,11,4,9
96456,18,101,19,84
96460,6,20,7,15
96467,51,197,52,147
96471,24,43,25,20
96473,34,56,35,23
96479,0,6,1,7
96481,0,1,1,2
96486,14,26,15,13
96488,932,1321,933,390
96490,36,199,37,164
96498,1,15,2,15
96501,39,112,40,74
96504,0,1,1,2
96510,4,46,5,43
96512,7,28,8,22
96514,0,10,1,11
96518,12,18,13,7
96520,25,51,26,27
96522,1,3,2,3
96524,0,2,1,3
96530,2,8,3,7
96532,0,1,1,2
96535,0,4,1,5
96537,2,23,3,22
96539,0,1,1,2
96543,5,20,6,16
96545,3,13,4,11
96547,2,7,3,6
96563,87,155,88,69
96565,50,240,51,191
96567,112,309,113,198
96569,13,36,14,24
96571,1,5,2,5
96574,5,10,6,6
96576,0,3,1,4
96578,9,18,10,10
96585,0,2,1,3
96588,1889,3856,1890,1968
96590,11,95,12,85
96592,16,43,17,28
96594,2,7,3,6
96596,15,79,16,65
96598,0,1,1,2
96603,0,2,1,3
96606,698,954,699,257
96608,16,32,17,17
96610,5152,10012,5153,4861
96612,86,290,87,205
96616,79,388,80,310
96621,19,82,20,64
96629,3,34,4,32
96631,2,16,3,15
96634,11,69,12,59
96638,9,18,10,10
96640,4,10,5,7
96642,0,2,1,3
96644,10,24,11,15
96651,1,4,2,4
96653,1,10,2,10
96655,496,998,497,503
96664,18,53,19,36
96667,51,104,52,54
96679,1,5,2,5
96681,2,6,3,5
96687,10,44,11,35
96689,1,3,2,3
96691,338,1143,339,806
96693,77,330,78,254
96695,0,1,1,2
96697,2,5,3,4
96700,19,68,20,50
96702,1,1,2,1
96704,2,2,3,1
96706,1,1,2,1
96710,0,6,1,7
96717,1,3,2,3
96722,1,2,2,2
96724,3,7,4,5
96726,14,43,15,30
96728,886,1722,887,837
96730,0,2,1,3
96732,0,3,1,4
96734,1,4,2,4
96737,1687,3495,1688,1809
96739,0,4,1,5
96751,117,385,118,269
96753,8,19,9,12
96755,0,5,1,6
96757,0,2,1,3
96759,1,3,2,3
96762,6,29,7,24
96771,2,3,3,2
96773,0,5,1,6
96775,2,4,3,3
96792,1,5,2,5
96794,0,6,1,7
96796,0,5,1,6
96799,1,1,2,1
96801,3,17,4,15
96805,0,7,1,8
96807,2,7,3,6
96811,1141,1915,1142,775
96813,0,2,1,3
96815,165,532,166,368
96817,5,9,6,5
96821,3823,6240,3824,2418
96829,2347,3073,2348,727
96832,340,636,341,297
96834,17,45,18,29
96836,4,10,5,7
96840,2,10,3,9
96842,2,3,3,2
96849,8,29,9,22
96853,2,38,3,37
96857,90,291,91,202
96861,534,1916,535,1383
96863,36,152,37,117
96865,2,5,3,4
96868,28,46,29,19
96870,3,8,4,6
96872,0,3,1,4
96897,15,35,16,21
96903,0,2,1,3
96907,2,5,3,4
96911,206,375,207,170
96917,52,270,53,219
96921,0,6,1,7
96925,1,4,2,4
96933,3,12,4,10
96935,6,9,7,4
96941,10,30,11,21
96943,5,16,6,12
96945,11,29,12,19
96947,4,8,5,5
96950,3,8,4,6
96952,10,28,11,19
96954,0,5,1,6
96960,0,2,1,3
96962,1,1,2,1
96964,30,159,31,130
96966,116,171,117,56
96969,48,116,49,69
96971,1,9,2,9
96973,2,5,3,4
96975,33,149,34,117
96983,1,6,2,6
96985,5,12,6,8
96991,39,96,40,58
96993,2,4,3,3
97002,14,33,15,20
97005,2,16,3,15
97008,0,2,1,3
97024,267,498,268,232
97026,0,3,1,4
97029,0,9,1,10
97031,3,17,4,15
97035,0,11,1,12
97037,0,3,1,4
97039,0,3,1,4
97042,4,11,5,8
97046,6,16,7,11
97051,6,27,7,22
97057,154,343,155,190
97059,10,34,11,25
97061,1,3,2,3
97065,26,64,27,39
97068,1,4,2,4
97070,0,2,1,3
97073,0,3,1,4
97092,1,4,2,4
97096,2,8,3,7
97115,1,1,2,1
97117,0,1,1,2
97119,0,3,1,4
97124,0,1,1,2
97128,0,6,1,7
97132,20,50,21,31
97134,2,2,3,1
97137,0,1,1,2
97139,0,2,1,3
97146,1,2,2,2
97148,0,5,1,6
97151,0,2,1,3
97153,6,10,7,5
97161,1,3,2,3
97163,0,2,1,3
97165,0,6,1,7
97168,86,161,87,76
97172,296,890,297,595
97175,10,29,11,20
97177,6,13,7,8
97184,4,5,5,2
97186,9,23,10,15
97188,605,1404,606,800
97194,111,176,112,66
97196,8,14,9,7
97200,2,10,3,9
97220,1,13,2,13
97225,963,2191,964,1229
97227,1,2,2,2
97232,16,103,17,88
97234,8,14,9,7
97236,1,3,2,3
97238,1,5,2,5
97240,0,2,1,3
97242,2,14,3,13
97244,7,19,8,13
97246,1,9,2,9
97250,1,8,2,8
97252,0,5,1,6
97254,1,4,2,4
97256,6,19,7,14
97280,28,71,29,44
97283,1,8,2,8
97285,1,14,2,14
97296,0,14,1,15
97302,20,45,21,26
97304,4806,8302,4807,3497
97306,1555,3095,1556,1541
97308,4,33,5,30
97311,68,208,69,141
97319,0,3,1,4
97324,17,84,18,68
97326,19,44,20,26
97328,110,297,111,188
97330,1,11,2,11
97332,2,5,3,4
97334,1,4,2,4
97382,2,7,3,6
97384,1,12,2,12
97386,2,6,3,5
97388,15,46,16,32
97390,7,26,8,20
97393,93,144,94,52
97395,98,154,99,57
97397,12,21,13,10
97401,9,21,10,13
97423,14,30,15,17
97455,17,34,18,18
97457,1,2,2,2
97460,0,5,1,6
97462,24,126,25,103
97464,1,4,2,4
97466,0,4,1,5
97468,2,7,3,6
97470,5,53,6,49
97494,0,3,1,4
97526,1,12,2,12
97533,2,6,3,5
97536,1,3,2,3
97538,0,2,1,3
97540,9,18,10,10
97544,3,4,4,2
97548,0,2,1,3
97550,2,5,3,4
97593,5,21,6,17
97595,4,8,5,5
97597,3,17,4,15
97600,1,7,2,7
97615,3,6,4,4
97639,41,77,42,37
97643,22,155,23,134
97646,0,1,1,2
97660,6,16,7,11
97662,5,28,6,24
97665,17,90,18,74
97667,0,3,1,4
97670,0,2,1,3
97673,132,185,133,54
97680,0,1,1,2
97685,0,3,1,4
97688,0,4,1,5
97690,1,2,2,2
97692,36,81,37,46
97694,2,26,3,25
97697,7,36,8,30
97699,8,24,9,17
97701,48,287,49,240
97703,2,13,3,12
97705,0,4,1,5
97707,0,3,1,4
97709,10,32,11,23
97711,0,2,1,3
97713,0,7,1,8
97715,4,23,5,20
97722,2,20,3,19
97724,5,14,6,10
97726,0,2,1,3
97730,1,5,2,5
97732,1,6,2,6
97740,4,24,5,21
97742,14,126,15,113
97744,43,78,44,36
97752,2855,5750,2856,2896
97755,1,1,2,1
97757,25,99,26,75
97759,1,1,2,1
97765,0,4,1,5
97768,2,10,3,9
97775,1,6,2,6
97779,24,52,25,29
97785,48,278,49,231
97792,0,7,1,8
97797,10,26,11,17
97799,1,9,2,9
97801,1,5,2,5
97806,1,4,2,4
97808,0,4,1,5
97815,2,4,3,3
97817,3,6,4,4
97819,2,18,3,17
97821,0,3,1,4
97823,3,7,4,5
97826,10,23,11,14
97828,6,13,7,8
97832,49,111,50,63
97834,9,38,10,30
97836,129,496,130,368
97845,1,2,2,2
97853,0,7,1,8
97855,0,2,1,3
97858,10,28,11,19
97860,215,731,216,517
97866,373,640,374,268
97868,13,27,14,15
97870,161,335,162,175
97872,1,1,2,1
97878,0,1,1,2
97880,11,23,12,13
97882,2,13,3,12
97884,1,6,2,6
97886,3,6,4,4
97895,5,23,6,19
97904,30,95,31,66
97906,7,11,8,5
97908,13,73,14,61
97910,0,1,1,2
97913,3773,6768,3774,2996
97915,0,3,1,4
97917,1,5,2,5
97919,0,2,1,3
97921,5047,9121,5048,4075
97923,1313,2742,1314,1430
97933,28,55,29,28
97936,231,610,232,380
97938,4368,8002,4369,3635
97940,2,5,3,4
97946,8,56,9,49
97950,51,266,52,216
97955,0,1,1,2
97957,57,152,58,96
97959,15,30,16,16
97966,4,51,5,48
97968,1,20,2,20
97971,0,6,1,7
97984,86,125,87,40
97986,6,23,7,18
97988,37,148,38,112
97994,0,4,1,5
97998,1,26,2,26
98000,5,23,6,19
98002,3,6,4,4
98004,1,3,2,3
98007,0,1,1,2
98013,5,49,6,45
98015,4,20,5,17
98017,78,137,79,60
98019,16,54,17,39
98022,11,29,12,19
98027,0,3,1,4
98030,0,4,1,5
98032,1,2,2,2
98036,9,27,10,19
98045,4,7,5,4
98052,1,25,2,25
98054,11,172,12,162
98056,537,851,538,315
98059,3,4,4,2
98061,10,32,11,23
98063,1,3,2,3
98065,14,25,15,12
98067,4,16,5,13
98069,1,8,2,8
98072,1,4,2,4
98078,0,4,1,5
98087,24,100,25,77
98107,3,15,4,13
98109,8,32,9,25
98111,3,8,4,6
98114,0,3,1,4
98116,3,29,4,27
98122,231,423,232,193
98126,15,42,16,28
98131,4,5,5,2
98140,1,7,2,7
98142,3,5,4,3
98144,4,6,5,3
98151,2,4,3,3
98154,1335,2663,1336,1329
98160,1,13,2,13
98162,0,1,1,2
98167,1,6,2,6
98169,2,3,3,2
98171,2,3,3,2
98173,5,8,6,4
98175,9,49,10,41
98183,2,5,3,4
98189,13,37,14,25
98191,1,2,2,2
98193,50,93,51,44
98198,56,90,57,35
98200,3,10,4,8
98203,388,1569,389,1182
98211,1,2,2,2
98213,0,2,1,3
98217,5,16,6,12
98219,1,5,2,5
98221,2,6,3,5
98224,0,2,1,3
98228,2,3,3,2
98230,19,105,20,87
98237,2,22,3,21
98239,55,311,56,257
98241,7,8,8,2
98243,919,1963,920,1045
98246,3,27,4,25
98248,1,4,2,4
98251,4,7,5,4
98253,2,4,3,3
98261,0,5,1,6
98271,1,2,2,2
98273,4,6,5,3
98275,7,14,8,8
98277,4,11,5,8
98279,39,130,40,92
98284,1,8,2,8
98286,0,5,1,6
98288,1,5,2,5
98294,0,3,1,4
98296,30,165,31,136
98298,7,14,8,8
98304,0,6,1,7
98306,0,2,1,3
98323,0,2,1,3
98325,0,3,1,4
98328,2,5,3,4
98335,2,2,3,1
98339,0,2,1,3
98341,3,11,4,9
98344,0,2,1,3
98346,0,1,1,2
98348,0,2,1,3
98353,0,4,1,5
98358,3,11,4,9
98361,107,295,108,189
98373,119,268,120,150
98376,0,2,1,3
98378,1,11,2,11
98381,3,34,4,32
98385,0,2,1,3
98387,1,3,2,3
98389,0,1,1,2
98394,3,7,4,5
98400,15,56,16,42
98402,3,21,4,19
98409,0,1,1,2
98411,0,1,1,2
98437,2,4,3,3
98439,0,3,1,4
98441,4,9,5,6
98443,5,9,6,5
98449,2,10,3,9
98456,0,1,1,2
98458,1,5,2,5
98460,3,7,4,5
98464,2,5,3,4
98467,0,4,1,5
98469,1,7,2,7
98473,2,8,3,7
98475,2,6,3,5
98477,3,11,4,9
98485,14,31,15,18
98491,1976,2633,1977,658
98493,0,5,1,6
98497,0,6,1,7
98499,5,23,6,19
98501,1,13,2,13
98503,0,9,1,10
98507,0,1,1,2
98509,3,8,4,6
98511,9,18,10,10
98518,0,2,1,3
98520,2,8,3,7
98552,6,28,7,23
98558,2,12,3,11
98560,1,3,2,3
98566,0,2,1,3
98570,11,43,12,33
98581,0,1,1,2
98583,2,4,3,3
98585,114,433,115,320
98587,18,41,19,24
98589,2,10,3,9
98591,3,9,4,7
98593,1,3,2,3
98595,4,9,5,6
98601,0,1,1,2
98604,234,399,235,166
98607,123,217,124,95
98609,0,1,1,2
98611,1,5,2,5
98613,0,1,1,2
98617,0,1,1,2
98619,1,1,2,1
98621,5,19,6,15
98623,4,25,5,22
98629,10,32,11,23
98631,6,17,7,12
98633,5,15,6,11
98636,4,14,5,11
98643,0,1,1,2
98693,3,5,4,3
98695,3,7,4,5
98697,3,12,4,10
98751,0,1,1,2
98755,3,21,4,19
98757,1,5,2,5
98759,5,19,6,15
98766,4,9,5,6
98768,4,10,5,7
98783,1,7,2,7
98786,0,7,1,8
98788,0,2,1,3
98797,45,97,46,53
98799,2,18,3,17
98803,0,3,1,4
98805,1,4,2,4
98807,2,4,3,3
98809,5876,10908,5877,5033
98815,0,1,1,2
98819,0,1,1,2
98823,0,1,1,2
98825,2,4,3,3
98829,4,8,5,5
98834,4,7,5,4
98836,19,92,20,74
98838,4,48,5,45
98840,2,9,3,8
98842,1,7,2,7
98845,3,15,4,13
98847,3,16,4,14
98850,1,4,2,4
98852,10,23,11,14
98854,2,9,3,8
98859,1,4,2,4
98861,2,6,3,5
98911,1,4,2,4
98913,4,9,5,6
98922,15,25,16,11
98924,0,2,1,3
98927,5,12,6,8
98929,0,1,1,2
98931,0,1,1,2
98933,9,14,10,6
98936,0,1,1,2
98938,0,3,1,4
98943,1,1,2,1
98949,2,9,3,8
98956,77,140,78,64
98958,1,3,2,3
98961,1974,3573,1975,1600
98963,18,49,19,32
98973,42,77,43,36
98975,35,121,36,87
98981,21,70,22,50
98983,2,17,3,16
98985,14,42,15,29
98989,3,11,4,9
98991,1,3,2,3
98994,4,19,5,16
98996,6,10,7,5
99007,808,2261,809,1454
99024,4,24,5,21
99026,4,9,5,6
99028,3,10,4,8
99030,33,89,34,57
99041,6,26,7,21
99043,3,13,4,11
99045,18,28,19,11
99047,24,81,25,58
99050,2,9,3,8
99054,2,10,3,9
99056,1,10,2,10
99058,15,48,16,34
99061,4,20,5,17
99064,1,10,2,10
99068,3,6,4,4
99085,0,1,1,2
99087,23,98,24,76
99089,4,7,5,4
99091,2,5,3,4
99106,27,177,28,151
99108,4,18,5,15
99110,15,58,16,44
99112,1340,3112,1341,1773
99114,14610,20687,14611,6078
99117,197,806,198,610
99122,3,9,4,7
99124,2,27,3,26
99126,2,10,3,9
99143,18,42,19,25
99145,474,1042,475,569
99149,1110,2243,1111,1134
99169,0,4,1,5
99171,3,7,4,5
99173,1,4,2,4
99178,22,64,23,43
99182,1,9,2,9
99191,7,24,8,18
99210,0,2,1,3
99217,11,47,12,37
99220,62,165,63,104
99222,2,22,3,21
99240,1,1,2,1
99243,1,1,2,1
99246,7,27,8,21
99249,3,9,4,7
99251,0,3,1,4
99258,7,19,8,13
99260,1,6,2,6
99270,0,3,1,4
99273,0,4,1,5
99276,1,6,2,6
99279,3,4,4,2
99285,1,1,2,1
99287,1,3,2,3
99289,0,1,1,2
99294,7,17,8,11
99305,74,126,75,53
99308,0,4,1,5
99314,0,2,1,3
99325,2,4,3,3
99327,0,12,1,13
99337,3,4,4,2
99343,2,7,3,6
99345,0,1,1,2
99347,0,2,1,3
99351,1,18,2,18
99355,2,8,3,7
99364,2,13,3,12
99367,9,39,10,31
99371,28,115,29,88
99373,8,26,9,19
99380,3,16,4,14
99384,1,6,2,6
99387,7,20,8,14
99395,0,8,1,9
99397,6,13,7,8
99400,0,11,1,12
99402,5,20,6,16
99413,18,51,19,34
99415,28,93,29,66
99417,1,15,2,15
99434,9,24,10,16
99437,214,523,215,310
99439,0,1,1,2
99441,5,13,6,9
99444,2,8,3,7
99446,0,1,1,2
99452,3,8,4,6
99468,85,133,86,49
99470,74,210,75,137
99478,3,11,4,9
99487,3,25,4,23
99489,1,1,2,1
99493,4,6,5,3
99495,1,8,2,8
99497,0,2,1,3
99499,0,11,1,12
99502,5,23,6,19
99513,2,6,3,5
99515,2,2,3,1
99517,0,2,1,3
99519,0,1,1,2
99521,1,3,2,3
99523,4,12,5,9
99525,1,21,2,21
99530,52,125,53,74
99537,34,97,35,64
99539,0,6,1,7
99549,2,21,3,20
99560,5,13,6,9
99562,1,2,2,2
99564,0,4,1,5
99566,0,1,1,2
99570,0,2,1,3
99574,48,212,49,165
99591,3,10,4,8
99594,1,10,2,10
99596,0,4,1,5
99598,0,7,1,8
99600,1,7,2,7
99602,12,25,13,14
99607,2,8,3,7
99611,0,3,1,4
99613,8,19,9,12
99615,2,10,3,9
99633,12,58,13,47
99636,37,74,38,38
99638,13,26,14,14
99640,13,28,14,16
99642,18,40,19,23
99644,3,10,4,8
99659,0,4,1,5
99663,1,4,2,4
99665,1,8,2,8
99667,2,3,3,2
99669,8,28,9,21
99671,0,2,1,3
99673,1,2,2,2
99675,11,22,12,12
99677,1,7,2,7
99687,2,14,3,13
99689,4,7,5,4
99691,3,15,4,13
99695,5,25,6,21
99699,0,2,1,3
99706,1,5,2,5
99708,5,12,6,8
99717,0,1,1,2
99721,26,138,27,113
99724,3,6,4,4
99726,0,3,1,4
99728,249,922,250,674
99731,2,23,3,22
99733,2,11,3,10
99735,0,2,1,3
99737,0,3,1,4
99739,0,12,1,13
99741,25,135,26,111
99744,1,13,2,13
99746,3,26,4,24
99750,92,300,93,209
99758,0,3,1,4
99760,2,5,3,4
99764,288,406,289,119
99768,1,8,2,8
99787,18,129,19,112
99792,2,6,3,5
99795,23,57,24,35
99798,1,3,2,3
99807,1,4,2,4
99809,8,15,9,8
99811,34,58,35,25
99815,1,4,2,4
99820,1,13,2,13
99822,3,14,4,12
99826,4,12,5,9
99839,15,33,16,19
99841,14,37,15,24
99843,11,24,12,14
99846,18,33,19,16
99848,0,1,1,2
99850,0,5,1,6
99853,2,7,3,6
99855,0,7,1,8
99866,0,3,1,4
99889,7,15,8,9
99893,1,3,2,3
99895,2,7,3,6
99901,0,2,1,3
99904,0,6,1,7
99906,8,30,9,23
99910,152,729,153,578
99912,257,899,258,643
99915,1,9,2,9
99917,398,781,399,384
99919,0,1,1,2
99922,0,3,1,4
99925,4,9,5,6
99933,0,2,1,3
99939,1,2,2,2
99941,0,4,1,5
99946,2,5,3,4
99957,39,252,40,214
99960,4,6,5,3
99962,10,16,11,7
99964,19,43,20,25
99968,18,72,19,55
99970,2,3,3,2
99986,37,81,38,45
99989,6,9,7,4
99992,17,67,18,51
99996,45,108,46,64
99999,2,5,3,4
100001,1,3,2,3
100003,2,3,3,2
100008,6,14,7,9
100015,0,3,1,4
100017,5,26,6,22
100032,8,18,9,11
100034,7,36,8,30
100036,4,17,5,14
100038,5,13,6,9
100040,0,3,1,4
100042,1,4,2,4
100044,259,326,260,68
100046,18,28,19,11
100048,2,10,3,9
100052,0,11,1,12
100054,1,5,2,5
100056,0,11,1,12
100058,12,24,13,13
100060,25,38,26,14
100062,21,41,22,21
100070,6,13,7,8
100072,1,6,2,6
100075,2,17,3,16
100077,2,5,3,4
100079,0,3,1,4
100081,3,7,4,5
100083,107,592,108,486
100087,3,26,4,24
100091,0,6,1,7
100096,1,6,2,6
100099,4,5,5,2
100101,2,3,3,2
100103,0,3,1,4
100106,147,242,148,96
100108,153,538,154,386
100131,0,2,1,3
100138,21,28,22,8
100143,4,11,5,8
100145,2,3,3,2
100150,6,25,7,20
100155,1,3,2,3
100157,3,18,4,16
100159,78,230,79,153
100161,0,2,1,3
100163,311,1287,312,977
100167,1,4,2,4
100169,13,85,14,73
100171,1,9,2,9
100173,0,10,1,11
100180,0,5,1,6
100183,1,2,2,2
100185,39,73,40,35
100194,42,65,43,24
100196,21,36,22,16
100198,0,3,1,4
100200,1,7,2,7
100203,0,1,1,2
100205,4,21,5,18
100210,7,14,8,8
100229,1,5,2,5
100232,0,2,1,3
100238,9,28,10,20
100240,4,10,5,7
100244,116,331,117,216
100246,2,3,3,2
100248,3,13,4,11
100251,0,7,1,8
100253,1,2,2,2
100255,0,2,1,3
100257,0,1,1,2
100259,1,3,2,3
100264,3,9,4,7
100270,6,17,7,12
100272,46,78,47,33
100275,1,8,2,8
100277,26,49,27,24
100287,5,12,6,8
100289,11,15,12,5
100291,2,5,3,4
100294,0,1,1,2
100302,208,631,209,424
100304,4,30,5,27
100308,4,11,5,8
100315,0,1,1,2
100322,14,54,15,41
100324,1,5,2,5
100326,42,212,43,171
100328,3,16,4,14
100330,1,2,2,2
100334,0,2,1,3
100336,26,52,27,27
100338,1,2,2,2
100344,111,204,112,94
100347,1,3,2,3
100359,20,78,21,59
100361,0,5,1,6
100365,4,9,5,6
100368,4,11,5,8
100370,0,2,1,3
100372,0,4,1,5
100383,673,1593,674,921
100385,1,9,2,9
100387,0,6,1,7
100390,207,915,208,709
100395,1,4,2,4
100397,25,139,26,115
100401,4,28,5,25
100404,5,14,6,10
100406,1,10,2,10
100411,0,1,1,2
100415,1,2,2,2
100419,1,4,2,4
100421,0,3,1,4
100423,2,8,3,7
100426,15,38,16,24
100436,68,113,69,46
100438,3,26,4,24
100440,56,121,57,66
100442,10,24,11,15
100444,10,22,11,13
100446,1,2,2,2
100448,0,1,1,2
100457,2,16,3,15
100463,2,3,3,2
100465,0,1,1,2
100467,0,2,1,3
100469,15,117,16,103
100483,1,3,2,3
100485,17,45,18,29
100487,164,498,165,335
100490,0,1,1,2
100492,0,6,1,7
100496,0,2,1,3
100498,168,1123,169,956
100503,0,2,1,3
100505,3,13,4,11
100507,89,317,90,229
100509,44,71,45,28
100511,21,34,22,14
100513,6,25,7,20
100515,17,43,18,27
100517,2,12,3,11
100519,1,2,2,2
100521,2,4,3,3
100527,303,617,304,315
100529,8,30,9,23
100534,0,1,1,2
100536,1,3,2,3
100538,8,20,9,13
100540,7,22,8,16
100556,521,735,522,215
100559,0,2,1,3
100562,5,11,6,7
100567,5,11,6,7
100570,0,1,1,2
100574,0,7,1,8
100577,1,3,2,3
100579,16,101,17,86
100581,76,240,77,165
100583,0,11,1,12
100588,2,6,3,5
100591,1,4,2,4
100593,6,17,7,12
100595,2,4,3,3
100611,29,172,30,144
100613,0,2,1,3
100642,0,1,1,2
100647,1,4,2,4
100653,0,1,1,2
100655,0,1,1,2
100714,1371,2000,1372,630
100717,8,55,9,48
100719,2,5,3,4
100721,0,7,1,8
100725,4,7,5,4
100727,1,6,2,6
100737,64,284,65,221
100739,0,6,1,7
100741,0,3,1,4
100743,1,7,2,7
100745,136,253,137,118
100799,6,7,7,2
100810,112,402,113,291
100823,1,3,2,3
100836,1,6,2,6
100838,0,2,1,3
100843,95,173,96,79
100882,54,101,55,48
100884,1,1,2,1
100904,2,5,3,4
100906,9,38,10,30
100942,0,4,1,5
100944,4,13,5,10
100946,3,14,4,12
100948,6,20,7,15
101003,9,21,10,13
101006,0,1,1,2
101016,3,7,4,5
101018,9,16,10,8
101022,0,2,1,3
101025,171,785,172,615
101058,1,2,2,2
101060,9,61,10,53
101062,3,7,4,5
101064,2,7,3,6
101068,5,14,6,10
101070,83,146,84,64
101072,2,9,3,8
101074,57,119,58,63
101076,187,953,188,767
101079,23,46,24,24
101086,1,7,2,7
101088,316,787,317,472
101097,10,57,11,48
101104,6,12,7,7
101106,107,188,108,82
101112,276,1440,277,1165
101123,0,6,1,7
101127,2,16,3,15
101133,1,2,2,2
101137,58,257,59,200
101142,704,1815,705,1112
101156,0,2,1,3
101158,1,8,2,8
101160,2,6,3,5
101162,5,7,6,3
101168,1,17,2,17
101170,3,31,4,29
101176,0,1,1,2
101178,0,1,1,2
101180,1,17,2,17
101186,37,96,38,60
101188,1,4,2,4
101197,2,11,3,10
101200,0,3,1,4
101204,1,3,2,3
101207,20,80,21,61
101210,19,45,20,27
101212,1,8,2,8
101214,1,5,2,5
101216,0,1,1,2
101218,13,31,14,19
101220,1,5,2,5
101222,3,22,4,20
101224,1,6,2,6
101226,1,4,2,4
101233,0,8,1,9
101235,9,17,10,9
101239,0,4,1,5
101241,4,13,5,10
101243,9,33,10,25
101245,1,4,2,4
101247,3,15,4,13
101249,0,6,1,7
101258,17,47,18,31
101260,28,90,29,63
101262,44,114,45,71
101264,0,1,1,2
101273,4,29,5,26
101281,22,134,23,113
101283,53,424,54,372
101285,254,859,255,606
101287,5,11,6,7
101289,0,5,1,6
101294,0,4,1,5
101296,39,139,40,101
101299,1,3,2,3
101301,0,10,1,11
101303,3,8,4,6
101305,1,6,2,6
101307,1,5,2,5
101319,6,11,7,6
101322,5,16,6,12
101335,5,10,6,6
101337,0,5,1,6
101339,0,5,1,6
101341,0,4,1,5
101350,4,18,5,15
101352,3,15,4,13
101355,1,7,2,7
101360,190,495,191,306
101362,469,1543,470,1075
101371,0,1,1,2
101373,0,2,1,3
101375,0,4,1,5
101379,0,14,1,15
101381,1,6,2,6
101383,1,5,2,5
101388,0,2,1,3
101400,1,5,2,5
101402,0,4,1,5
101405,1,3,2,3
101409,0,2,1,3
101413,4,22,5,19
101415,214,440,215,227
101425,14,20,15,7
101428,4,14,5,11
101431,2,7,3,6
101433,0,1,1,2
101446,0,3,1,4
101448,1,6,2,6
101450,2,8,3,7
101456,3,11,4,9
101458,0,12,1,13
101466,2,8,3,7
101470,0,3,1,4
101476,0,7,1,8
101481,0,1,1,2
101485,0,4,1,5
101487,0,1,1,2
101489,0,10,1,11
101498,111,218,112,108
101505,0,3,1,4
101510,0,1,1,2
101525,848,1689,849,842
101527,35,75,36,41
101529,42,137,43,96
101531,11,48,12,38
101534,0,3,1,4
101536,7,12,8,6
101577,234,731,235,498
101579,7,12,8,6
101581,2,3,3,2
101583,1,10,2,10
101585,2,5,3,4
101590,6,9,7,4
101592,3,6,4,4
101595,0,3,1,4
101597,10,22,11,13
101599,5,25,6,21
101606,4,8,5,5
101612,39,300,40,262
101614,1,13,2,13
101627,1,5,2,5
101629,7,16,8,10
101636,0,1,1,2
101640,23,64,24,42
101642,0,3,1,4
101646,3,6,4,4
101648,4,18,5,15
101650,2,4,3,3
101653,11,19,12,9
101662,0,5,1,6
101664,3,14,4,12
101666,0,4,1,5
101670,9,24,10,16
101674,1,12,2,12
101680,0,3,1,4
101682,0,1,1,2
101685,10,14,11,5
101687,8,39,9,32
101689,3,7,4,5
101692,0,2,1,3
101695,2,3,3,2
101703,2,9,3,8
101706,1,1,2,1
101708,0,11,1,12
101710,10,32,11,23
101715,0,5,1,6
101717,4,9,5,6
101719,14,42,15,29
101726,0,1,1,2
101728,0,3,1,4
101730,0,1,1,2
101732,0,1,1,2
101734,1,10,2,10
101739,298,851,299,554
101741,212,683,213,472
101747,2,14,3,13
101749,2,7,3,6
101754,2,5,3,4
101756,2,26,3,25
101761,14,132,15,119
101763,14,45,15,32
101765,24,59,25,36
101767,3,8,4,6
101770,4,10,5,7
101782,1,6,2,6
101794,0,1,1,2
101799,1,4,2,4
101801,9,17,10,9
101803,1,4,2,4
101812,1,8,2,8
101820,0,1,1,2
101823,0,3,1,4
101825,1,5,2,5
101827,0,7,1,8
101829,0,1,1,2
101833,0,4,1,5
101835,0,2,1,3
101844,0,2,1,3
101846,5,5,6,1
101848,14,17,15,4
101850,132,176,133,45
101855,2,4,3,3
101857,7,15,8,9
101862,1,3,2,3
101864,2587,5339,2588,2753
101872,4,12,5,9
101878,0,1,1,2
101880,12,28,13,17
101884,1,17,2,17
101887,2,7,3,6
101891,17,34,18,18
101893,51,160,52,110
101895,318,622,319,305
101897,3,7,4,5
101902,1,5,2,5
101904,28,58,29,31
101916,0,2,1,3
101918,3,10,4,8
101920,0,2,1,3
101935,0,1,1,2
101938,1,8,2,8
101940,7,10,8,4
101942,12,58,13,47
101944,0,1,1,2
101947,5,11,6,7
101950,0,1,1,2
101954,0,4,1,5
101957,0,1,1,2
101962,476,689,477,214
101964,15,24,16,10
101967,0,6,1,7
101969,20,31,21,12
101971,29,55,30,27
101973,223,422,224,200
101975,2,12,3,11
101979,0,3,1,4
101986,1,3,2,3
101989,0,6,1,7
101991,0,3,1,4
101997,39,274,40,236
101999,3,6,4,4
102005,30,79,31,50
102012,2,5,3,4
102025,0,11,1,12
102028,3,6,4,4
102033,273,973,274,701
102037,1,10,2,10
102039,2,3,3,2
102047,0,12,1,13
102049,2,5,3,4
102062,28,59,29,32
102064,2,7,3,6
102066,58,168,59,111
102070,57,173,58,117
102072,32,163,33,132
102080,0,1,1,2
102088,47,214,48,168
102090,0,1,1,2
102093,0,3,1,4
102109,0,1,1,2
102111,5,18,6,14
102113,1,11,2,11
102115,0,6,1,7
102119,0,4,1,5
102123,1036,2931,1037,1896
102125,3682,8265,3683,4584
102131,3,5,4,3
102133,0,1,1,2
102138,0,7,1,8
102152,6,18,7,13
102156,0,1,1,2
102158,1,2,2,2
102160,21,139,22,119
102171,4,7,5,4
102174,10,24,11,15
102176,0,2,1,3
102178,0,6,1,7
102180,1,4,2,4
102188,3,16,4,14
102194,1090,2119,1091,1030
102199,2,10,3,9
102213,1,7,2,7
102219,1,1,2,1
102233,2,7,3,6
102235,0,9,1,10
102245,18,53,19,36
102248,0,5,1,6
102263,7,27,8,21
102273,0,3,1,4
102275,4,12,5,9
102286,11,46,12,36
102292,0,2,1,3
102294,12,24,13,13
102297,1,1,2,1
102303,5,14,6,10
102323,6,7,7,2
102325,3,9,4,7
102327,0,5,1,6
102354,6,49,7,44
102356,7,31,8,25
102373,1,4,2,4
102378,23,69,24,47
102388,0,6,1,7
102396,7,27,8,21
102399,0,2,1,3
102403,0,4,1,5
102407,2039,4646,2040,2608
102411,3,10,4,8
102413,4,11,5,8
102415,0,4,1,5
102417,2,4,3,3
102419,1,4,2,4
102421,0,2,1,3
102425,0,14,1,15
102429,2,5,3,4
102432,3,13,4,11
102436,0,2,1,3
102445,4328,7463,4329,3136
102450,0,1,1,2
102456,1,1,2,1
102469,10,34,11,25
102481,380,1480,381,1101
102483,10,19,11,10
102485,13,23,14,11
102487,0,3,1,4
102495,3,4,4,2
102499,1,1,2,1
102509,0,5,1,6
102514,2,14,3,13
102517,12,23,13,12
102521,2,16,3,15
102523,3,3,4,1
102526,1,2,2,2
102529,0,2,1,3
102535,9,23,10,15
102544,0,1,1,2
102557,8,25,9,18
102588,107,195,108,89
102590,8,20,9,13
102596,16,27,17,12
102602,96,143,97,48
102604,13,34,14,22
102606,1,2,2,2
102662,2,22,3,21
102664,0,2,1,3
102666,417,553,418,137
102672,6,6,7,1
102675,2,3,3,2
102677,7,29,8,23
102682,6,41,7,36
102684,207,638,208,432
102686,491,1931,492,1441
102688,1,6,2,6
102716,836,2118,837,1283
102720,223,739,224,517
102742,7,8,8,2
102744,1,2,2,2
102747,8,25,9,18
102751,0,3,1,4
102753,206,336,207,131
102760,9,25,10,17
102765,2,4,3,3
102777,4,9,5,6
102779,0,1,1,2
102794,0,3,1,4
102796,0,2,1,3
102798,17,45,18,29
102800,525,928,526,404
102804,2,6,3,5
102807,1,5,2,5
102817,1,6,2,6
102819,87,271,88,185
102821,1,4,2,4
102823,6,10,7,5
102826,9,18,10,10
102828,0,4,1,5
102830,1,3,2,3
102845,1,1,2,1
102854,5,37,6,33
102856,6,29,7,24
102860,0,2,1,3
102862,2,5,3,4
102868,2,7,3,6
102870,2,4,3,3
102876,9,22,10,14
102878,0,2,1,3
102880,130,1234,131,1105
102893,0,2,1,3
102895,0,2,1,3
102899,0,4,1,5
102901,1,11,2,11
102903,3482,6767,3483,3286
102905,33,166,34,134
102908,0,3,1,4
102910,1,4,2,4
102912,4,10,5,7
102917,4,7,5,4
102941,18,46,19,29
102947,1,2,2,2
102951,4,11,5,8
102953,4,12,5,9
102956,23,57,24,35
102961,1,4,2,4
102963,1,4,2,4
102965,0,2,1,3
102967,0,4,1,5
102969,0,2,1,3
102972,0,1,1,2
102974,3,12,4,10
102976,2,3,3,2
102980,2,5,3,4
102986,0,4,1,5
102989,9,16,10,8
102991,26,132,27,107
102993,773,1383,774,611
102995,6,15,7,10
102997,1,3,2,3
103003,1,2,2,2
103006,2,7,3,6
103008,1,11,2,11
103017,123,205,124,83
103027,88,211,89,124
103030,10,26,11,17
103036,0,3,1,4
103040,1,9,2,9
103042,1473,4933,1474,3461
103044,1,7,2,7
103048,371,740,372,370
103050,14,30,15,17
103052,0,2,1,3
103055,33,191,34,159
103057,21,33,22,13
103059,32,67,33,36
103071,1,2,2,2
103075,431,1701,432,1271
103078,0,5,1,6
103083,24,60,25,37
103085,12,69,13,58
103087,0,1,1,2
103089,1,1,2,1
103091,1,3,2,3
103101,2,3,3,2
103103,1,13,2,13
103105,1,18,2,18
103107,91,179,92,89
103112,2,3,3,2
103114,1,5,2,5
103118,1,1,2,1
103120,8,22,9,15
103130,4,8,5,5
103132,0,2,1,3
103135,0,1,1,2
103137,92,589,93,498
103139,1,3,2,3
103141,1907,4333,1908,2427
103162,1,2,2,2
103171,1,15,2,15
103175,5,7,6,3
103177,1,2,2,2
103180,0,1,1,2
103182,3,3,4,1
103186,1,7,2,7
103190,3,13,4,11
103203,14,38,15,25
103206,1,9,2,9
103208,8,20,9,13
103210,120,209,121,90
103219,40,198,41,159
103221,2,22,3,21
103228,1938,5191,1939,3254
103237,6,13,7,8
103243,0,2,1,3
103245,0,3,1,4
103249,2026,6144,2027,4119
103253,1547,5085,1548,3539
103255,33,81,34,49
103259,12,39,13,28
103266,1,8,2,8
103269,14,22,15,9
103271,6,11,7,6
103273,4,26,5,23
103275,24,64,25,41
103279,109,219,110,111
103282,2,5,3,4
103286,0,4,1,5
103288,5,15,6,11
103290,1,6,2,6
103292,0,2,1,3
103294,0,2,1,3
103296,0,1,1,2
103299,68,168,69,101
103301,0,9,1,10
103303,0,5,1,6
103306,301,869,302,569
103315,118,283,119,166
103317,4,9,5,6
103324,0,4,1,5
103328,1,2,2,2
103330,3,6,4,4
103333,0,8,1,9
103335,2090,4435,2091,2346
103339,480,1525,481,1046
103341,1539,3461,1540,1923
103343,0,7,1,8
103361,3,8,4,6
103363,1,7,2,7
103366,57,238,58,182
103372,625,1602,626,978
103374,1,3,2,3
103380,0,2,1,3
103384,363,1634,364,1272
103388,3,12,4,10
103406,0,2,1,3
103411,1,5,2,5
103418,0,3,1,4
103420,0,3,1,4
103422,2,7,3,6
103424,1,5,2,5
103435,0,2,1,3
103444,43,100,44,58
103446,4,5,5,2
103449,15,86,16,72
103452,5,15,6,11
103460,1,9,2,9
103474,25,55,26,31
103478,2,4,3,3
103483,73,280,74,208
103489,0,7,1,8
103502,1,6,2,6
103506,2,20,3,19
103515,0,3,1,4
103517,0,1,1,2
103521,15,31,16,17
103523,1,10,2,10
103525,11,30,12,20
103528,2,10,3,9
103534,37,74,38,38
103536,1,2,2,2
103539,575,1228,576,654
103541,53,163,54,111
103543,13,85,14,73
103545,1,3,2,3
103547,6,40,7,35
103549,72,127,73,56
103554,49,109,50,61
103557,0,3,1,4
103561,7,20,8,14
103563,1,4,2,4
103567,1,3,2,3
103570,0,7,1,8
103576,0,2,1,3
103598,4,7,5,4
103600,0,1,1,2
103604,2,4,3,3
103606,295,511,296,217
103611,1,4,2,4
103614,0,1,1,2
103617,0,1,1,2
103621,29,87,30,59
103624,241,484,242,244
103626,1,5,2,5
103629,5,6,6,2
103631,1,2,2,2
103633,1,1,2,1
103635,1,3,2,3
103637,1,2,2,2
103639,58,90,59,33
103641,3,15,4,13
103645,0,9,1,10
103647,0,2,1,3
103651,4,24,5,21
103653,0,8,1,9
103655,148,775,149,628
103657,3,18,4,16
103661,18,32,19,15
103663,0,1,1,2
103665,21,68,22,48
103671,1,10,2,10
103673,1,6,2,6
103676,1,2,2,2
103681,0,7,1,8
103683,2,6,3,5
103685,51,118,52,68
103688,1452,2833,1453,1382
103690,1,3,2,3
103692,1,1,2,1
103695,0,5,1,6
103721,9,65,10,57
103727,28,260,29,233
103729,1,4,2,4
103731,1,4,2,4
103736,18,58,19,41
103741,6,10,7,5
103743,0,9,1,10
103749,2,8,3,7
103751,10,19,11,10
103753,8,12,9,5
103755,143,628,144,486
103759,1,4,2,4
103769,0,1,1,2
103772,981,3165,982,2185
103774,0,1,1,2
103776,4,7,5,4
103779,0,1,1,2
103784,4,10,5,7
103787,1,6,2,6
103790,1,3,2,3
103792,11,18,12,8
103794,2,5,3,4
103801,133,451,134,319
103806,2,8,3,7
103810,714,1718,715,1005
103816,14,60,15,47
103819,7,46,8,40
103823,0,4,1,5
103825,3,30,4,28
103827,2,4,3,3
103829,1,2,2,2
103831,1,2,2,2
103836,1,7,2,7
103840,1,3,2,3
103842,2,3,3,2
103846,1,5,2,5
103849,120,197,121,78
103851,0,2,1,3
103863,5,7,6,3
103865,2,6,3,5
103867,45,106,46,62
103869,0,13,1,14
103871,4,7,5,4
103873,9,17,10,9
103875,1,1,2,1
103877,0,2,1,3
103881,0,1,1,2
103883,343,1028,344,686
103908,2,6,3,5
103910,0,3,1,4
103912,8,12,9,5
103920,1,2,2,2
103923,0,1,1,2
103935,7,19,8,13
103966,2,6,3,5
103972,16,52,17,37
103974,3,10,4,8
103978,2,9,3,8
103980,892,1877,893,986
103982,7,40,8,34
103984,543,804,544,262
103990,0,12,1,13
103994,2,6,3,5
104000,0,3,1,4
104002,0,1,1,2
104011,0,2,1,3
104013,8,16,9,9
104015,3,11,4,9
104028,2,11,3,10
104031,0,2,1,3
104033,3,14,4,12
104035,4,11,5,8
104039,0,10,1,11
104050,5,15,6,11
104054,0,2,1,3
104059,0,3,1,4
104061,0,3,1,4
104064,2,8,3,7
104066,3,5,4,3
104072,18,35,19,18
104074,195,778,196,584
104076,26,184,27,159
104078,147,317,148,171
104085,7,29,8,23
104089,40,89,41,50
104091,2,8,3,7
104093,17,32,18,16
104097,11,42,12,32
104099,5,23,6,19
104119,5,6,6,2
104123,2,17,3,16
104126,5,10,6,6
104132,0,7,1,8
104135,2,18,3,17
104137,40,141,41,102
104139,2,8,3,7
104153,0,4,1,5
104155,10,32,11,23
104175,0,9,1,10
104177,7,20,8,14
104211,1533,3532,1534,2000
104213,1,3,2,3
104218,100,519,101,420
104224,4,8,5,5
104226,0,4,1,5
104231,22,77,23,56
104233,7,17,8,11
104239,5,11,6,7
104241,577,2071,578,1495
104243,1048,2475,1049,1428
104245,48,284,49,237
104249,0,5,1,6
104264,0,1,1,2
104266,2,6,3,5
104270,0,7,1,8
104272,521,826,522,306
104274,28,129,29,102
104276,2,6,3,5
104280,2,11,3,10
104283,820,1241,821,422
104285,3,6,4,4
104294,0,6,1,7
104298,6,39,7,34
104303,148,541,149,394
104307,3,4,4,2
104309,0,1,1,2
104312,178,544,179,367
104314,7,18,8,12
104317,5,7,6,3
104319,13,33,14,21
104321,10,30,11,21
104335,2,14,3,13
104337,273,645,274,373
104339,147,414,148,268
104345,0,2,1,3
104350,29,62,30,34
104352,1,2,2,2
104356,16,33,17,18
104361,32,112,33,81
104372,0,4,1,5
104374,3230,4777,3231,1548
104376,1,7,2,7
104379,16,69,17,54
104384,13,27,14,15
104386,13,36,14,24
104388,3,14,4,12
104390,10,31,11,22
104392,7,35,8,29
104406,14,38,15,25
104408,8,44,9,37
104414,0,6,1,7
104423,19,30,20,12
104431,16,67,17,52
104441,65,283,66,219
104451,0,2,1,3
104453,1,3,2,3
104457,282,671,283,390
104459,0,6,1,7
104462,0,2,1,3
104464,1,2,2,2
104472,0,1,1,2
104480,0,3,1,4
104489,1,6,2,6
104491,1,4,2,4
104493,0,2,1,3
104495,0,4,1,5
104498,1,4,2,4
104504,1,1,2,1
104506,1,2,2,2
104508,1,4,2,4
104513,3,22,4,20
104518,5,46,6,42
104520,47,82,48,36
104524,2,2,3,1
104526,0,2,1,3
104540,1,7,2,7
104542,1,9,2,9
104546,0,5,1,6
104552,1,22,2,22
104561,4,20,5,17
104563,0,6,1,7
104569,0,1,1,2
104576,14,33,15,20
104583,13,45,14,33
104588,0,3,1,4
104590,3,21,4,19
104595,2,4,3,3
104597,1,5,2,5
104604,2,7,3,6
104606,0,3,1,4
104608,4,17,5,14
104610,0,8,1,9
104612,1,2,2,2
104625,1,2,2,2
104627,1,4,2,4
104629,0,2,1,3
104631,33,107,34,75
104636,44,56,45,13
104638,1,16,2,16
104642,0,3,1,4
104654,2,5,3,4
104662,0,7,1,8
104669,9,30,10,22
104671,0,21,1,22
104673,0,5,1,6
104675,0,3,1,4
104685,18,53,19,36
104698,0,4,1,5
104712,84,126,85,43
104721,2,9,3,8
104723,1,4,2,4
104726,3,6,4,4
104728,6,29,7,24
104731,1,5,2,5
104733,4,16,5,13
104736,18,108,19,91
104741,0,4,1,5
104743,1,3,2,3
104757,9,22,10,14
104760,5,69,6,65
104762,1,21,2,21
104774,1,5,2,5
104776,0,6,1,7
104778,1,6,2,6
104795,1,3,2,3
104805,0,4,1,5
104807,8,19,9,12
104809,0,6,1,7
104815,0,1,1,2
104817,0,2,1,3
104823,1,6,2,6
104829,14,29,15,16
104832,1,3,2,3
104837,0,3,1,4
104839,0,2,1,3
104841,6361,12264,6362,5904
104843,0,9,1,10
104847,1,6,2,6
104849,3,5,4,3
104854,4,10,5,7
104863,247,571,248,325
104867,7,20,8,14
104870,1,7,2,7
104875,33,64,34,32
104879,3694,5241,3695,1548
104881,134,454,135,321
104883,23,76,24,54
104903,10,27,11,18
104906,71,180,72,110
104908,304,762,305,459
104910,2,6,3,5
104913,2317,3574,2318,1258
104920,24,35,25,12
104923,6,16,7,11
104925,155,560,156,406
104936,1,1,2,1
104944,995,1422,996,428
104947,3,29,4,27
104954,0,4,1,5
104959,4,10,5,7
104961,0,2,1,3
104969,1,9,2,9
104971,2,4,3,3
104973,1,4,2,4
104975,11,29,12,19
104984,3,12,4,10
104996,6,22,7,17
104998,13,35,14,23
105011,14,24,15,11
105017,0,2,1,3
105028,17,42,18,26
105032,1,2,2,2
105037,52,284,53,233
105040,0,6,1,7
105042,0,5,1,6
105044,3,8,4,6
105047,1,7,2,7
105049,7,21,8,15
105051,0,6,1,7
105053,11,66,12,56
105057,1,4,2,4
105071,1,12,2,12
105073,3,13,4,11
105077,2,6,3,5
105079,0,3,1,4
105081,0,8,1,9
105084,4,11,5,8
105086,5,17,6,13
105104,0,1,1,2
105117,0,6,1,7
105119,1,7,2,7
105121,1,12,2,12
105128,13,33,14,21
105130,14,27,15,14
105133,9,54,10,46
105135,2,14,3,13
105142,0,1,1,2
105144,1,4,2,4
105147,2,9,3,8
105155,3,4,4,2
105157,2,8,3,7
105159,22,95,23,74
105165,0,6,1,7
105176,1,13,2,13
105178,2,12,3,11
105181,2,11,3,10
105193,5,15,6,11
105197,619,1109,620,491
105204,0,24,1,25
105206,5,26,6,22
105211,184,499,185,316
105213,457,1799,458,1343
105215,5,10,6,6
105217,11,40,12,30
105223,1,11,2,11
105227,15,23,16,9
105236,0,10,1,11
105238,1,4,2,4
105240,1,3,2,3
105242,2,8,3,7
105244,0,4,1,5
105246,71,167,72,97
105250,178,233,179,56
105252,2,17,3,16
105254,19,78,20,60
105266,1,8,2,8
105282,0,1,1,2
105288,1,6,2,6
105290,2,11,3,10
105292,1,6,2,6
105296,1,6,2,6
105299,1,2,2,2
105302,4,22,5,19
105304,1,2,2,2
105314,1,6,2,6
105320,0,1,1,2
105328,0,1,1,2
105330,1,2,2,2
105338,0,4,1,5
105340,28,53,29,26
105343,41,70,42,30
105345,3,22,4,20
105351,22,193,23,172
105353,2,5,3,4
105355,917,1533,918,617
105357,3,17,4,15
105359,1,7,2,7
105364,9,24,10,16
105366,1,3,2,3
105368,4,11,5,8
105375,8,24,9,17
105377,0,2,1,3
105379,0,2,1,3
105382,0,2,1,3
105404,3,10,4,8
105406,1,5,2,5
105408,0,3,1,4
105410,2,12,3,11
105412,0,5,1,6
105414,2,6,3,5
105416,0,3,1,4
105420,26,76,27,51
105423,6,16,7,11
105429,83,135,84,53
105435,0,1,1,2
105439,2,4,3,3
105444,2,5,3,4
105446,1,1,2,1
105448,1,3,2,3
105450,0,1,1,2
105453,6,16,7,11
105455,0,1,1,2
105465,4,9,5,6
105468,356,1008,357,653
105470,1,3,2,3
105474,1,3,2,3
105477,15,48,16,34
105484,4,19,5,16
105490,0,4,1,5
105492,3,15,4,13
105495,4,11,5,8
105497,4,5,5,2
105499,0,2,1,3
105502,0,5,1,6
105504,2782,4744,2783,1963
105509,6,15,7,10
105519,64,153,65,90
105531,23,55,24,33
105533,0,2,1,3
105542,1,1,2,1
105560,0,4,1,5
105565,0,1,1,2
105571,0,1,1,2
105575,3,10,4,8
105577,1,6,2,6
105585,93,439,94,347
105591,1,1,2,1
105593,400,781,401,382
105595,0,3,1,4
105597,13,35,14,23
105599,0,7,1,8
105601,1,5,2,5
105608,6,19,7,14
105612,1,5,2,5
105616,1,4,2,4
105618,0,4,1,5
105620,6,26,7,21
105628,1,7,2,7
105653,432,1312,433,881
105659,0,5,1,6
105663,1,1,2,1
105665,0,1,1,2
105703,21,52,22,32
105709,4,17,5,14
105713,0,1,1,2
105715,13,48,14,36
105717,8,14,9,7
105720,2,8,3,7
105731,121,687,122,567
105733,0,3,1,4
105742,55,215,56,161
105748,0,2,1,3
105753,0,8,1,9
105755,65,376,66,312
105765,1,5,2,5
105767,0,2,1,3
105769,101,262,102,162
105772,2,8,3,7
105776,2,8,3,7
105778,16,32,17,17
105792,0,1,1,2
105799,24,70,25,47
105801,11,92,12,82
105803,1,5,2,5
105805,2,6,3,5
105811,7,31,8,25
105813,6,31,7,26
105815,0,8,1,9
105821,0,7,1,8
105825,4,6,5,3
105827,1,8,2,8
105835,247,558,248,312
105837,4,33,5,30
105839,0,3,1,4
105841,3,3,4,1
105844,3506,5384,3507,1879
105846,1,1,2,1
105849,2,5,3,4
105855,9,44,10,36
105863,10,27,11,18
105865,1,3,2,3
105869,111,268,112,158
105873,4,9,5,6
105884,0,3,1,4
105886,4,7,5,4
105888,2,7,3,6
105890,0,2,1,3
105892,0,8,1,9
105901,1,4,2,4
105906,1,2,2,2
105915,0,1,1,2
105918,3,9,4,7
105926,0,5,1,6
105928,4,9,5,6
105936,0,3,1,4
105938,0,2,1,3
105943,21,33,22,13
105950,1,4,2,4
105952,13,23,14,11
105954,232,569,233,338
105959,0,3,1,4
105961,0,1,1,2
105963,0,2,1,3
105972,2,16,3,15
105974,0,6,1,7
105976,0,3,1,4
105985,1,2,2,2
106002,1420,3752,1421,2333
106004,1,4,2,4
106011,131,224,132,94
106017,2,5,3,4
106019,2,8,3,7
106022,100,242,101,143
106024,0,1,1,2
106026,0,3,1,4
106030,41,222,42,182
106032,2,6,3,5
106040,0,1,1,2
106046,1,5,2,5
106052,1,6,2,6
106054,6,15,7,10
106057,2,4,3,3
106059,2,13,3,12
106062,121,540,122,420
106066,1,7,2,7
106072,1824,5251,1825,3428
106074,2,6,3,5
106076,2,3,3,2
106078,1,4,2,4
106080,0,2,1,3
106082,8,11,9,4
106090,2,11,3,10
106092,0,2,1,3
106094,7,30,8,24
106098,1,1,2,1
106100,4521,6783,4522,2263
106107,1,2,2,2
106109,15,35,16,21
106111,16,33,17,18
106115,4,4,5,1
106136,0,3,1,4
106138,7,33,8,27
106141,1,2,2,2
106144,48,99,49,52
106147,6,12,7,7
106156,4,13,5,10
106158,7,13,8,7
106163,44,96,45,53
106170,7,12,8,6
106173,8,12,9,5
106190,1,3,2,3
106195,63,185,64,123
106202,2,5,3,4
106204,40,81,41,42
106208,0,4,1,5
106212,11,22,12,12
106214,7,17,8,11
106226,6,16,7,11
106230,1,5,2,5
106234,17,56,18,40
106236,25,62,26,38
106238,3,10,4,8
106240,25,167,26,143
106243,8,33,9,26
106245,0,4,1,5
106254,14,45,15,32
106270,0,2,1,3
106286,0,2,1,3
106295,0,4,1,5
106297,1,9,2,9
106300,11,30,12,20
106306,3,3,4,1
106326,5,11,6,7
106330,159,580,160,422
106332,47,80,48,34
106336,2,7,3,6
106342,0,2,1,3
106346,0,2,1,3
106348,0,2,1,3
106351,0,3,1,4
106355,0,3,1,4
106363,0,1,1,2
106365,0,7,1,8
106371,0,3,1,4
106376,0,4,1,5
106378,0,7,1,8
106382,0,1,1,2
106387,0,3,1,4
106397,4,7,5,4
106399,0,2,1,3
106401,2,8,3,7
106403,3,4,4,2
106405,2,6,3,5
106415,0,1,1,2
106421,9,27,10,19
106423,2,4,3,3
106431,4,11,5,8
106436,2,5,3,4
106438,580,1029,581,450
106441,616,1108,617,493
106443,9,37,10,29
106452,262,485,263,224
106458,1,3,2,3
106460,1,1,2,1
106466,1,4,2,4
106468,0,1,1,2
106471,24,42,25,19
106473,18,43,19,26
106475,1,2,2,2
106483,0,1,1,2
106487,4452,9477,4453,5026
106489,4332,8245,4333,3914
106491,260,999,261,740
106493,1,5,2,5
106495,1,4,2,4
106498,5,18,6,14
106501,0,16,1,17
106503,18,28,19,11
106506,1,4,2,4
106508,18,89,19,72
106521,0,5,1,6
106523,1,3,2,3
106525,1,6,2,6
106527,0,1,1,2
106538,0,10,1,11
106540,90,385,91,296
106542,32,105,33,74
106549,1,4,2,4
106559,6,32,7,27
106563,1,4,2,4
106565,2,7,3,6
106581,0,1,1,2
106583,3,14,4,12
106590,0,20,1,21
106592,0,3,1,4
106594,5,10,6,6
106611,2,8,3,7
106614,1,6,2,6
106620,2,8,3,7
106622,0,1,1,2
106624,22,32,23,11
106644,0,3,1,4
106672,0,1,1,2
106682,2,3,3,2
106686,4,6,5,3
106690,3,4,4,2
106696,3305,7220,3306,3916
106698,0,5,1,6
106704,0,6,1,7
106722,1,5,2,5
106729,1,6,2,6
106734,4,11,5,8
106736,0,7,1,8
106745,4,17,5,14
106747,5,11,6,7
106753,2,5,3,4
106762,83,127,84,45
106766,943,1733,944,791
106770,1,2,2,2
106782,10178,15732,10179,5555
106785,151,469,152,319
106808,0,1,1,2
106820,1,3,2,3
106822,1,3,2,3
106824,0,2,1,3
106832,1,3,2,3
106839,34,99,35,66
106841,212,471,213,260
106848,1,24,2,24
106852,14,37,15,24
106854,0,4,1,5
106863,4,16,5,13
106868,4,20,5,17
106870,22,107,23,86
106877,1,11,2,11
106879,5,24,6,20
106881,3,21,4,19
106883,2,32,3,31
106887,0,2,1,3
106889,179,260,180,82
106892,13,24,14,12
106895,10,23,11,14
106897,2,6,3,5
106906,3,15,4,13
106914,0,4,1,5
106916,1927,4250,1928,2324
106918,1932,3613,1933,1682
106920,6789,10428,6790,3640
106927,8,28,9,21
106963,0,3,1,4
106965,0,1,1,2
106967,4,11,5,8
106970,5,7,6,3
106972,0,2,1,3
106983,80,177,81,98
106986,6,12,7,7
106988,1,6,2,6
106990,0,1,1,2
106992,0,2,1,3
106994,0,1,1,2
106996,0,2,1,3
106998,5,11,6,7
107000,12,26,13,15
107002,5,15,6,11
107004,4,18,5,15
107022,1,5,2,5
107024,15,30,16,16
107028,1,8,2,8
107039,1,4,2,4
107042,17,26,18,10
107050,3,4,4,2
107052,22,49,23,28
107061,7,15,8,9
107063,0,1,1,2
107065,0,1,1,2
107067,6,8,7,3
107069,800,1526,801,727
107081,15,32,16,18
107083,19,44,20,26
107085,4,12,5,9
107096,0,3,1,4
107098,1,6,2,6
107100,0,2,1,3
107102,3,14,4,12
107117,41,72,42,32
107128,0,1,1,2
107130,55,97,56,43
107132,0,4,1,5
107137,13,41,14,29
107141,809,1621,810,813
107143,1,4,2,4
107147,0,2,1,3
107150,0,1,1,2
107153,0,3,1,4
107155,0,3,1,4
107157,0,1,1,2
107159,12,26,13,15
107174,2,2,3,1
107183,0,2,1,3
107185,3,19,4,17
107188,3,16,4,14
107194,0,2,1,3
107196,31,76,32,46
107199,0,2,1,3
107202,0,3,1,4
107215,3,9,4,7
107217,0,10,1,11
107234,0,1,1,2
107236,1,7,2,7
107241,0,2,1,3
107243,3,13,4,11
107246,0,7,1,8
107248,0,9,1,10
107252,1,2,2,2
107262,2,10,3,9
107274,8,23,9,16
107278,1,16,2,16
107281,1,2,2,2
107295,0,7,1,8
107297,0,4,1,5
107302,1,7,2,7
107304,22,34,23,13
107306,17,25,18,9
107309,4,11,5,8
107314,85,369,86,285
107328,1,9,2,9
107334,15,36,16,22
107338,3,10,4,8
107342,5,10,6,6
107344,3,11,4,9
107346,6,11,7,6
107348,414,1746,415,1333
107350,6,12,7,7
107352,3,20,4,18
107354,4,22,5,19
107357,7,18,8,12
107359,6,20,7,15
107361,3,18,4,16
107368,9,24,10,16
107370,3,13,4,11
107372,2,4,3,3
107380,6,17,7,12
107382,2,5,3,4
107397,2,4,3,3
107400,9,18,10,10
107404,0,1,1,2
107406,2093,4671,2094,2579
107408,74,103,75,30
107410,84,135,85,52
107412,210,285,211,76
107418,1,9,2,9
107426,7,35,8,29
107430,0,2,1,3
107436,27,124,28,98
107445,2,14,3,13
107447,24,63,25,40
107462,8,43,9,36
107466,2,2,3,1
107477,11,26,12,16
107481,0,2,1,3
107501,2,9,3,8
107505,1,9,2,9
107516,2,14,3,13
107535,0,1,1,2
107537,13,41,14,29
107539,5,19,6,15
107541,6,30,7,25
107546,3,5,4,3
107548,0,4,1,5
107557,3,40,4,38
107561,1,3,2,3
107563,11,35,12,25
107565,47,125,48,79
107573,0,2,1,3
107591,2,7,3,6
107595,0,2,1,3
107603,0,3,1,4
107614,2,11,3,10
107625,9,36,10,28
107630,5,32,6,28
107632,0,2,1,3
107636,5,8,6,4
107638,0,1,1,2
107645,0,8,1,9
107649,63,129,64,67
107653,25,54,26,30
107656,1,3,2,3
107658,2,19,3,18
107662,6,11,7,6
107664,0,2,1,3
107669,0,2,1,3
107671,2,7,3,6
107673,4,10,5,7
107675,7,16,8,10
107682,3,17,4,15
107684,2,31,3,30
107690,0,1,1,2
107692,0,12,1,13
107700,12,22,13,11
107702,29,186,30,158
107704,0,21,1,22
107707,20,60,21,41
107710,3,6,4,4
107713,0,1,1,2
107716,2,8,3,7
107723,5,27,6,23
107725,7,12,8,6
107730,1,1,2,1
107732,0,2,1,3
107737,12,34,13,23
107740,0,9,1,10
107747,2,9,3,8
107752,0,3,1,4
107754,1,3,2,3
107756,5,78,6,74
107758,1,12,2,12
107769,36,168,37,133
107771,635,1118,636,484
107778,0,6,1,7
107782,2,4,3,3
107827,4,8,5,5
107842,0,7,1,8
107846,4,12,5,9
107848,8,17,9,10
107851,0,1,1,2
107853,0,2,1,3
107855,1,3,2,3
107863,0,2,1,3
107865,7,9,8,3
107867,0,4,1,5
107875,1,5,2,5
107877,0,9,1,10
107879,0,5,1,6
107881,3,7,4,5
107883,227,354,228,128
107885,9,15,10,7
107888,0,1,1,2
107890,8,13,9,6
107901,6,16,7,11
107903,1,2,2,2
107906,3,3,4,1
107910,29,61,30,33
107912,2,7,3,6
107916,17,70,18,54
107919,0,2,1,3
107949,12,48,13,37
107951,3,12,4,10
107953,55,149,56,95
107955,0,4,1,5
107958,4,24,5,21
107964,0,1,1,2
107966,0,1,1,2
107968,0,4,1,5
107970,0,2,1,3
107972,0,3,1,4
107974,1,2,2,2
107976,0,1,1,2
107984,0,1,1,2
107987,4,47,5,44
107990,2,13,3,12
108001,1,2,2,2
108003,0,3,1,4
108007,0,2,1,3
108010,0,7,1,8
108012,0,2,1,3
108016,1,4,2,4
108041,22,54,23,33
108048,0,2,1,3
108050,4,6,5,3
108052,1,5,2,5
108056,24,43,25,20
108065,1,4,2,4
108072,0,2,1,3
108076,1,3,2,3
108078,53,117,54,65
108085,11,55,12,45
108122,0,1,1,2
108136,1,7,2,7
108138,0,2,1,3
108141,1,3,2,3
108143,14,36,15,23
108149,10,16,11,7
108156,148,531,149,384
108158,2,8,3,7
108160,3,9,4,7
108188,269,1003,270,735
108190,1415,3939,1416,2525
108200,6,57,7,52
108202,9,20,10,12
108204,0,1,1,2
108206,0,1,1,2
108209,1,6,2,6
108212,16,39,17,24
108218,0,2,1,3
108220,39,71,40,33
108237,3,16,4,14
108243,3,48,4,46
108250,0,1,1,2
108253,2,8,3,7
108255,1,11,2,11
108257,0,3,1,4
108265,1,10,2,10
108271,0,4,1,5
108282,1,14,2,14
108285,8,19,9,12
108287,0,1,1,2
108289,17,44,18,28
108306,0,2,1,3
108311,1,5,2,5
108313,2,7,3,6
108316,1,1,2,1
108318,6,50,7,45
108328,4,9,5,6
108332,2,6,3,5
108342,7,17,8,11
108360,0,5,1,6
108370,0,1,1,2
108389,1,2,2,2
108395,2,5,3,4
108403,3,8,4,6
108405,1,5,2,5
108407,1,5,2,5
108425,1,5,2,5
108427,2,11,3,10
108445,15,31,16,17
108447,2,24,3,23
108466,7,22,8,16
108468,1,5,2,5
108473,4,13,5,10
108476,3,11,4,9
108479,0,1,1,2
108488,5,14,6,10
108491,1,6,2,6
108497,0,7,1,8
108499,1,7,2,7
108503,1,6,2,6
108506,4,27,5,24
108508,5,13,6,9
108510,2,6,3,5
108514,40,69,41,30
108516,2,10,3,9
108529,3,17,4,15
108534,8,21,9,14
108536,1,5,2,5
108538,1,5,2,5
108542,0,1,1,2
108544,1,3,2,3
108546,1,6,2,6
108551,5,9,6,5
108564,0,5,1,6
108566,42,64,43,23
108569,1,14,2,14
108571,15,33,16,19
108575,13,33,14,21
108579,19,57,20,39
108588,0,1,1,2
108592,2,7,3,6
108595,1,3,2,3
108599,16,59,17,44
108601,5,12,6,8
108635,1,3,2,3
108639,0,2,1,3
108647,17,48,18,32
108649,2,4,3,3
108653,0,3,1,4
108656,1,7,2,7
108658,1,2,2,2
108660,14,39,15,26
108663,0,10,1,11
108667,0,1,1,2
108674,0,1,1,2
108676,0,2,1,3
108687,0,1,1,2
108689,59,367,60,309
108696,1,6,2,6
108699,0,4,1,5
108715,22,90,23,69
108727,580,1178,581,599
108729,847,1705,848,859
108748,1,1,2,1
108752,1,3,2,3
108754,6,9,7,4
108756,0,4,1,5
108758,0,3,1,4
108760,33,79,34,47
108773,2,8,3,7
108775,1,3,2,3
108778,47,91,48,45
108780,65,173,66,109
108787,43,103,44,61
108789,2,10,3,9
108791,30,64,31,35
108797,8,41,9,34
108799,0,2,1,3
108802,0,1,1,2
108806,1,7,2,7
108808,0,2,1,3
108811,0,26,1,27
108813,1,1,2,1
108825,55,126,56,72
108852,2,4,3,3
108857,2,13,3,12
108864,11,31,12,21
108866,2,6,3,5
108869,2,3,3,2
108871,12,36,13,25
108873,9,19,10,11
108877,0,2,1,3
108879,23,84,24,62
108885,1,3,2,3
108893,5,12,6,8
108895,1,15,2,15
108899,16,50,17,35
108901,1,3,2,3
108920,0,1,1,2
108924,0,1,1,2
108928,218,922,219,705
108930,1,4,2,4
108932,3746,6666,3747,2921
108934,0,7,1,8
108936,1,2,2,2
108938,4,7,5,4
108940,2,17,3,16
108942,0,1,1,2
108945,338,1782,339,1445
108949,47,160,48,114
108951,0,1,1,2
108968,1,5,2,5
108970,0,2,1,3
108977,111,157,112,47
108981,441,944,442,504
108983,302,471,303,170
108993,0,2,1,3
108997,0,5,1,6
109000,8,19,9,12
109002,1,4,2,4
109004,4,9,5,6
109006,1,1,2,1
109008,2,5,3,4
109010,2,2,3,1
109015,4,9,5,6
109017,1,6,2,6
109019,0,2,1,3
109027,7,22,8,16
109032,1,2,2,2
109034,1,5,2,5
109038,4,6,5,3
109042,16,125,17,110
109053,1,5,2,5
109055,1,10,2,10
109062,1,3,2,3
109064,7,15,8,9
109066,1,3,2,3
109069,0,2,1,3
109072,29,202,30,174
109074,2,17,3,16
109096,7,22,8,16
109102,1,6,2,6
109104,0,3,1,4
109106,0,1,1,2
109127,2,6,3,5
109151,5,10,6,6
109153,6,16,7,11
109155,7,19,8,13
109157,38,147,39,110
109159,2,12,3,11
109168,0,4,1,5
109177,0,4,1,5
109179,0,4,1,5
109181,35,128,36,94
109183,10,48,11,39
109185,8,23,9,16
109187,175,570,176,396
109189,76,136,77,61
109191,59,221,60,163
109193,0,2,1,3
109197,3,24,4,22
109199,8,22,9,15
109203,5,8,6,4
109205,2,6,3,5
109209,4,7,5,4
109226,1,4,2,4
109229,0,2,1,3
109235,2,6,3,5
109237,0,5,1,6
109239,0,6,1,7
109241,3,26,4,24
109243,98,249,99,152
109245,0,2,1,3
109265,2,24,3,23
109267,1,7,2,7
109273,0,2,1,3
109277,1,20,2,20
109280,16,43,17,28
109282,9,33,10,25
109290,1,5,2,5
109295,4,34,5,31
109313,10,26,11,17
109317,1,39,2,39
109319,3,4,4,2
109321,11,35,12,25
109323,4,16,5,13
109330,12,33,13,22
109351,20,36,21,17
109353,0,1,1,2
109355,0,1,1,2
109357,0,1,1,2
109359,3,16,4,14
109362,2,4,3,3
109364,25,43,26,19
109366,5,10,6,6
109368,2,9,3,8
109372,18,74,19,57
109374,9232,13077,9233,3846
109376,14,93,15,80
109381,0,1,1,2
109383,3,8,4,6
109385,1,5,2,5
109388,8,18,9,11
109390,17,52,18,36
109392,2,5,3,4
109399,4,19,5,16
109418,0,3,1,4
109420,15,81,16,67
109423,28,74,29,47
109425,39,86,40,48
109441,6,7,7,2
109446,0,3,1,4
109448,3,13,4,11
109450,8,17,9,10
109452,32,64,33,33
109455,14,33,15,20
109457,11,22,12,12
109459,1,1,2,1
109461,19,55,20,37
109463,10,26,11,17
109468,1,3,2,3
109470,2,15,3,14
109472,22,98,23,77
109474,0,2,1,3
109476,0,2,1,3
109479,0,2,1,3
109481,0,1,1,2
109483,180,554,181,375
109485,11,22,12,12
109487,16435,22634,16436,6200
109489,3,21,4,19
109492,3,11,4,9
109524,3,11,4,9
109529,3,4,4,2
109533,4,6,5,3
109559,0,2,1,3
109561,0,1,1,2
109565,0,1,1,2
109567,0,1,1,2
109569,97,379,98,283
109576,3,52,4,50
109578,571,1486,572,916
109580,4,21,5,18
109596,29,49,30,21
109598,7,10,8,4
109600,0,5,1,6
109602,0,5,1,6
109607,10,56,11,47
109613,0,2,1,3
109616,2,3,3,2
109621,2,8,3,7
109623,0,1,1,2
109627,25,51,26,27
109629,18,55,19,38
109633,246,413,247,168
109635,10,19,11,10
109638,1,6,2,6
109640,2,8,3,7
109643,0,1,1,2
109645,0,2,1,3
109651,0,2,1,3
109653,3,8,4,6
109665,0,10,1,11
109667,1,3,2,3
109669,1,2,2,2
109671,1,3,2,3
109673,373,1520,374,1148
109675,2,18,3,17
109677,0,4,1,5
109680,1,4,2,4
109682,0,3,1,4
109684,10,35,11,26
109687,100,169,101,70
109697,15,29,16,15
109701,0,1,1,2
109704,0,2,1,3
109708,0,4,1,5
109713,0,5,1,6
109718,3,8,4,6
109720,19,91,20,73
109723,8,45,9,38
109726,1,3,2,3
109728,15,39,16,25
109733,3,53,4,51
109736,0,1,1,2
109738,5,15,6,11
109740,120,292,121,173
109742,56,148,57,93
109747,0,2,1,3
109764,1,4,2,4
109767,2,4,3,3
109769,34,88,35,55
109771,1,2,2,2
109773,3,11,4,9
109776,1,5,2,5
109779,2,3,3,2
109781,25,43,26,19
109783,2,7,3,6
109786,1,5,2,5
109790,2,8,3,7
109793,1,8,2,8
109796,0,4,1,5
109798,1,3,2,3
109800,6,13,7,8
109802,23,54,24,32
109808,0,2,1,3
109810,7,19,8,13
109812,1,2,2,2
109833,2,4,3,3
109846,161,524,162,364
109848,639,1476,640,838
109850,150,670,151,521
109853,49,149,50,101
109858,2,9,3,8
109864,135,411,136,277
109867,0,1,1,2
109869,4,9,5,6
109881,0,3,1,4
109887,9,15,10,7
109889,30,40,31,11
109891,0,1,1,2
109893,2,9,3,8
109895,104,375,105,272
109897,14,29,15,16
109902,3,7,4,5
109904,4,5,5,2
109910,0,3,1,4
109921,0,1,1,2
109923,2,8,3,7
109925,5,18,6,14
109929,2,2,3,1
109931,10,15,11,6
109935,3,6,4,4
109941,18,59,19,42
109943,1,9,2,9
109945,2,16,3,15
109947,3,18,4,16
109949,0,2,1,3
109951,3,15,4,13
109953,23,41,24,19
109963,8,22,9,15
109968,65,93,66,29
109971,18,58,19,41
109981,0,3,1,4
109983,1,5,2,5
109985,0,3,1,4
109987,1,1,2,1
109989,1,9,2,9
109991,13,28,14,16
109993,2,23,3,22
110004,1,5,2,5
110006,0,3,1,4
110008,2,6,3,5
110030,1,10,2,10
110032,0,1,1,2
110034,0,2,1,3
110042,0,1,1,2
110044,4,22,5,19
110046,0,7,1,8
110048,4,13,5,10
110052,2,9,3,8
110056,0,3,1,4
110058,8,18,9,11
110061,1,1,2,1
110063,0,5,1,6
110067,0,5,1,6
110070,8,36,9,29
110090,0,2,1,3
110102,4885,8755,4886,3871
110104,2,19,3,18
110106,5,22,6,18
110108,1,3,2,3
110110,166,324,167,159
110114,1,2,2,2
110116,10,16,11,7
110127,208,1372,209,1165
110130,28,158,29,131
110134,12,21,13,10
110136,0,2,1,3
110138,1,5,2,5
110159,2,5,3,4
110163,2,2,3,1
110171,2,6,3,5
110173,5,16,6,12
110177,1,11,2,11
110179,1,4,2,4
110181,3,19,4,17
110190,0,1,1,2
110194,28,53,29,26
110198,10,19,11,10
110200,2,9,3,8
110219,0,2,1,3
110221,2,3,3,2
110223,1,4,2,4
110225,2,7,3,6
110227,0,2,1,3
110229,1,4,2,4
110233,0,5,1,6
110235,2,8,3,7
110253,0,2,1,3
110255,0,3,1,4
110259,0,4,1,5
110262,0,1,1,2
110265,0,2,1,3
110267,1,2,2,2
110269,2,5,3,4
110273,24,44,25,21
110276,1,4,2,4
110278,0,2,1,3
110281,17,30,18,14
110284,2,2,3,1
110293,1,2,2,2
110295,21,153,22,133
110297,71,258,72,188
110314,2,10,3,9
110316,2,6,3,5
110318,0,1,1,2
110320,1,7,2,7
110322,26,122,27,97
110324,11,23,12,13
110326,0,3,1,4
110328,36,72,37,37
110330,12,29,13,18
110339,9,21,10,13
110346,14,40,15,27
110350,14,40,15,27
110352,1,18,2,18
110372,3,13,4,11
110377,0,8,1,9
110380,9,27,10,19
110387,35,87,36,53
110403,0,1,1,2
110407,105,351,106,247
110409,0,2,1,3
110417,0,5,1,6
110426,11,43,12,33
110428,0,4,1,5
110431,2,9,3,8
110433,7,28,8,22
110435,0,9,1,10
110439,2,10,3,9
110441,0,1,1,2
110447,2,3,3,2
110449,1,6,2,6
110453,102,322,103,221
110457,1,14,2,14
110459,0,7,1,8
110461,68,137,69,70
110484,6,15,7,10
110486,1,7,2,7
110497,0,2,1,3
110501,631,1040,632,410
110503,39,68,40,30
110505,1,14,2,14
110508,1,10,2,10
110512,1,12,2,12
110515,0,5,1,6
110519,0,1,1,2
110535,2,3,3,2
110537,0,7,1,8
110548,7,17,8,11
110553,750,2657,751,1908
110557,3,9,4,7
110560,2,3,3,2
110562,1,2,2,2
110564,0,5,1,6
110568,0,4,1,5
110582,0,4,1,5
110584,2,6,3,5
110586,490,792,491,303
110588,3,6,4,4
110591,334,894,335,561
110593,3,11,4,9
110597,1,6,2,6
110599,1,1,2,1
110601,0,2,1,3
110603,46,149,47,104
110605,0,1,1,2
110607,0,5,1,6
110609,0,3,1,4
110611,52,187,53,136
110613,1,3,2,3
110627,1,1,2,1
110629,0,2,1,3
110633,2,8,3,7
110635,2,5,3,4
110643,0,1,1,2
110647,0,1,1,2
110649,7,17,8,11
110651,0,3,1,4
110653,0,6,1,7
110655,133,466,134,334
110657,0,3,1,4
110671,0,2,1,3
110673,0,2,1,3
110675,138,306,139,169
110678,14,36,15,23
110686,0,3,1,4
110690,1,1,2,1
110692,0,1,1,2
110696,0,1,1,2
110718,33,147,34,115
110730,721,2232,722,1512
110737,0,1,1,2
110739,0,3,1,4
110744,0,2,1,3
110746,9,39,10,31
110748,7,40,8,34
110750,20,84,21,65
110752,1,4,2,4
110759,0,2,1,3
110761,0,1,1,2
110763,1,2,2,2
110765,2,11,3,10
110769,6,14,7,9
110771,348,882,349,535
110773,13,70,14,58
110779,0,1,1,2
110788,0,2,1,3
110790,0,2,1,3
110792,2,10,3,9
110794,1,3,2,3
110796,17,58,18,42
110805,2,7,3,6
110809,83,299,84,217
110811,0,2,1,3
110813,4,19,5,16
110818,1,5,2,5
110820,1,4,2,4
110826,23,125,24,103
110828,18,88,19,71
110845,0,2,1,3
110848,0,2,1,3
110850,1,6,2,6
110852,1,2,2,2
110854,0,1,1,2
110858,0,10,1,11
110860,1,6,2,6
110862,0,3,1,4
110864,0,1,1,2
110867,4,24,5,21
110871,10,29,11,20
110880,0,1,1,2
110882,614,1218,615,605
110884,0,3,1,4
110887,1,3,2,3
110889,0,2,1,3
110892,2,11,3,10
110895,1,2,2,2
110899,5,55,6,51
110916,0,1,1,2
110921,3,9,4,7
110925,0,2,1,3
110948,0,3,1,4
110966,1,2,2,2
110968,53,376,54,324
110970,6,13,7,8
110973,1,2,2,2
110975,1,21,2,21
111036,0,2,1,3
111042,1,1,2,1
111048,1,2,2,2
111100,0,1,1,2
111103,0,2,1,3
111105,3,8,4,6
111107,1,4,2,4
111109,0,6,1,7
111113,620,2021,621,1402
111115,8,15,9,8
111119,1,11,2,11
111124,0,3,1,4
111126,4,10,5,7
111128,1,3,2,3
111130,84,109,85,26
111142,0,4,1,5
111230,0,1,1,2
111235,299,451,300,153
111237,0,1,1,2
111245,4,56,5,53
111249,88,186,89,99
111251,51,155,52,105
111255,88,131,89,44
111257,2,8,3,7
111259,2,49,3,48
111261,0,3,1,4
111264,2,10,3,9
111266,10,23,11,14
111283,4,14,5,11
111285,2,8,3,7
111287,10,34,11,25
111290,9,23,10,15
111303,7,23,8,17
111310,1,5,2,5
111312,2,16,3,15
111314,14,26,15,13
111316,0,3,1,4
111318,0,4,1,5
111320,19,66,20,48
111322,0,3,1,4
111325,0,2,1,3
111332,5,7,6,3
111343,1,3,2,3
111345,1,5,2,5
111349,1,4,2,4
111358,0,1,1,2
111360,1385,4867,1386,3483
111362,5183,9056,5184,3874
111364,502,2418,503,1917
111368,0,1,1,2
111370,1,5,2,5
111373,11,49,12,39
111375,49,252,50,204
111384,459,850,460,392
111387,87,212,88,126
111389,27,53,28,27
111401,4,5,5,2
111403,3,9,4,7
111405,1,4,2,4
111411,3,11,4,9
111439,1,14,2,14
111443,714,1495,715,782
111445,1,4,2,4
111447,0,14,1,15
111449,3,15,4,13
111456,1,10,2,10
111462,0,3,1,4
111499,2,10,3,9
111505,0,4,1,5
111507,0,1,1,2
111509,0,5,1,6
111515,2,8,3,7
111525,0,1,1,2
111536,0,2,1,3
111538,0,1,1,2
111540,1,3,2,3
111542,0,3,1,4
111551,37,143,38,107
111553,3,11,4,9
111562,1,1,2,1
111568,1,2,2,2
111573,0,1,1,2
111575,0,1,1,2
111578,0,3,1,4
111583,1,5,2,5
111585,1,1,2,1
111592,12,24,13,13
111597,1,2,2,2
111599,1,4,2,4
111603,1,8,2,8
111614,0,3,1,4
111617,278,736,279,459
111622,701,1308,702,608
111624,4,19,5,16
111626,2,12,3,11
111628,1,13,2,13
111630,9,46,10,38
111638,0,1,1,2
111647,3,20,4,18
111649,0,2,1,3
111653,0,5,1,6
111655,0,7,1,8
111657,2,2,3,1
111659,1332,3429,1333,2098
111661,26,128,27,103
111663,16,117,17,102
111665,0,2,1,3
111680,14,38,15,25
111687,0,1,1,2
111689,0,6,1,7
111691,1,2,2,2
111696,1,15,2,15
111700,0,1,1,2
111702,0,1,1,2
111704,2,7,3,6
111706,2,4,3,3
111716,1,5,2,5
111718,0,1,1,2
111732,61,90,62,30
111734,11,57,12,47
111743,293,1193,294,901
111745,1,11,2,11
111749,0,4,1,5
111752,0,3,1,4
111757,10,23,11,14
111759,8227,12425,8228,4199
111762,11,26,12,16
111766,1,2,2,2
111774,2,4,3,3
111776,1,6,2,6
111778,110,202,111,93
111781,2047,4032,2048,1986
111789,0,4,1,5
111793,1,2,2,2
111804,1,3,2,3
111811,4,13,5,10
111813,4,16,5,13
111815,5,22,6,18
111817,4,27,5,24
111842,0,1,1,2
111846,0,1,1,2
111848,0,1,1,2
111852,14,42,15,29
111854,0,5,1,6
111856,4,40,5,37
111868,0,2,1,3
111872,2,7,3,6
111874,1,3,2,3
111876,1,3,2,3
111880,4,12,5,9
111885,0,1,1,2
111887,3,13,4,11
111899,0,5,1,6
111901,0,2,1,3
111913,33,50,34,18
111915,5,18,6,14
111917,0,2,1,3
111919,0,6,1,7
111921,1475,3063,1476,1589
111924,44,123,45,80
111931,6,28,7,23
111944,0,5,1,6
111995,0,8,1,9
111997,1,1,2,1
111999,0,4,1,5
112015,0,2,1,3
112019,2,5,3,4
112021,1,3,2,3
112023,0,1,1,2
112056,0,2,1,3
112060,0,10,1,11
112062,5,14,6,10
112064,3,5,4,3
112066,28,69,29,42
112070,58,210,59,153
112072,8,13,9,6
112074,3,4,4,2
112076,1,6,2,6
112078,1,4,2,4
112081,1,6,2,6
112083,5,12,6,8
112085,8,32,9,25
112087,136,295,137,160
112095,0,1,1,2
112112,2,9,3,8
112138,1692,3796,1693,2105
112171,1322,2633,1323,1312
112173,2,10,3,9
112175,2788,4960,2789,2173
112181,0,2,1,3
112183,4214,7261,4215,3048
112185,0,3,1,4
112187,1,4,2,4
112204,0,1,1,2
112206,0,2,1,3
112212,1,2,2,2
112221,0,4,1,5
112224,1,3,2,3
112229,1,8,2,8
112236,5,8,6,4
112242,0,1,1,2
112245,23,42,24,20
112247,2,7,3,6
112249,1,2,2,2
112251,0,1,1,2
112253,1,2,2,2
112255,6,10,7,5
112257,2,4,3,3
112259,0,3,1,4
112261,0,5,1,6
112273,3,8,4,6
112275,3,15,4,13
112277,6,45,7,40
112279,8,23,9,16
112281,2,6,3,5
112283,4,20,5,17
112288,16,30,17,15
112290,2313,3827,2314,1515
112293,10,35,11,26
112299,5,15,6,11
112301,1,8,2,8
112303,22,76,23,55
112307,0,3,1,4
112309,1,14,2,14
112316,53,166,54,114
112320,3,23,4,21
112326,1,13,2,13
112328,0,2,1,3
112330,3,5,4,3
112332,0,7,1,8
112334,174,280,175,107
112338,5,11,6,7
112342,1,5,2,5
112353,0,2,1,3
112359,0,7,1,8
112361,0,2,1,3
112365,1,3,2,3
112367,1,1,2,1
112370,281,1468,282,1188
112381,17,41,18,25
112383,1,3,2,3
112385,1,2,2,2
112393,0,1,1,2
112395,0,1,1,2
112399,125,194,126,70
112404,12,38,13,27
112408,0,2,1,3
112412,12,30,13,19
112421,376,787,377,412
112425,1,12,2,12
112432,1,2,2,2
112434,12,26,13,15
112436,14,49,15,36
112439,1,4,2,4
112450,53,209,54,157
112452,0,4,1,5
112454,7,14,8,8
112458,0,1,1,2
112460,30,127,31,98
112463,1,2,2,2
112469,7,22,8,16
112471,1,2,2,2
112473,28,48,29,21
112481,1,13,2,13
112483,0,4,1,5
112485,3,9,4,7
112488,25,47,26,23
112493,0,2,1,3
112495,14,28,15,15
112497,45,263,46,219
112501,13,22,14,10
112506,8,28,9,21
112508,0,2,1,3
112510,0,1,1,2
112512,26,60,27,35
112517,0,4,1,5
112519,8,27,9,20
112538,0,4,1,5
112540,0,1,1,2
112548,0,1,1,2
112550,41,95,42,55
112552,8597,11179,8598,2583
112554,1,4,2,4
112556,8663,12818,8664,4156
112565,0,4,1,5
112577,1,4,2,4
112580,11,92,12,82
112582,176,300,177,125
112591,5,11,6,7
112594,1,14,2,14
112596,0,2,1,3
112599,3,4,4,2
112601,0,3,1,4
112603,0,1,1,2
112614,1,4,2,4
112617,0,2,1,3
112621,2,2,3,1
112623,2380,4884,2381,2505
112625,2,20,3,19
112635,0,1,1,2
112637,1,7,2,7
112640,5,38,6,34
112642,4,16,5,13
112644,0,2,1,3
112648,0,1,1,2
112650,0,10,1,11
112653,27,42,28,16
112655,7,49,8,43
112657,1,5,2,5
112663,0,1,1,2
112672,0,1,1,2
112689,20,44,21,25
112693,1,3,2,3
112695,0,1,1,2
112700,0,1,1,2
112705,0,7,1,8
112710,4,10,5,7
112717,0,1,1,2
112719,0,2,1,3
112723,1,4,2,4
112725,1,8,2,8
112727,43,207,44,165
112729,5,11,6,7
112731,1,6,2,6
112733,14,23,15,10
112735,9,15,10,7
112741,2,7,3,6
112743,3,6,4,4
112749,6,45,7,40
112751,5,12,6,8
112753,4,13,5,10
112759,0,3,1,4
112762,4,12,5,9
112767,14,66,15,53
112772,1,8,2,8
112776,1,3,2,3
112780,2,4,3,3
112782,0,2,1,3
112788,71,586,72,516
112792,0,3,1,4
112798,0,5,1,6
112800,0,2,1,3
112802,1,2,2,2
112804,608,1119,609,512
112807,6,13,7,8
112809,4,11,5,8
112811,8,24,9,17
112814,2,2,3,1
112818,196,756,197,561
112842,1,7,2,7
112846,0,2,1,3
112850,22,47,23,26
112852,10844,16324,10845,5481
112854,2,8,3,7
112856,1,3,2,3
112866,8,35,9,28
112868,142,588,143,447
112871,1,2,2,2
112877,0,1,1,2
112880,0,1,1,2
112882,1,8,2,8
112890,18,44,19,27
112893,1,3,2,3
112895,8,71,9,64
112897,272,1133,273,862
112905,9,24,10,16
112907,6,15,7,10
112909,0,13,1,14
112911,104,685,105,582
112913,22,40,23,19
112921,1,1,2,1
112925,3,10,4,8
112929,15,31,16,17
112938,0,11,1,12
112940,220,608,221,389
112942,1,1,2,1
112944,4,11,5,8
112946,98,235,99,138
112948,0,2,1,3
112950,0,3,1,4
112953,2,2,3,1
112955,4,11,5,8
112957,4,13,5,10
112959,0,5,1,6
112961,4,16,5,13
112974,6,22,7,17
112982,0,3,1,4
112988,6,19,7,14
112990,1,1,2,1
112992,0,1,1,2
112995,2,8,3,7
112999,0,1,1,2
113001,3,14,4,12
113012,0,1,1,2
113014,0,1,1,2
113016,1,4,2,4
113020,4,7,5,4
113024,0,1,1,2
113029,1,3,2,3
113033,2,9,3,8
113035,6,30,7,25
113037,1,12,2,12
113039,5,12,6,8
113041,2,8,3,7
113045,9,16,10,8
113048,6,30,7,25
113060,1,4,2,4
113062,4,21,5,18
113064,55,178,56,124
113066,23,40,24,18
113068,4,10,5,7
113071,28,100,29,73
113073,6,16,7,11
113080,8,29,9,22
113083,3,10,4,8
113085,0,1,1,2
113089,24,44,25,21
113092,4,13,5,10
113099,4,18,5,15
113101,0,1,1,2
113103,83,186,84,104
113105,1,5,2,5
113109,0,5,1,6
113126,2,7,3,6
113128,0,2,1,3
113132,0,1,1,2
113139,0,11,1,12
113141,0,3,1,4
113143,0,2,1,3
113149,0,1,1,2
113152,0,4,1,5
113162,0,5,1,6
113170,0,1,1,2
113176,2,3,3,2
113184,0,1,1,2
113186,8,34,9,27
113188,75,249,76,175
113203,1,5,2,5
113205,3,10,4,8
113207,39,123,40,85
113209,3,7,4,5
113214,10,20,11,11
113216,13,50,14,38
113218,4,15,5,12
113220,3,12,4,10
113223,0,5,1,6
113225,210,601,211,392
113227,3,7,4,5
113232,0,3,1,4
113234,3,13,4,11
113236,1,8,2,8
113238,9,17,10,9
113240,163,246,164,84
113244,2,4,3,3
113246,0,4,1,5
113250,64,155,65,92
113252,185,428,186,244
113254,5,13,6,9
113256,1,1,2,1
113263,7,15,8,9
113275,357,648,358,292
113280,5,9,6,5
113284,0,1,1,2
113286,0,3,1,4
113288,0,1,1,2
113302,4,15,5,12
113304,1,3,2,3
113306,0,2,1,3
113309,0,9,1,10
113311,0,1,1,2
113313,16,77,17,62
113315,34,67,35,34
113317,0,1,1,2
113325,0,1,1,2
113337,4,9,5,6
113345,340,1793,341,1454
113348,161,1024,162,864
113350,12,43,13,32
113352,2,4,3,3
113354,2,4,3,3
113368,0,1,1,2
113370,5,8,6,4
113374,20,39,21,20
113376,0,4,1,5
113378,454,1190,455,737
113380,0,2,1,3
113394,20,61,21,42
113416,1,11,2,11
113420,1,4,2,4
113424,0,2,1,3
113430,6,11,7,6
113432,3,5,4,3
113449,0,5,1,6
113451,0,3,1,4
113453,211,692,212,482
113457,0,1,1,2
113459,2,14,3,13
113464,0,2,1,3
113466,0,2,1,3
113468,0,1,1,2
113474,7,15,8,9
113476,1,6,2,6
113478,2,4,3,3
113495,0,1,1,2
113497,1,6,2,6
113503,2,14,3,13
113505,3,13,4,11
113507,3,5,4,3
113510,3,11,4,9
113515,0,1,1,2
113521,3,27,4,25
113532,43,135,44,93
113534,7,28,8,22
113536,2,5,3,4
113539,1,3,2,3
113541,1,2,2,2
113543,1,2,2,2
113545,2,2,3,1
113549,0,4,1,5
113553,0,1,1,2
113555,1,3,2,3
113557,1,11,2,11
113559,10,20,11,11
113561,0,2,1,3
113563,0,1,1,2
113565,35,133,36,99
113573,469,1449,470,981
113575,0,7,1,8
113577,0,2,1,3
113582,10,31,11,22
113585,0,4,1,5
113604,245,576,246,332
113608,2,2,3,1
113614,0,1,1,2
113630,3,9,4,7
113632,6,17,7,12
113634,1,4,2,4
113636,1,1,2,1
113638,0,2,1,3
113640,22,105,23,84
113644,1,7,2,7
113646,2,4,3,3
113648,0,5,1,6
113663,0,2,1,3
113668,1,3,2,3
113674,3,30,4,28
113678,0,1,1,2
113692,4,9,5,6
113696,6,81,7,76
113698,0,2,1,3
113701,0,1,1,2
113705,191,376,192,186
113707,0,10,1,11
113709,0,5,1,6
113711,13,25,14,13
113717,0,5,1,6
113721,0,2,1,3
113723,0,3,1,4
113725,1,4,2,4
113739,0,1,1,2
113741,1084,1744,1085,661
113743,0,1,1,2
113746,2,7,3,6
113749,0,5,1,6
113751,8,20,9,13
113755,1,1,2,1
113757,0,1,1,2
113765,2,3,3,2
113767,4,14,5,11
113769,10,102,11,93
113771,3,38,4,36
113775,13,91,14,79
113778,1,6,2,6
113780,177,499,178,323
113783,0,2,1,3
113790,1,2,2,2
113793,3,7,4,5
113795,1,5,2,5
113798,0,7,1,8
113800,0,3,1,4
113803,2,2,3,1
113812,0,2,1,3
113816,1,1,2,1
113829,289,594,290,306
113840,1,4,2,4
113843,4,11,5,8
113845,2,3,3,2
113847,1,3,2,3
113849,3,11,4,9
113851,4,18,5,15
113853,4,19,5,16
113855,0,2,1,3
113860,1,2,2,2
113862,281,711,282,431
113864,2,5,3,4
113866,2,22,3,21
113868,13,38,14,26
113889,7,30,8,24
113895,0,1,1,2
113898,0,1,1,2
113902,0,5,1,6
113904,1,3,2,3
113906,2,20,3,19
113908,1,1,2,1
113911,1,4,2,4
113924,1,4,2,4
113933,0,2,1,3
113938,1,7,2,7
113943,0,2,1,3
113945,0,2,1,3
113947,1,3,2,3
113951,2,5,3,4
113953,0,1,1,2
113955,0,1,1,2
113970,0,1,1,2
113972,1,1,2,1
113981,0,1,1,2
113983,0,2,1,3
113989,0,1,1,2
113991,1,4,2,4
114003,2,11,3,10
114007,103,328,104,226
114009,2,3,3,2
114013,5,29,6,25
114015,0,2,1,3
114017,0,2,1,3
114028,352,533,353,182
114033,31,206,32,176
114035,12,40,13,29
114042,21,90,22,70
114044,48,156,49,109
114046,11,50,12,40
114048,0,2,1,3
114060,401,878,402,478
114062,6,16,7,11
114064,0,2,1,3
114066,47,102,48,56
114068,8,17,9,10
114070,2,5,3,4
114072,0,2,1,3
114074,144,398,145,255
114078,0,16,1,17
114085,1,17,2,17
114087,0,1,1,2
114091,0,1,1,2
114093,1,10,2,10
114095,0,1,1,2
114122,2,9,3,8
114124,0,5,1,6
114126,2,13,3,12
114128,1,3,2,3
114138,1,8,2,8
114140,1,2,2,2
114142,0,3,1,4
114146,0,5,1,6
114164,0,2,1,3
114166,0,6,1,7
114168,0,2,1,3
114170,1,2,2,2
114172,1,1,2,1
114174,0,4,1,5
114177,2,7,3,6
114180,1702,4769,1703,3068
114182,13,61,14,49
114184,55,150,56,96
114186,1,1,2,1
114188,0,2,1,3
114191,1,3,2,3
114195,4,9,5,6
114197,2,6,3,5
114217,0,1,1,2
114234,4,6,5,3
114238,2,4,3,3
114240,4,14,5,11
114244,16,70,17,55
114246,128,557,129,430
114248,8,33,9,26
114250,22,68,23,47
114252,0,1,1,2
114254,3,16,4,14
114256,0,1,1,2
114263,7,9,8,3
114265,87,280,88,194
114267,7,17,8,11
114269,1,5,2,5
114271,1,5,2,5
114273,6,15,7,10
114277,34,69,35,36
114280,0,1,1,2
114282,0,2,1,3
114292,1,5,2,5
114329,58,125,59,68
114333,0,4,1,5
114335,5,14,6,10
114337,1,7,2,7
114340,1,3,2,3
114342,221,401,222,181
114353,1,2,2,2
114355,0,1,1,2
114357,1,1,2,1
114359,1,1,2,1
114361,0,1,1,2
114363,1,3,2,3
114365,0,1,1,2
114369,0,1,1,2
114371,0,10,1,11
114373,1,7,2,7
114376,1,14,2,14
114378,22,55,23,34
114380,0,2,1,3
114382,3,3,4,1
114392,62,185,63,124
114394,1,7,2,7
114396,2,18,3,17
114398,0,1,1,2
114400,0,3,1,4
114417,7,12,8,6
114420,2,9,3,8
114426,19,39,20,21
114429,0,1,1,2
114433,3,5,4,3
114436,10,29,11,20
114439,92,350,93,259
114453,3,18,4,16
114455,1,11,2,11
114457,3,10,4,8
114459,29,127,30,99
114461,6,17,7,12
114486,47,83,48,37
114489,1,4,2,4
114492,1,14,2,14
114494,207,368,208,162
114505,0,1,1,2
114510,3,5,4,3
114514,3,7,4,5
114535,2,5,3,4
114550,8,35,9,28
114552,220,644,221,425
114554,349,520,350,172
114556,7,20,8,14
114561,4,11,5,8
114563,9,25,10,17
114565,1,3,2,3
114567,0,1,1,2
114569,0,4,1,5
114571,1,4,2,4
114573,0,2,1,3
114577,0,1,1,2
114591,0,5,1,6
114593,1,4,2,4
114595,0,1,1,2
114599,2,9,3,8
114601,114,365,115,252
114604,0,8,1,9
114617,0,3,1,4
114620,3,5,4,3
114622,0,2,1,3
114624,0,1,1,2
114627,70,116,71,47
114631,5,6,6,2
114633,1,7,2,7
114635,126,168,127,43
114638,0,2,1,3
114640,0,9,1,10
114652,4,8,5,5
114659,10,41,11,32
114662,1942,4241,1943,2300
114667,4,15,5,12
114670,71,376,72,306
114676,2,5,3,4
114678,147,328,148,182
114680,9,48,10,40
114683,0,2,1,3
114685,2,4,3,3
114687,3,5,4,3
114692,32,58,33,27
114694,4,11,5,8
114696,2,8,3,7
114698,1,2,2,2
114700,38,92,39,55
114702,1,4,2,4
114704,7,68,8,62
114713,114,594,115,481
114715,3,7,4,5
114717,3,5,4,3
114719,0,3,1,4
114721,14,30,15,17
114725,12,27,13,16
114752,1,8,2,8
114754,1,4,2,4
114756,1,7,2,7
114758,6,75,7,70
114760,20,64,21,45
114762,247,604,248,358
114764,0,1,1,2
114766,0,7,1,8
114773,0,2,1,3
114777,0,4,1,5
114791,1,2,2,2
114793,27,58,28,32
114795,346,1239,347,894
114799,0,2,1,3
114805,1,4,2,4
114807,0,4,1,5
114809,0,5,1,6
114814,2,16,3,15
114818,46,177,47,132
114832,1,4,2,4
114834,0,11,1,12
114836,1,6,2,6
114838,5,30,6,26
114842,0,6,1,7
114847,264,761,265,498
114849,8,58,9,51
114852,4,12,5,9
114854,2,3,3,2
114856,3,21,4,19
114859,0,7,1,8
114861,0,8,1,9
114873,6,21,7,16
114875,3,19,4,17
114883,0,2,1,3
114888,0,13,1,14
114891,3,11,4,9
114898,0,5,1,6
114900,0,2,1,3
114902,2,10,3,9
114922,0,2,1,3
114925,19,107,20,89
114928,5,36,6,32
114933,14,27,15,14
114935,2215,3837,2216,1623
114945,22,62,23,41
114947,3,8,4,6
114954,0,2,1,3
114958,5,28,6,24
114961,0,1,1,2
114963,1,2,2,2
114980,4,10,5,7
114984,0,7,1,8
114995,1,1,2,1
115004,1,4,2,4
115006,0,1,1,2
115008,17,38,18,22
115023,0,5,1,6
115027,0,1,1,2
115040,4,13,5,10
115042,5,8,6,4
115060,0,2,1,3
115065,2,29,3,28
115068,1,3,2,3
115071,13,52,14,40
115075,13,30,14,18
115078,0,1,1,2
115084,0,1,1,2
115122,1580,2304,1581,725
115130,21,46,22,26
115135,13,25,14,13
115139,2,6,3,5
115145,8,16,9,9
115147,132,264,133,133
115149,3847,6552,3848,2706
115151,5,25,6,21
115160,3,12,4,10
115162,4,19,5,16
115164,3,5,4,3
115166,1,3,2,3
115170,418,995,419,578
115172,22,66,23,45
115174,22,81,23,60
115176,4,8,5,5
115178,1,11,2,11
115203,18,33,19,16
115205,3,10,4,8
115207,6,21,7,16
115210,2325,4211,2326,1887
115216,55,177,56,123
115218,1,4,2,4
115231,352,912,353,561
115233,1,2,2,2
115235,23,62,24,40
115238,0,1,1,2
115240,9,34,10,26
115242,1,7,2,7
115244,7,21,8,15
115247,0,5,1,6
115249,1,6,2,6
115251,1,5,2,5
115254,0,1,1,2
115256,0,3,1,4
115258,0,5,1,6
115263,4,17,5,14
115277,1,3,2,3
115279,0,2,1,3
115283,1,5,2,5
115285,2,7,3,6
115287,2,21,3,20
115291,4,22,5,19
115309,16,40,17,25
115333,0,3,1,4
115335,0,5,1,6
115337,0,3,1,4
115339,0,2,1,3
115341,0,4,1,5
115343,0,5,1,6
115348,2,8,3,7
115357,0,8,1,9
115364,2,14,3,13
115373,0,6,1,7
115376,0,8,1,9
115379,0,2,1,3
115381,36,182,37,147
115386,0,1,1,2
115388,0,1,1,2
115409,1,7,2,7
115412,0,1,1,2
115414,16,122,17,107
115417,0,7,1,8
115421,1,2,2,2
115423,0,1,1,2
115437,19,56,20,38
115439,1,6,2,6
115460,2,4,3,3
115463,2,6,3,5
115467,22,51,23,30
115469,2,7,3,6
115471,4,68,5,65
115473,0,3,1,4
115475,4,10,5,7
115479,0,3,1,4
115502,27,117,28,91
115518,0,2,1,3
115524,1,5,2,5
115526,2,7,3,6
115531,2,8,3,7
115534,31,254,32,224
115540,5,10,6,6
115556,3,10,4,8
115558,0,4,1,5
115562,1,1,2,1
115569,4904,7343,4905,2440
115574,2,11,3,10
115598,0,1,1,2
115600,0,5,1,6
115607,0,2,1,3
115611,1,9,2,9
115617,6558,10379,6559,3822
115620,0,2,1,3
115629,69,143,70,75
115635,0,2,1,3
115653,0,5,1,6
115664,395,832,396,438
115667,364,628,365,265
115669,15,30,16,16
115671,0,3,1,4
115673,0,1,1,2
115676,3,5,4,3
115678,6,19,7,14
115680,344,710,345,367
115682,0,2,1,3
115685,18,28,19,11
115687,10,26,11,17
115692,1,4,2,4
115699,6,11,7,6
115701,0,3,1,4
115703,16,35,17,20
115705,18,41,19,24
115708,13,32,14,20
115711,10,22,11,13
115713,8496,12547,8497,4052
115715,2,2,3,1
115721,4,16,5,13
115724,1,2,2,2
115727,7,23,8,17
115746,6,9,7,4
115748,4,16,5,13
115752,0,1,1,2
115754,1,3,2,3
115756,4,12,5,9
115759,0,4,1,5
115761,1,11,2,11
115763,1,2,2,2
115770,46,82,47,37
115772,1,3,2,3
115775,3,3,4,1
115777,1,22,2,22
115779,3,3,4,1
115784,1,3,2,3
115789,0,5,1,6
115791,1,1,2,1
115793,1,2,2,2
115795,1,1,2,1
115797,0,1,1,2
115819,10,40,11,31
115824,76,207,77,132
115826,0,5,1,6
115828,47,103,48,57
115831,0,4,1,5
115834,0,2,1,3
115836,2,6,3,5
115862,0,2,1,3
115864,1,5,2,5
115867,3,6,4,4
115871,10,43,11,34
115873,1,3,2,3
115875,31,86,32,56
115879,20,76,21,57
115881,143,325,144,183
115883,0,3,1,4
115885,1,7,2,7
115887,1,15,2,15
115889,0,1,1,2
115893,0,5,1,6
115895,5,7,6,3
115897,0,5,1,6
115899,0,2,1,3
115901,1,4,2,4
115903,5,14,6,10
115905,1,1,2,1
115907,2,15,3,14
115909,8,30,9,23
115911,0,3,1,4
115913,1,9,2,9
115915,6,15,7,10
115917,0,11,1,12
115919,0,1,1,2
115921,3,24,4,22
115923,0,4,1,5
115925,0,5,1,6
115927,35,83,36,49
115929,3,20,4,18
115931,0,4,1,5
115933,0,4,1,5
115935,0,1,1,2
115937,4,12,5,9
115939,2,12,3,11
115941,16,44,17,29
115943,13,31,14,19
115945,10,30,11,21
115947,8,20,9,13
115949,25,66,26,42
115951,1,14,2,14
115953,2,5,3,4
115955,1,6,2,6
115957,0,2,1,3
115961,0,4,1,5
115963,7,19,8,13
115965,40,82,41,43
115967,55,135,56,81
115969,51,70,52,20
115971,3,12,4,10
115973,31,54,32,24
115975,2,5,3,4
115977,9,13,10,5
115979,0,3,1,4
115981,1,3,2,3
115983,0,1,1,2
115985,0,1,1,2
115987,1,3,2,3
115989,0,3,1,4
115991,45,105,46,61
115994,4,6,5,3
115996,4,10,5,7
115998,8,15,9,8
116000,0,3,1,4
116002,21,34,22,14
116004,22,47,23,26
116006,2,6,3,5
116008,2,11,3,10
116010,3,9,4,7
116012,5,6,6,2
116014,0,2,1,3
116016,2,2,3,1
116018,4,9,5,6
116024,8,27,9,20
116026,0,2,1,3
116028,3,24,4,22
116030,6,24,7,19
116032,0,21,1,22
116034,5,31,6,27
116036,9,20,10,12
116038,0,2,1,3
116042,0,5,1,6
116044,0,7,1,8
116046,1,1,2,1
116048,1,2,2,2
116050,2,3,3,2
116052,1,5,2,5
116056,0,4,1,5
116062,2,10,3,9
116064,0,1,1,2
116066,2,3,3,2
116068,1,2,2,2
116072,0,1,1,2
116076,4,10,5,7
116078,0,1,1,2
116080,4,17,5,14
116082,2,7,3,6
116084,0,7,1,8
116086,1,10,2,10
116088,1,5,2,5
116090,3,10,4,8
116092,1,7,2,7
116094,1,8,2,8
116096,0,2,1,3
116098,0,3,1,4
116100,0,3,1,4
116102,0,2,1,3
116104,0,2,1,3
116106,2,2,3,1
116108,1,1,2,1
116112,0,1,1,2
116116,0,1,1,2
116118,0,1,1,2
116122,2,2,3,1
116124,0,3,1,4
116126,0,2,1,3
116128,3,14,4,12
116132,0,1,1,2
116134,0,2,1,3
116136,161,222,162,62
116138,375,657,376,283
116141,1,2,2,2
116155,15,36,16,22
116157,3,13,4,11
116159,3,9,4,7
116161,363,1041,364,679
116163,0,1,1,2
116165,0,3,1,4
116167,1,4,2,4
116169,10,24,11,15
116171,10,31,11,22
116173,0,2,1,3
116175,1,2,2,2
116177,2,4,3,3
116179,8,11,9,4
116181,1,6,2,6
116183,4,8,5,5
116185,0,3,1,4
116187,0,1,1,2
116189,0,1,1,2
116191,17,65,18,49
116193,1,6,2,6
116195,1,4,2,4
116197,1,5,2,5
116199,2,15,3,14
116201,0,2,1,3
116203,0,1,1,2
116205,0,13,1,14
116207,9,36,10,28
116211,0,2,1,3
116213,6,22,7,17
116215,8,35,9,28
116217,47,110,48,64
116219,40,99,41,60
116221,0,2,1,3
116223,1,3,2,3
116225,8,21,9,14
116227,10,15,11,6
116229,0,1,1,2
116231,1,6,2,6
116233,0,2,1,3
116235,1,1,2,1
116239,0,1,1,2
116241,0,1,1,2
116243,1,1,2,1
116245,0,2,1,3
116249,0,1,1,2
116251,0,1,1,2
116253,2,3,3,2
116257,1,10,2,10
116259,1,5,2,5
116261,14,34,15,21
116265,3,4,4,2
116267,8,17,9,10
116271,1,3,2,3
116275,12,33,13,22
116279,2,6,3,5
116281,2,15,3,14
116283,0,3,1,4
116285,2,6,3,5
116289,7,22,8,16
116291,0,2,1,3
116297,0,6,1,7
116299,8,19,9,12
116301,2,11,3,10
116305,0,3,1,4
116307,57,114,58,58
116309,1,3,2,3
116311,0,5,1,6
116313,1,5,2,5
116315,0,6,1,7
116317,6,21,7,16
116323,3,10,4,8
116325,0,3,1,4
116331,0,2,1,3
116333,0,2,1,3
116335,0,3,1,4
116337,0,1,1,2
116341,0,3,1,4
116343,6,12,7,7
116345,2,2,3,1
116347,1,3,2,3
116351,0,4,1,5
116387,2,4,3,3
116397,141,369,142,229
116399,6,11,7,6
116401,0,2,1,3
116403,3,4,4,2
116405,0,1,1,2
116407,2,6,3,5
116409,0,4,1,5
116411,125,190,126,66
116413,18,66,19,49
116415,4,15,5,12
116417,1,5,2,5
116419,2,18,3,17
116421,1,2,2,2
116423,0,1,1,2
116425,0,1,1,2
116427,2,5,3,4
116431,0,12,1,13
116433,0,3,1,4
116435,0,2,1,3
116437,0,3,1,4
116441,1,5,2,5
116443,0,1,1,2
116445,1,2,2,2
116447,4,9,5,6
116449,0,1,1,2
116451,0,1,1,2
116453,12,38,13,27
116455,0,2,1,3
116459,0,1,1,2
116461,3,7,4,5
116463,4,14,5,11
116465,4,29,5,26
116469,0,3,1,4
116475,0,2,1,3
116477,2,4,3,3
116479,1,3,2,3
116481,0,3,1,4
116483,10,17,11,8
116485,1,5,2,5
116487,2,8,3,7
116489,14,26,15,13
116491,8,18,9,11
116493,11,38,12,28
116495,5,10,6,6
116497,0,1,1,2
116499,1,8,2,8
116501,1,6,2,6
116503,9,52,10,44
116505,10,28,11,19
116507,1,6,2,6
116509,1,1,2,1
116511,2,3,3,2
116513,1,1,2,1
116515,0,1,1,2
116517,0,1,1,2
116519,2,9,3,8
116521,0,1,1,2
116523,0,1,1,2
116525,2,6,3,5
116529,9,56,10,48
116533,0,3,1,4
116535,0,1,1,2
116539,1,9,2,9
116543,0,1,1,2
116547,0,3,1,4
116549,2,4,3,3
116551,2,6,3,5
116555,0,1,1,2
116560,1,3,2,3
116562,0,1,1,2
116564,0,4,1,5
116566,0,1,1,2
116568,1,4,2,4
116572,0,3,1,4
116574,1,3,2,3
116578,6,18,7,13
116580,2,10,3,9
116584,1,5,2,5
116586,2,7,3,6
116588,0,2,1,3
116590,0,4,1,5
116596,0,1,1,2
116598,0,1,1,2
116600,3,8,4,6
116604,0,4,1,5
116606,1,1,2,1
116608,0,18,1,19
116647,0,2,1,3
116660,66,109,67,44
116664,5,11,6,7
116666,1,9,2,9
116668,40,128,41,89
116674,1,8,2,8
116678,1,5,2,5
116680,8,19,9,12
116682,3,11,4,9
116686,0,2,1,3
116688,0,3,1,4
116694,1,4,2,4
116696,0,2,1,3
116698,0,2,1,3
116700,2,14,3,13
116702,4,9,5,6
116704,3,11,4,9
116708,0,1,1,2
116710,1,5,2,5
116716,0,3,1,4
116718,2,10,3,9
116720,3,22,4,20
116722,6,19,7,14
116724,12,21,13,10
116726,7,21,8,15
116728,0,2,1,3
116730,1,2,2,2
116732,3,10,4,8
116734,0,5,1,6
116736,1,8,2,8
116738,1,17,2,17
116740,1,4,2,4
116742,13,31,14,19
116744,5,11,6,7
116748,2,3,3,2
116750,1,6,2,6
116752,1,9,2,9
116754,0,3,1,4
116756,0,2,1,3
116758,0,6,1,7
116760,0,1,1,2
116762,0,1,1,2
116766,1,3,2,3
116768,3,10,4,8
116770,5,19,6,15
116772,0,5,1,6
116779,6,22,7,17
116781,15,89,16,75
116783,0,3,1,4
116787,1,3,2,3
116789,0,5,1,6
116791,0,2,1,3
116793,0,1,1,2
116797,10629,15520,10630,4892
116799,441,1049,442,609
116801,40,71,41,32
116803,2,4,3,3
116805,2,9,3,8
116807,21,56,22,36
116809,1,4,2,4
116811,0,1,1,2
116813,0,7,1,8
116815,0,5,1,6
116817,53,103,54,51
116819,1,4,2,4
116821,0,3,1,4
116823,2717,6422,2718,3706
116831,5,30,6,26
116833,18,29,19,12
116835,0,1,1,2
116837,5,15,6,11
116839,33,57,34,25
116841,16,76,17,61
116845,27,40,28,14
116847,6,10,7,5
116849,8,50,9,43
116851,0,1,1,2
116853,2,32,3,31
116855,159,242,160,84
116857,14,35,15,22
116859,18,48,19,31
116861,5,20,6,16
116863,1,2,2,2
116867,0,2,1,3
116869,0,2,1,3
116871,0,4,1,5
116877,0,1,1,2
116879,0,3,1,4
116881,0,2,1,3
116883,0,1,1,2
116885,0,1,1,2
116887,98,645,99,548
116889,2,9,3,8
116891,0,5,1,6
116893,25,75,26,51
116895,1,3,2,3
116897,1437,1931,1438,495
116899,5,13,6,9
116901,7,17,8,11
116903,8,14,9,7
116905,112,179,113,68
116907,58,111,59,54
116909,0,12,1,13
116911,6,18,7,13
116913,0,4,1,5
116915,0,3,1,4
116917,0,1,1,2
116919,0,1,1,2
116921,0,1,1,2
116923,0,1,1,2
116925,0,3,1,4
116927,1,4,2,4
116929,0,3,1,4
116931,1,1,2,1
116933,2,8,3,7
116935,1,5,2,5
116937,0,5,1,6
116939,5,12,6,8
116941,8,38,9,31
116943,9,30,10,22
116945,7,12,8,6
116947,1,14,2,14
116949,0,6,1,7
116951,131,178,132,48
116953,1,6,2,6
116955,0,1,1,2
116957,15,29,16,15
116959,1,2,2,2
116961,0,2,1,3
116963,0,15,1,16
116965,0,2,1,3
116969,9,17,10,9
116971,2,17,3,16
116973,2,9,3,8
116975,37,49,38,13
116977,187,1098,188,912
116979,1,6,2,6
116981,1,3,2,3
116983,0,1,1,2
116985,13,59,14,47
116987,1,3,2,3
116989,26,53,27,28
116991,7,11,8,5
117003,0,2,1,3
117017,1,20,2,20
117022,0,1,1,2
117061,3,5,4,3
117065,3,31,4,29
117105,0,1,1,2
117107,12,49,13,38
117109,117,199,118,83
117111,3,9,4,7
117113,0,3,1,4
117115,2,9,3,8
117117,6,14,7,9
117119,1,8,2,8
117121,17,40,18,24
117123,60,179,61,120
117125,6,15,7,10
117127,5,12,6,8
117129,2,19,3,18
117133,4,20,5,17
117136,16,32,17,17
117138,12,16,13,5
117140,0,2,1,3
117142,1,14,2,14
117144,0,1,1,2
117146,6,24,7,19
117148,1,12,2,12
117150,0,1,1,2
117152,0,5,1,6
117154,0,8,1,9
117156,0,2,1,3
117158,2,5,3,4
117160,0,1,1,2
117162,1,9,2,9
117164,1,1,2,1
117166,0,1,1,2
117168,0,1,1,2
117172,0,1,1,2
117174,0,1,1,2
117176,2944,5028,2945,2085
117178,3,14,4,12
117180,0,3,1,4
117182,0,3,1,4
117184,2,8,3,7
117186,0,2,1,3
117188,0,3,1,4
117190,1,1,2,1
117194,11,42,12,32
117196,1,3,2,3
117198,0,4,1,5
117300,0,4,1,5
117302,0,1,1,2
117304,1,3,2,3
117308,13,49,14,37
117310,19,33,20,15
117312,15,67,16,53
117314,7,15,8,9
117316,2,3,3,2
117318,2,7,3,6
117320,3,21,4,19
117322,7,21,8,15
117324,1,7,2,7
117326,0,3,1,4
117328,1,5,2,5
117330,1,4,2,4
117332,1,5,2,5
117334,10,40,11,31
117336,4,12,5,9
117338,1,13,2,13
117340,1,7,2,7
117342,0,5,1,6
117344,7,32,8,26
117346,5,11,6,7
117348,1,7,2,7
117350,4,8,5,5
117352,1,2,2,2
117354,1,15,2,15
117356,2,5,3,4
117358,1,11,2,11
117360,2,8,3,7
117362,5,11,6,7
117364,88,118,89,31
117366,0,6,1,7
117368,42,89,43,48
117370,7,26,8,20
117372,13,87,14,75
117374,1,4,2,4
117376,5,13,6,9
117415,1,4,2,4
117418,3,5,4,3
117420,6,18,7,13
117424,0,5,1,6
117426,0,1,1,2
117428,1,1,2,1
117430,29,69,30,41
117432,3,9,4,7
117434,45,158,46,114
117436,0,4,1,5
117438,222,377,223,156
117440,2,4,3,3
117442,3,26,4,24
117444,787,1108,788,322
117446,11,31,12,21
117448,2,6,3,5
117450,3,5,4,3
117452,0,3,1,4
117454,1,2,2,2
117456,39,82,40,44
117458,1,1,2,1
117460,2,4,3,3
117462,0,8,1,9
117464,17,38,18,22
117466,167,513,168,347
117468,2,3,3,2
117470,4,8,5,5
117472,1,4,2,4
117474,3,12,4,10
117476,1,7,2,7
117478,0,4,1,5
117480,1,10,2,10
117482,1,4,2,4
117484,0,2,1,3
117486,1,4,2,4
117488,6,19,7,14
117490,1,9,2,9
117492,6,22,7,17
117494,0,2,1,3
117496,1,3,2,3
117498,6,11,7,6
117500,0,1,1,2
117502,0,1,1,2
117504,1,4,2,4
117506,11,19,12,9
117509,1,2,2,2
117511,10,57,11,48
117513,0,4,1,5
117515,4,14,5,11
117517,24,76,25,53
117519,0,5,1,6
117521,0,5,1,6
117523,0,1,1,2
117525,3,6,4,4
117527,2,7,3,6
117529,2076,5785,2077,3710
117531,5,14,6,10
117533,1168,1689,1169,522
117535,1,1,2,1
117537,3,6,4,4
117539,4,11,5,8
117541,0,1,1,2
117543,12,38,13,27
117545,69,158,70,90
117547,5,16,6,12
117549,76,242,77,167
117551,2,2,3,1
117553,1,7,2,7
117555,18,29,19,12
117561,0,2,1,3
117565,4,16,5,13
117570,0,6,1,7
117572,2,12,3,11
117574,2,4,3,3
117576,2,9,3,8
117578,0,6,1,7
117580,2,6,3,5
117582,4,12,5,9
117584,1,2,2,2
117586,1,3,2,3
117588,6,14,7,9
117590,432,1436,433,1005
117592,3,8,4,6
117594,1,9,2,9
117596,2,5,3,4
117598,0,6,1,7
117602,0,1,1,2
117604,3,8,4,6
117606,1,2,2,2
117608,0,1,1,2
117612,0,1,1,2
117614,1,3,2,3
117616,0,2,1,3
117618,1,3,2,3
117620,1,2,2,2
117622,0,4,1,5
117624,0,1,1,2
117626,0,2,1,3
117628,3,13,4,11
117630,0,10,1,11
117632,1,6,2,6
117634,0,1,1,2
117636,0,4,1,5
117638,3,18,4,16
117642,0,2,1,3
117644,0,1,1,2
117646,3,23,4,21
117648,2,8,3,7
117650,4,13,5,10
117652,2,7,3,6
117654,0,1,1,2
117656,2,2,3,1
117658,0,1,1,2
117660,0,2,1,3
117662,0,2,1,3
117666,0,2,1,3
117668,0,1,1,2
117670,2,3,3,2
117672,7,16,8,10
117674,0,4,1,5
117676,4,15,5,12
117678,3,7,4,5
117680,1,4,2,4
117682,14,27,15,14
117684,4,10,5,7
117690,1,2,2,2
117692,0,2,1,3
117694,0,3,1,4
117696,1,9,2,9
117698,0,2,1,3
117702,2,2,3,1
117706,2,7,3,6
117708,0,1,1,2
117710,0,6,1,7
117712,1,3,2,3
117714,2,16,3,15
117716,0,2,1,3
117718,0,7,1,8
117720,0,3,1,4
117722,1,4,2,4
117726,12,23,13,12
117728,1,13,2,13
117732,1,5,2,5
117734,1,1,2,1
117736,0,2,1,3
117738,0,1,1,2
117740,2,9,3,8
117742,0,1,1,2
117744,0,1,1,2
117746,0,2,1,3
117748,0,1,1,2
117750,0,2,1,3
117752,1,1,2,1
117754,1,1,2,1
117756,1,2,2,2
117838,9,14,10,6
117843,2,7,3,6
117845,1,5,2,5
117847,0,4,1,5
117849,30,49,31,20
117851,312,856,313,545
117853,2,3,3,2
117855,0,2,1,3
117857,1,2,2,2
117859,1,1,2,1
117861,19,62,20,44
117863,3,7,4,5
117865,0,3,1,4
117867,178,333,179,156
117869,0,1,1,2
117871,74,249,75,176
117873,2,5,3,4
117875,0,6,1,7
117877,29,55,30,27
117879,8,19,9,12
117881,594,1049,595,456
117883,1,5,2,5
117885,3,23,4,21
117887,372,849,373,478
117889,0,1,1,2
117891,0,2,1,3
117893,22,98,23,77
117895,565,1879,566,1315
117897,3,13,4,11
117899,0,2,1,3
117901,4,12,5,9
117903,0,2,1,3
117905,1,5,2,5
117907,3,9,4,7
117909,5,22,6,18
117911,4,15,5,12
117913,12,18,13,7
117918,0,2,1,3
117920,9,24,10,16
117922,55,136,56,82
117924,7,13,8,7
117926,0,3,1,4
117928,23,48,24,26
117930,2,5,3,4
117932,4,17,5,14
117954,0,1,1,2
117956,0,1,1,2
117960,0,1,1,2
117962,0,3,1,4
117964,3,7,4,5
117966,0,1,1,2
117977,0,1,1,2
117981,0,2,1,3
117985,1,3,2,3
117987,1,1,2,1
117989,2,4,3,3
117995,0,2,1,3
117997,1,3,2,3
117999,1,1,2,1
118003,0,1,1,2
118006,0,3,1,4
118013,0,1,1,2
118017,0,1,1,2
118023,0,2,1,3
118025,0,1,1,2
118033,1,1,2,1
118036,0,2,1,3
118038,0,1,1,2
118040,0,2,1,3
118054,0,2,1,3
118057,2,7,3,6
118082,145,452,146,308
118085,51,71,52,21
118091,3,7,4,5
118093,0,2,1,3
118095,1,7,2,7
118097,1,6,2,6
118099,1,3,2,3
118101,25,57,26,33
118103,12,39,13,28
118105,4,19,5,16
118107,0,2,1,3
118109,3,13,4,11
118111,0,2,1,3
118113,2,4,3,3
118115,2,5,3,4
118117,4,28,5,25
118133,2,3,3,2
118166,63,89,64,27
118173,12,51,13,40
118175,1,3,2,3
118177,0,5,1,6
118185,0,1,1,2
118189,6,22,7,17
118191,0,1,1,2
118193,0,2,1,3
118195,0,1,1,2
118198,9,24,10,16
118200,2,7,3,6
118202,106,164,107,59
118204,5,8,6,4
118206,3,15,4,13
118214,4,11,5,8
118216,0,2,1,3
118220,0,2,1,3
118226,1,2,2,2
118228,1,1,2,1
118232,1,3,2,3
118234,1,4,2,4
118236,11,15,12,5
118242,1,1,2,1
118244,43,71,44,29
118246,95,229,96,135
118248,4,41,5,38
118250,0,2,1,3
118252,13,40,14,28
118254,2,8,3,7
118256,10,45,11,36
118258,0,3,1,4
118260,12,39,13,28
118262,1,1,2,1
118264,1,14,2,14
118266,1,4,2,4
118268,3,3,4,1
118270,3,12,4,10
118272,6,10,7,5
118274,0,1,1,2
118276,0,3,1,4
118278,0,3,1,4
118280,0,1,1,2
118284,1,3,2,3
118288,0,2,1,3
118290,0,6,1,7
118294,0,1,1,2
118298,0,3,1,4
118300,5,37,6,33
118302,58,87,59,30
118324,2,7,3,6
118326,1,11,2,11
118328,8,25,9,18
118330,3,10,4,8
118332,0,9,1,10
118334,0,20,1,21
118338,34,76,35,43
118340,2,3,3,2
118342,1,11,2,11
118344,1,11,2,11
118346,1,6,2,6
118348,0,1,1,2
118350,1,8,2,8
118352,0,2,1,3
118354,67,210,68,144
118380,2,4,3,3
118388,1,8,2,8
118390,1,9,2,9
118392,8,27,9,20
118426,1,2,2,2
118446,0,4,1,5
118448,0,7,1,8
118454,0,1,1,2
118458,2,4,3,3
118460,3,7,4,5
118462,1,2,2,2
118464,3,6,4,4
118466,51,94,52,44
118472,1,5,2,5
118476,1,3,2,3
118484,0,4,1,5
118486,0,1,1,2
118490,1,4,2,4
118492,0,2,1,3
118494,0,1,1,2
118496,54,137,55,84
118498,1,10,2,10
118504,1,3,2,3
118510,0,1,1,2
118512,13,46,14,34
118516,0,1,1,2
118520,1,2,2,2
118522,0,1,1,2
118524,1,11,2,11
118528,1,3,2,3
118530,2,8,3,7
118532,6,14,7,9
118536,1,2,2,2
118538,0,1,1,2
118540,1,1,2,1
118542,1,5,2,5
118544,2,3,3,2
118546,1,2,2,2
118552,0,1,1,2
118556,0,1,1,2
118558,1,2,2,2
118560,0,3,1,4
118562,0,1,1,2
118568,1,3,2,3
118570,7,31,8,25
118572,11,35,12,25
118574,1,1,2,1
118576,4,5,5,2
118584,0,2,1,3
118608,0,6,1,7
118684,1,20,2,20
118686,5,14,6,10
118688,4,6,5,3
118690,0,1,1,2
118692,1,2,2,2
118694,0,5,1,6
118696,2636,5519,2637,2884
118698,0,1,1,2
118700,464,878,465,415
118702,341,743,342,403
118704,4,5,5,2
118706,34,164,35,131
118708,1,1,2,1
118710,19,46,20,28
118712,0,1,1,2
118716,0,8,1,9
118730,0,1,1,2
118734,5,14,6,10
118736,1,2,2,2
118738,1,2,2,2
118742,0,6,1,7
118744,0,2,1,3
118746,0,3,1,4
118748,0,2,1,3
118752,1,7,2,7
118754,1,6,2,6
118758,0,2,1,3
118760,82,147,83,66
118762,2,10,3,9
118764,4,8,5,5
118766,3,12,4,10
118768,1,4,2,4
118770,0,1,1,2
118774,1,1,2,1
118776,3,5,4,3
118778,0,2,1,3
118782,2,10,3,9
118784,0,3,1,4
118786,1,4,2,4
118788,1,4,2,4
118790,3,9,4,7
118792,0,13,1,14
118794,2,3,3,2
118796,0,1,1,2
118800,0,2,1,3
118806,0,1,1,2
118808,0,2,1,3
118810,0,2,1,3
118812,0,1,1,2
118814,21,93,22,73
118816,0,6,1,7
118818,1,1,2,1
118820,0,1,1,2
118824,1,2,2,2
118826,1,6,2,6
118830,0,1,1,2
118832,2,7,3,6
118834,1,4,2,4
118838,0,5,1,6
118842,2,5,3,4
118844,0,2,1,3
118846,5,10,6,6
118848,0,3,1,4
118850,0,8,1,9
118854,12,28,13,17
118856,4,9,5,6
118858,2,2,3,1
118860,4,6,5,3
118862,8,20,9,13
118864,0,1,1,2
118866,15,25,16,11
118868,4,10,5,7
118870,0,5,1,6
118872,4,15,5,12
118874,3,4,4,2
118876,4,20,5,17
118878,1,5,2,5
118880,233,451,234,219
118882,6,13,7,8
118884,6,8,7,3
118886,0,2,1,3
118888,186,271,187,86
118892,4,8,5,5
118894,16,26,17,11
118896,291,453,292,163
118898,281,636,282,356
118900,469,1016,470,548
118902,3,15,4,13
118904,0,3,1,4
118906,1,1,2,1
118908,9,16,10,8
118910,0,4,1,5
118914,0,3,1,4
118916,1,9,2,9
118920,0,1,1,2
118922,3,38,4,36
118924,43,168,44,126
118926,1,2,2,2
118930,171,243,172,73
118944,1,7,2,7
118946,5,11,6,7
118948,0,5,1,6
118958,1,7,2,7
118964,1,1,2,1
118966,0,2,1,3
118968,3,10,4,8
118970,26,87,27,62
118972,5,32,6,28
118974,0,2,1,3
118983,6,8,7,3
118985,207,635,208,429
118995,1,1,2,1
118997,299,1080,300,782
119005,1,1,2,1
119013,0,1,1,2
119025,0,1,1,2
119027,0,2,1,3
119029,0,1,1,2
119031,0,1,1,2
119035,0,1,1,2
119037,0,1,1,2
119039,0,1,1,2
119041,0,1,1,2
119043,0,2,1,3
119045,0,1,1,2
119047,0,1,1,2
119049,0,2,1,3
119051,0,2,1,3
119053,1,3,2,3
119055,0,2,1,3
119057,0,5,1,6
119059,0,1,1,2
119061,0,7,1,8
119065,34,75,35,42
119068,64,150,65,87
119080,1,3,2,3
119084,1,5,2,5
119126,5,21,6,17
119135,0,5,1,6
119139,31,82,32,52
119141,742,2711,743,1970
119145,5692,9620,5693,3929
119147,1,7,2,7
119149,0,2,1,3
119151,1,5,2,5
119153,116,169,117,54
119155,339,1290,340,952
119157,0,1,1,2
119159,1,10,2,10
119163,2,7,3,6
119165,2,3,3,2
119167,2,8,3,7
119169,1,15,2,15
119171,15,22,16,8
119180,0,5,1,6
119182,12,27,13,16
119186,2,9,3,8
119190,3,15,4,13
119196,2,4,3,3
119200,0,2,1,3
119208,1,2,2,2
119212,0,1,1,2
119214,0,3,1,4
119216,2,11,3,10
119218,46,85,47,40
119220,0,3,1,4
119222,7,28,8,22
119224,8,31,9,24
119226,2,17,3,16
119303,1,3,2,3
119305,3,12,4,10
119308,1,2,2,2
119310,0,6,1,7
119312,0,8,1,9
119314,0,8,1,9
119318,2,3,3,2
119424,1,7,2,7
119426,3,13,4,11
119428,1,4,2,4
119430,1,4,2,4
119432,10,24,11,15
119434,0,1,1,2
119436,0,1,1,2
119438,1,3,2,3
119440,1,5,2,5
119450,1,2,2,2
119454,10,29,11,20
119456,2,7,3,6
119563,14,39,15,26
119565,23,43,24,21
119567,11,19,12,9
119569,1,3,2,3
119571,5,15,6,11
119573,1,3,2,3
119577,0,2,1,3
119579,0,2,1,3
119583,1,6,2,6
119585,1,7,2,7
119587,0,2,1,3
119589,1,2,2,2
119591,0,3,1,4
119593,1,1,2,1
119597,0,2,1,3
119599,0,2,1,3
119601,1,3,2,3
119603,0,1,1,2
119605,1,2,2,2
119609,0,2,1,3
119611,1,4,2,4
119615,3,10,4,8
119617,0,1,1,2
119619,0,3,1,4
119621,1,3,2,3
119625,0,3,1,4
119627,1,4,2,4
119629,3,24,4,22
119635,0,1,1,2
119637,0,3,1,4
119639,0,2,1,3
119641,0,1,1,2
119645,0,1,1,2
119649,5,23,6,19
119653,0,4,1,5
119655,80,424,81,345
119657,3,9,4,7
119659,1,3,2,3
119663,2,5,3,4
119665,1,2,2,2
119667,2,10,3,9
119670,11,18,12,8
119672,6,22,7,17
119675,0,1,1,2
119677,4,12,5,9
119679,1,6,2,6
119681,0,3,1,4
119683,4,7,5,4
119685,4,14,5,11
119687,1,10,2,10
119689,0,16,1,17
119693,1,3,2,3
119695,2,10,3,9
119697,1,6,2,6
119699,4,11,5,8
119701,3,10,4,8
119703,1,3,2,3
119705,2,15,3,14
119714,5,18,6,14
119752,0,1,1,2
119754,1,7,2,7
119758,0,1,1,2
119760,1,5,2,5
119762,1,2,2,2
119764,1,1,2,1
119766,0,1,1,2
119768,0,2,1,3
119770,5,10,6,6
119772,0,1,1,2
119780,0,1,1,2
119782,3,25,4,23
119788,1,1,2,1
119790,0,3,1,4
119792,0,1,1,2
119794,0,2,1,3
119796,1,4,2,4
119798,2,9,3,8
119800,1,5,2,5
119802,5,15,6,11
119804,1,3,2,3
119808,1,2,2,2
119810,1,2,2,2
119812,0,1,1,2
119814,0,1,1,2
119818,0,2,1,3
119820,0,1,1,2
119822,0,4,1,5
119826,0,1,1,2
119828,4,10,5,7
119830,0,10,1,11
119832,0,11,1,12
119834,1,4,2,4
119836,0,3,1,4
119838,0,1,1,2
119840,0,1,1,2
119842,1,1,2,1
119844,1,3,2,3
119846,0,2,1,3
119850,0,1,1,2
119856,1,11,2,11
119858,0,1,1,2
119860,0,1,1,2
119866,0,1,1,2
119870,0,1,1,2
119874,1,5,2,5
119878,0,2,1,3
119896,0,1,1,2
119898,0,1,1,2
119901,5,10,6,6
119904,10,17,11,8
119907,8,12,9,5
119909,6,14,7,9
119929,0,4,1,5
119946,0,2,1,3
119948,1,34,2,34
119950,0,2,1,3
119954,0,11,1,12
119962,1,1,2,1
119964,2,40,3,39
119966,17,49,18,33
119973,0,3,1,4
119975,0,8,1,9
119977,1,16,2,16
120074,0,1,1,2
120076,2,6,3,5
120080,0,2,1,3
120082,0,1,1,2
120084,0,1,1,2
120088,0,1,1,2
120090,1,2,2,2
120092,1,5,2,5
120094,0,1,1,2
120096,1,4,2,4
120102,0,2,1,3
120104,2,6,3,5
120108,1,4,2,4
120110,11,33,12,23
120112,5,26,6,22
120114,2,9,3,8
120116,0,3,1,4
120118,0,2,1,3
120120,0,2,1,3
120122,4,10,5,7
120124,0,1,1,2
120126,2,5,3,4
120128,2,7,3,6
120130,80,132,81,53
120132,36,153,37,118
120134,3,7,4,5
120136,2,15,3,14
120138,240,403,241,164
120140,0,1,1,2
120142,2,5,3,4
120146,0,2,1,3
120200,1,3,2,3
120202,1,16,2,16
120206,0,5,1,6
120208,0,2,1,3
120210,0,3,1,4
120212,0,2,1,3
120214,2,9,3,8
120216,0,2,1,3
120218,0,1,1,2
120220,0,1,1,2
120222,2,24,3,23
120224,0,1,1,2
120232,1,1,2,1
120234,0,1,1,2
120236,0,1,1,2
120240,1,4,2,4
120242,0,1,1,2
120246,3,7,4,5
120250,1,1,2,1
120254,0,1,1,2
120258,3,4,4,2
120260,0,1,1,2
120262,1,2,2,2
120266,1,5,2,5
120268,1,1,2,1
120270,0,2,1,3
120272,3,4,4,2
120274,2,13,3,12
120276,1,3,2,3
120278,1,17,2,17
120280,1,4,2,4
120282,1,6,2,6
120284,5,12,6,8
120290,6,8,7,3
120292,6,24,7,19
120294,3,17,4,15
120301,9,19,10,11
120303,1,1,2,1
120305,0,3,1,4
120307,1,7,2,7
120309,1,4,2,4
120311,28,38,29,11
120313,1,4,2,4
120315,0,10,1,11
120317,0,9,1,10
120319,0,2,1,3
120321,1,11,2,11
120323,3,8,4,6
120378,0,1,1,2
120380,2,4,3,3
120382,1,4,2,4
120384,1,4,2,4
120386,0,1,1,2
120388,3,7,4,5
120390,5,13,6,9
120392,78,159,79,82
120396,2,4,3,3
120398,1,4,2,4
120400,1,6,2,6
120404,1,2,2,2
120408,2,9,3,8
120410,0,2,1,3
120412,9,27,10,19
120414,1,2,2,2
120416,1,1,2,1
120418,1,1,2,1
120420,0,7,1,8
120428,0,3,1,4
120434,0,1,1,2
120436,0,4,1,5
120438,4,15,5,12
120440,4,14,5,11
120442,0,3,1,4
120444,0,2,1,3
120446,1,3,2,3
120448,0,1,1,2
120452,0,2,1,3
120454,1,2,2,2
120458,1,6,2,6
120460,0,2,1,3
120462,5,12,6,8
120464,2,6,3,5
120466,1150,2799,1151,1650
120468,18,50,19,33
120470,2,11,3,10
120474,87,228,88,142
120476,1,4,2,4
120478,131,192,132,62
120480,0,6,1,7
120482,2,3,3,2
120484,0,2,1,3
120486,8,20,9,13
120488,1,4,2,4
120490,0,1,1,2
120492,0,2,1,3
120508,0,1,1,2
120514,0,2,1,3
120516,0,4,1,5
120524,0,3,1,4
120534,2,8,3,7
120536,2,10,3,9
120574,13,27,14,15
120576,1,5,2,5
120578,0,2,1,3
120580,1,10,2,10
120584,0,1,1,2
120586,2,4,3,3
120588,0,4,1,5
120598,0,1,1,2
120606,0,1,1,2
120610,1,3,2,3
120614,0,2,1,3
120618,2,3,3,2
120621,2,5,3,4
120623,0,9,1,10
120625,143,203,144,61
120627,1,2,2,2
120629,7,15,8,9
120631,1,5,2,5
120633,0,2,1,3
120635,305,1173,306,869
120637,45,321,46,277
120639,4,18,5,15
120641,0,1,1,2
120731,0,1,1,2
120735,1,1,2,1
120741,0,2,1,3
120749,0,1,1,2
120753,0,1,1,2
120755,0,1,1,2
120759,2,10,3,9
120761,3,7,4,5
120763,2,5,3,4
120765,2,11,3,10
120767,0,2,1,3
120769,2,9,3,8
120771,0,1,1,2
120773,0,1,1,2
120775,10,17,11,8
120777,1,5,2,5
120779,0,7,1,8
120781,3,11,4,9
120783,26,103,27,78
120787,4,9,5,6
120789,0,8,1,9
120791,0,2,1,3
120793,0,2,1,3
120795,9,33,10,25
120799,565,2135,566,1571
120801,1,5,2,5
120803,2,7,3,6
120805,19,40,20,22
120807,239,330,240,92
120809,0,3,1,4
120811,26,39,27,14
120813,42,74,43,33
120815,33,49,34,17
120817,2,5,3,4
120819,1,8,2,8
120821,5,8,6,4
120823,4,7,5,4
120825,23,148,24,126
120827,28,49,29,22
120829,4,8,5,5
120831,0,9,1,10
120833,1,5,2,5
120835,14,30,15,17
120837,2,8,3,7
120839,0,8,1,9
120841,0,2,1,3
120843,3,9,4,7
120845,3,15,4,13
120847,3,8,4,6
120849,0,4,1,5
120851,1,4,2,4
120853,39,69,40,31
120855,2,12,3,11
120857,0,6,1,7
120861,3,7,4,5
120865,0,1,1,2
120867,4,6,5,3
120869,8,42,9,35
120871,1,2,2,2
120873,1,2,2,2
120875,5,9,6,5
120877,2,6,3,5
120879,1,4,2,4
120881,0,4,1,5
120883,1,3,2,3
120885,0,3,1,4
120887,3,10,4,8
120889,0,5,1,6
120891,2,3,3,2
120895,1,3,2,3
120897,2,9,3,8
120901,1,3,2,3
120903,1,4,2,4
120905,0,3,1,4
120907,0,1,1,2
120909,0,2,1,3
120911,1,3,2,3
120913,1,3,2,3
120917,1,1,2,1
120919,4,21,5,18
120921,1,6,2,6
120925,0,3,1,4
120928,0,7,1,8
120930,4,10,5,7
120934,15,33,16,19
120936,10,24,11,15
120938,5,18,6,14
120940,5,19,6,15
120942,5,17,6,13
120944,15,31,16,17
120946,6,21,7,16
120948,1,2,2,2
120950,0,5,1,6
120952,0,2,1,3
121003,0,2,1,3
121005,0,3,1,4
121007,3,18,4,16
121009,1,5,2,5
121011,1,1,2,1
121013,1,5,2,5
121015,2,5,3,4
121017,1,5,2,5
121019,3,8,4,6
121021,8,13,9,6
121023,7,29,8,23
121025,0,2,1,3
121027,2,5,3,4
121029,3,9,4,7
121031,0,3,1,4
121033,0,9,1,10
121035,27,67,28,41
121039,3,4,4,2
121041,0,3,1,4
121043,0,1,1,2
121045,0,3,1,4
121047,0,1,1,2
121051,1,1,2,1
121053,0,1,1,2
121055,0,1,1,2
121057,0,1,1,2
121059,0,1,1,2
121061,2,5,3,4
121063,1,4,2,4
121073,0,2,1,3
121077,0,1,1,2
121079,0,1,1,2
121081,0,6,1,7
121083,1,3,2,3
121085,0,2,1,3
121087,0,2,1,3
121093,0,4,1,5
121095,1,1,2,1
121097,5,13,6,9
121099,23,84,24,62
121101,0,3,1,4
121103,3,31,4,29
121109,3,34,4,32
121111,31,82,32,52
121113,2,25,3,24
121115,7,42,8,36
121117,0,22,1,23
121119,8,17,9,10
121122,1,15,2,15
121124,3,13,4,11
121126,6,29,7,24
121129,3,40,4,38
121133,7,28,8,22
121135,7,43,8,37
121137,10,38,11,29
121139,4,9,5,6
121141,1,6,2,6
121143,10,40,11,31
121145,9,12,10,4
121148,6,16,7,11
121150,0,1,1,2
121152,2,9,3,8
121155,22,57,23,36
121157,3,22,4,20
121159,8,38,9,31
121161,1,5,2,5
121165,0,8,1,9
121167,1,14,2,14
121169,39,107,40,69
121171,55,100,56,46
121173,0,2,1,3
121178,1,8,2,8
121180,3,9,4,7
121182,1,13,2,13
121184,12,25,13,14
121186,1,19,2,19
121188,3,15,4,13
121190,18,61,19,44
121192,2,6,3,5
121194,4,26,5,23
121196,0,17,1,18
121198,0,6,1,7
121202,6,33,7,28
121205,0,6,1,7
121207,4,8,5,5
121209,1,9,2,9
121211,0,6,1,7
121217,0,5,1,6
121219,1,12,2,12
121221,4,14,5,11
121223,3,5,4,3
121225,5,20,6,16
121227,26,44,27,19
121229,0,1,1,2
121231,1159,2277,1160,1119
121233,0,1,1,2
121235,10,52,11,43
121237,0,4,1,5
121239,5,12,6,8
121241,13,29,14,17
121243,2,18,3,17
121245,5,12,6,8
121247,0,16,1,17
121249,3,7,4,5
121251,1,4,2,4
121253,9,70,10,62
121255,6,19,7,14
121257,1,4,2,4
121259,0,6,1,7
121261,0,14,1,15
121263,1,5,2,5
121265,4,14,5,11
121267,0,6,1,7
121269,2,24,3,23
121271,0,11,1,12
121273,1,7,2,7
121275,3,15,4,13
121277,2,9,3,8
121279,14,24,15,11
121282,0,3,1,4
121284,1,18,2,18
121286,1,5,2,5
121294,0,4,1,5
121296,1,7,2,7
121298,0,2,1,3
121300,1,5,2,5
121302,11,23,12,13
121304,0,2,1,3
121306,0,3,1,4
121308,15,49,16,35
121310,3,9,4,7
121312,2,9,3,8
121314,6,32,7,27
121316,10,20,11,11
121318,0,2,1,3
121320,0,1,1,2
121324,0,2,1,3
121326,0,8,1,9
121328,1,2,2,2
121330,1,29,2,29
121338,4,7,5,4
121340,1,5,2,5
121342,3,8,4,6
121344,0,2,1,3
121346,1,10,2,10
121350,2,8,3,7
121352,1,5,2,5
121354,2,7,3,6
121356,1,2,2,2
121358,0,1,1,2
121360,0,1,1,2
121362,0,2,1,3
121364,0,5,1,6
121366,16,39,17,24
121368,0,1,1,2
121370,3,37,4,35
121372,110,156,111,47
121374,105,137,106,33
121376,0,1,1,2
121378,4,6,5,3
121380,0,2,1,3
121382,5,16,6,12
121386,0,1,1,2
121390,0,4,1,5
121397,0,1,1,2
121401,0,1,1,2
121403,0,4,1,5
121405,0,2,1,3
121407,1,5,2,5
121409,2,3,3,2
121413,11,33,12,23
121415,0,1,1,2
121417,0,1,1,2
121419,2,11,3,10
121421,0,1,1,2
121426,0,3,1,4
121430,0,1,1,2
121432,1,3,2,3
121436,0,4,1,5
121438,0,1,1,2
121440,0,1,1,2
121442,0,1,1,2
121444,0,3,1,4
121447,1,8,2,8
121449,0,12,1,13
121451,3,6,4,4
121453,3,30,4,28
121455,4,9,5,6
121457,8,26,9,19
121459,1,5,2,5
121461,0,1,1,2
121463,2,9,3,8
121465,4,10,5,7
121467,0,2,1,3
121469,3,12,4,10
121473,1,10,2,10
121475,0,7,1,8
121477,1,7,2,7
121479,0,3,1,4
121481,0,6,1,7
121483,6,38,7,33
121485,7,14,8,8
121487,0,3,1,4
121489,1,4,2,4
121491,2,9,3,8
121493,1,2,2,2
121495,0,4,1,5
121503,1,2,2,2
121511,1,1,2,1
121515,0,1,1,2
121517,0,1,1,2
121519,0,1,1,2
121533,0,2,1,3
121537,1,2,2,2
121545,7,15,8,9
121549,0,3,1,4
121551,0,1,1,2
121553,0,1,1,2
121557,0,1,1,2
121563,2,3,3,2
121581,0,2,1,3
121583,5,17,6,13
121586,1,3,2,3
121588,0,2,1,3
121592,0,1,1,2
121594,3,7,4,5
121596,1,7,2,7
121598,0,2,1,3
121600,0,1,1,2
121612,0,2,1,3
121614,0,1,1,2
121618,4,8,5,5
121628,0,1,1,2
121632,0,2,1,3
121634,0,1,1,2
121642,0,1,1,2
121650,0,1,1,2
121654,0,1,1,2
121659,0,1,1,2
121677,0,2,1,3
121679,0,1,1,2
121697,0,1,1,2
121699,6,9,7,4
121703,0,2,1,3
121705,0,1,1,2
121707,0,2,1,3
121709,0,1,1,2
121713,1,4,2,4
121715,3,5,4,3
121723,0,1,1,2
121727,1,2,2,2
121731,0,1,1,2
121733,1,6,2,6
121735,0,1,1,2
121737,0,1,1,2
121739,0,1,1,2
121741,0,1,1,2
121743,0,1,1,2
121751,0,1,1,2
121757,0,1,1,2
121767,0,1,1,2
121779,0,7,1,8
121781,3,24,4,22
121783,3,7,4,5
121785,0,6,1,7
121787,0,16,1,17
121790,0,21,1,22
121792,4,13,5,10
121794,1,5,2,5
121797,1,6,2,6
121799,1,15,2,15
121801,0,1,1,2
121807,0,1,1,2
121809,0,2,1,3
121813,0,1,1,2
121815,0,1,1,2
121817,0,1,1,2
121823,2,3,3,2
121825,0,1,1,2
121829,0,1,1,2
121831,1,1,2,1
121841,1,1,2,1
121845,0,2,1,3
121849,1,1,2,1
121853,1,1,2,1
121857,0,1,1,2
121859,0,4,1,5
121863,0,3,1,4
121867,0,1,1,2
121873,0,2,1,3
121877,0,1,1,2
121879,1,4,2,4
121883,0,1,1,2
121887,0,2,1,3
121889,0,1,1,2
121897,0,1,1,2
121907,0,3,1,4
121911,0,1,1,2
121913,0,1,1,2
121917,0,1,1,2
121919,1,1,2,1
121921,0,1,1,2
121923,1,1,2,1
121933,0,3,1,4
121935,0,1,1,2
121937,0,1,1,2
121943,0,1,1,2
121949,0,1,1,2
121951,0,3,1,4
121959,1,5,2,5
121967,0,2,1,3
121981,1,3,2,3
121985,0,1,1,2
121987,0,1,1,2
121991,0,1,1,2
121997,0,1,1,2
122003,0,1,1,2
122005,1,1,2,1
122007,0,1,1,2
122009,0,3,1,4
122015,0,1,1,2
122019,0,3,1,4
122023,0,1,1,2
122025,0,2,1,3
122027,2,4,3,3
122029,6,13,7,8
122031,1,18,2,18
122033,1,6,2,6
122035,0,2,1,3
122037,0,8,1,9
122039,4,11,5,8
122041,2,22,3,21
122043,1,12,2,12
122045,3,5,4,3
122048,15,16,16,2
122050,1,14,2,14
122054,0,3,1,4
122060,0,2,1,3
122062,3,5,4,3
122064,0,2,1,3
122068,2,3,3,2
122074,0,2,1,3
122076,0,1,1,2
122078,0,1,1,2
122082,0,10,1,11
122084,2,6,3,5
122086,0,2,1,3
122088,3,12,4,10
122090,1,6,2,6
122092,2,9,3,8
122094,2,12,3,11
122096,3,12,4,10
122098,1,3,2,3
122100,2,8,3,7
122102,0,2,1,3
122104,28,54,29,27
122108,0,12,1,13
122110,5,9,6,5
122127,0,2,1,3
122129,11,28,12,18
122131,4,10,5,7
122133,1,5,2,5
122135,0,3,1,4
122137,1,3,2,3
122141,0,2,1,3
122143,0,4,1,5
122145,0,1,1,2
122155,0,1,1,2
122159,0,1,1,2
122161,0,3,1,4
122163,2,4,3,3
122167,0,1,1,2
122189,0,1,1,2
122191,2,4,3,3
122193,1,1,2,1
122197,0,1,1,2
122199,0,1,1,2
122201,0,1,1,2
122205,0,1,1,2
122210,1,4,2,4
122212,0,1,1,2
122214,0,1,1,2
122216,0,2,1,3
122220,1,6,2,6
122222,2,3,3,2
122224,0,1,1,2
122228,0,4,1,5
122230,0,3,1,4
122232,0,4,1,5
122234,0,5,1,6
122238,3,13,4,11
122240,4,12,5,9
122242,1,8,2,8
122244,0,10,1,11
122246,2,20,3,19
122248,0,1,1,2
122250,2,6,3,5
122254,1,11,2,11
122256,0,1,1,2
122258,4,8,5,5
122260,12,19,13,8
122262,0,7,1,8
122264,0,1,1,2
122266,0,1,1,2
122268,2,7,3,6
122270,4,17,5,14
122272,1,8,2,8
122274,1,3,2,3
122276,1,3,2,3
122278,3,14,4,12
122280,1,3,2,3
122282,20,29,21,10
122284,1,9,2,9
122286,1,5,2,5
122288,8,36,9,29
122290,1,10,2,10
122292,4,19,5,16
122294,4,11,5,8
122296,0,4,1,5
122298,0,4,1,5
122300,6,25,7,20
122302,2,5,3,4
122304,0,6,1,7
122306,0,7,1,8
122308,11,25,12,15
122310,0,3,1,4
122312,1,4,2,4
122315,4,7,5,4
122317,0,3,1,4
122319,1,5,2,5
122321,2,13,3,12
122323,0,2,1,3
122325,6,11,7,6
122327,1,6,2,6
122329,1,3,2,3
122331,1,6,2,6
122333,0,3,1,4
122335,6,28,7,23
122337,3,4,4,2
122339,2,2,3,1
122341,0,4,1,5
122343,1,14,2,14
122347,1,9,2,9
122349,3,7,4,5
122351,0,11,1,12
122355,1,7,2,7
122357,3,8,4,6
122359,0,1,1,2
122361,1,3,2,3
122367,0,1,1,2
122371,1,1,2,1
122373,0,1,1,2
122379,0,1,1,2
122381,1,2,2,2
122385,0,3,1,4
122387,1,1,2,1
122391,0,2,1,3
122399,0,2,1,3
122403,0,2,1,3
122406,0,4,1,5
122409,0,2,1,3
122411,0,1,1,2
122413,8,20,9,13
122415,0,4,1,5
122417,4,12,5,9
122419,0,1,1,2
122421,0,4,1,5
122423,3,13,4,11
122425,7,21,8,15
122427,1,2,2,2
122433,0,6,1,7
122435,0,4,1,5
122437,1,6,2,6
122439,0,1,1,2
122441,2,12,3,11
122443,0,2,1,3
122445,0,2,1,3
122447,0,2,1,3
122451,0,2,1,3
122453,0,1,1,2
122455,2,9,3,8
122458,0,1,1,2
122462,1,6,2,6
122464,3,11,4,9
122466,5,19,6,15
122468,1,11,2,11
122470,0,2,1,3
122472,0,1,1,2
122474,1,2,2,2
122476,0,1,1,2
122478,1,5,2,5
122480,3,20,4,18
122482,0,8,1,9
122484,1,5,2,5
122486,1,11,2,11
122488,1,2,2,2
122490,3,14,4,12
122493,0,2,1,3
122495,2,12,3,11
122497,0,1,1,2
122499,0,3,1,4
122501,0,3,1,4
122503,1,4,2,4
122505,4,7,5,4
122509,1,9,2,9
122511,2,13,3,12
122513,0,1,1,2
122515,1,6,2,6
122517,5,22,6,18
122519,2,11,3,10
122521,4,11,5,8
122523,4,7,5,4
122525,1,8,2,8
122527,4,14,5,11
122531,0,3,1,4
122535,1,2,2,2
122543,1,6,2,6
122547,3,7,4,5
122550,0,7,1,8
122553,0,1,1,2
122555,0,1,1,2
122557,0,1,1,2
122559,1,4,2,4
122563,1,3,2,3
122565,0,2,1,3
122567,0,2,1,3
122569,7,19,8,13
122571,1,1,2,1
122573,1,5,2,5
122575,2,10,3,9
122577,2,7,3,6
122579,1,3,2,3
122583,0,1,1,2
122585,0,1,1,2
122589,1,2,2,2
122593,1,4,2,4
122595,0,1,1,2
122597,0,1,1,2
122599,0,1,1,2
122601,0,1,1,2
122603,0,3,1,4
122605,0,3,1,4
122609,0,2,1,3
122613,0,1,1,2
122615,0,2,1,3
122619,0,1,1,2
122621,0,2,1,3
122623,2,2,3,1
122625,0,5,1,6
122627,0,1,1,2
122629,0,1,1,2
122633,1,1,2,1
122635,0,1,1,2
122639,0,2,1,3
122641,0,2,1,3
122643,1,5,2,5
122647,0,2,1,3
122649,1,1,2,1
122651,1,2,2,2
122653,1,3,2,3
122655,0,1,1,2
122657,6,8,7,3
122659,2,4,3,3
122661,0,1,1,2
122663,4,10,5,7
122665,1,3,2,3
122667,0,4,1,5
122671,0,3,1,4
122673,0,1,1,2
122675,2,2,3,1
122677,0,1,1,2
122679,0,1,1,2
122681,0,1,1,2
122683,1,3,2,3
122685,0,3,1,4
122687,0,3,1,4
122689,0,1,1,2
122691,0,4,1,5
122693,3,8,4,6
122695,0,6,1,7
122697,0,1,1,2
122699,2,8,3,7
122701,1,1,2,1
122703,1,2,2,2
122705,0,4,1,5
122707,1,4,2,4
122709,1,4,2,4
122711,3,7,4,5
122713,0,6,1,7
122715,0,4,1,5
122717,1,6,2,6
122719,0,1,1,2
122721,1,1,2,1
122723,1,2,2,2
122725,1,3,2,3
122727,0,4,1,5
122729,0,3,1,4
122731,0,3,1,4
122733,1,5,2,5
122735,1,4,2,4
122737,2,5,3,4
122739,2,4,3,3
122741,1,5,2,5
122743,1,5,2,5
122745,0,2,1,3
122747,1,5,2,5
122749,4,9,5,6
122752,1,1,2,1
122754,1,3,2,3
122756,0,5,1,6
122758,0,1,1,2
122760,1,4,2,4
122762,0,2,1,3
122764,0,5,1,6
122766,1,3,2,3
122768,1,1,2,1
122770,9,26,10,18
122772,1,4,2,4
122774,0,2,1,3
122777,0,1,1,2
122779,0,2,1,3
122781,1,6,2,6
122783,0,3,1,4
122785,0,6,1,7
122787,1,4,2,4
122789,7,21,8,15
122791,2,5,3,4
122793,0,6,1,7
122795,0,6,1,7
122797,0,2,1,3
122799,3,13,4,11
122801,0,2,1,3
122803,0,3,1,4
122805,0,2,1,3
122807,1,3,2,3
122809,1,3,2,3
122811,1,2,2,2
122813,0,5,1,6
122815,5,10,6,6
122817,1,12,2,12
122819,1,10,2,10
122823,0,1,1,2
122825,0,2,1,3
122831,0,1,1,2
122833,1,3,2,3
122837,0,1,1,2
122841,0,1,1,2
122849,1,4,2,4
122851,3,13,4,11
122853,0,2,1,3
122855,0,2,1,3
122857,2,8,3,7
122859,1,6,2,6
122861,0,4,1,5
122863,0,4,1,5
122869,1,1,2,1
122876,2,14,3,13
122878,2,13,3,12
122880,11,26,12,16
122882,8593,13479,8594,4887
122884,138,445,139,308
122886,7363,12678,7364,5316
122888,42,179,43,138
122890,523,1502,524,980
122892,3659,7721,3660,4063
122896,577,1687,578,1111
122898,232,1208,233,977
122900,3028,6406,3029,3379
122902,105,1100,106,996
122904,8795,13900,8796,5106
122906,1869,3666,1870,1798
122908,2,37,3,36
122910,446,1268,447,823
122912,3936,6031,3937,2096
122914,1867,2872,1868,1006
122916,3679,5705,3680,2027
122918,4152,6622,4153,2471
122920,3511,6302,3512,2792
122922,3622,6515,3623,2894
122924,938,2938,939,2001
122926,2396,4021,2397,1626
122928,1,3,2,3
122930,0,2,1,3
122932,5,19,6,15
122934,4,9,5,6
122936,5,8,6,4
122938,1,6,2,6
122940,24,96,25,73
122942,3,13,4,11
122944,0,1,1,2
122946,5,14,6,10
122948,11,33,12,23
122950,0,2,1,3
122956,0,1,1,2
122958,0,1,1,2
122960,0,3,1,4
122966,0,1,1,2
122970,1,1,2,1
122972,0,1,1,2
122974,1,4,2,4
122980,0,2,1,3
122982,1,6,2,6
122988,1,2,2,2
122992,0,3,1,4
122994,0,1,1,2
123002,0,5,1,6
123004,2,3,3,2
123006,0,1,1,2
123008,0,2,1,3
123010,0,1,1,2
123014,1,3,2,3
123016,1,3,2,3
123018,1,5,2,5
123024,1,9,2,9
123026,0,4,1,5
123028,0,1,1,2
123034,0,2,1,3
123036,0,1,1,2
123042,1,3,2,3
123044,2,4,3,3
123046,0,1,1,2
123052,1,2,2,2
123061,0,4,1,5
123063,1,1,2,1
123065,1,1,2,1
123071,0,2,1,3
123077,0,4,1,5
123079,0,1,1,2
123081,0,1,1,2
123083,3,5,4,3
123085,5,12,6,8
123087,1,4,2,4
123089,1,3,2,3
123091,1,4,2,4
123093,2,16,3,15
123095,0,2,1,3
123097,2,6,3,5
123099,2,8,3,7
123101,0,1,1,2
123103,2,6,3,5
123105,0,3,1,4
123107,11,24,12,14
123109,2,7,3,6
123111,0,3,1,4
123113,2,6,3,5
123115,0,2,1,3
123117,0,1,1,2
123119,1,4,2,4
123121,4,14,5,11
123125,0,3,1,4
123129,1,2,2,2
123131,0,3,1,4
123133,0,1,1,2
123135,0,1,1,2
123137,0,1,1,2
123139,0,1,1,2
123145,0,1,1,2
123149,1,3,2,3
123151,0,1,1,2
123155,0,4,1,5
123159,7,30,8,24
123161,1,10,2,10
123163,1,8,2,8
123165,1,6,2,6
123172,1,4,2,4
123174,1,11,2,11
123176,1,3,2,3
123178,1,8,2,8
123180,8,24,9,17
123182,0,1,1,2
123184,1,1,2,1
123186,0,1,1,2
123188,2,7,3,6
123190,0,6,1,7
123192,4,22,5,19
123194,1,8,2,8
123196,3,13,4,11
123198,2,9,3,8
123200,43,63,44,21
123202,0,2,1,3
123210,0,2,1,3
123213,1,1,2,1
123215,2,5,3,4
123217,1,1,2,1
123219,1,3,2,3
123221,0,4,1,5
123223,1,7,2,7
123225,3,8,4,6
123227,0,1,1,2
123229,2,12,3,11
123233,0,2,1,3
123235,0,2,1,3
123238,0,1,1,2
123240,0,2,1,3
123242,0,1,1,2
123244,2,4,3,3
123246,0,1,1,2
123248,0,1,1,2
123250,0,1,1,2
123254,2,3,3,2
123256,0,3,1,4
123258,0,4,1,5
123260,1,3,2,3
123262,0,4,1,5
123264,5,15,6,11
123268,0,5,1,6
123270,0,3,1,4
123274,0,3,1,4
123282,3,7,4,5
123284,0,1,1,2
123288,53,95,54,43
123294,15,26,16,12
123296,0,2,1,3
123298,1,6,2,6
123300,0,3,1,4
123302,0,4,1,5
123304,1,7,2,7
123306,2,5,3,4
123308,2,7,3,6
123310,2,6,3,5
123312,0,3,1,4
123314,3,8,4,6
123316,2,7,3,6
123318,1,6,2,6
123320,0,2,1,3
123322,0,2,1,3
123324,0,2,1,3
123326,0,4,1,5
123331,0,1,1,2
123333,0,1,1,2
123335,0,2,1,3
123337,0,3,1,4
123339,0,1,1,2
123343,0,1,1,2
123345,0,1,1,2
123347,2,7,3,6
123349,0,8,1,9
123351,2,9,3,8
123353,9,18,10,10
123355,0,1,1,2
123357,1,9,2,9
123359,2,9,3,8
123361,1,7,2,7
123363,0,1,1,2
123365,1,2,2,2
123371,1,2,2,2
123373,0,2,1,3
123379,0,1,1,2
123381,0,1,1,2
123383,0,1,1,2
123385,0,2,1,3
123391,0,2,1,3
123393,0,1,1,2
123395,0,2,1,3
123397,1,2,2,2
123399,0,1,1,2
123401,0,3,1,4
123405,5,13,6,9
123407,1,1,2,1
123411,1,3,2,3
123415,1,1,2,1
123417,0,1,1,2
123419,0,2,1,3
123421,2,4,3,3
123423,6,8,7,3
123425,0,1,1,2
123427,0,3,1,4
123429,1,6,2,6
123431,0,2,1,3
123435,0,2,1,3
123437,0,1,1,2
123439,0,1,1,2
123441,0,1,1,2
123443,0,1,1,2
123445,1,1,2,1
123449,1,3,2,3
123451,0,1,1,2
123453,0,2,1,3
123455,0,2,1,3
123457,0,1,1,2
123459,0,5,1,6
123463,0,5,1,6
123465,3,4,4,2
123467,2,10,3,9
123469,0,2,1,3
123471,0,7,1,8
123473,0,4,1,5
123475,1,4,2,4
123477,4,18,5,15
123479,0,2,1,3
123481,1,7,2,7
123483,0,1,1,2
123485,0,1,1,2
123487,0,2,1,3
123489,0,1,1,2
123493,4,17,5,14
123495,2,4,3,3
123497,7,15,8,9
123499,1,13,2,13
123504,0,1,1,2
123510,0,1,1,2
123512,0,1,1,2
123516,0,4,1,5
123522,0,2,1,3
123524,0,1,1,2
123526,0,1,1,2
123528,0,1,1,2
123530,0,5,1,6
123532,1,7,2,7
123534,2,7,3,6
123537,1,2,2,2
123541,1,1,2,1
123543,0,1,1,2
123545,0,1,1,2
123547,0,1,1,2
123549,1,3,2,3
123553,0,11,1,12
123555,1,5,2,5
123559,0,1,1,2
123561,2,2,3,1
123563,0,2,1,3
123565,8,30,9,23
123567,2,5,3,4
123569,1,1,2,1
123571,36,63,37,28
123573,2,7,3,6
123575,0,2,1,3
123577,1,8,2,8
123579,0,4,1,5
123581,0,1,1,2
123585,0,3,1,4
123587,0,2,1,3
123589,22,43,23,22
123591,6,8,7,3
123596,0,3,1,4
123598,0,3,1,4
123600,2,6,3,5
123602,0,4,1,5
123605,0,1,1,2
123607,0,2,1,3
123609,0,3,1,4
123613,3,6,4,4
123617,0,1,1,2
123619,0,2,1,3
123621,1,1,2,1
123625,0,3,1,4
123627,0,2,1,3
123629,2,2,3,1
123633,0,1,1,2
123635,0,1,1,2
123637,0,1,1,2
123639,5,9,6,5
123645,0,3,1,4
123647,0,3,1,4
123653,1,4,2,4
123655,2,11,3,10
123659,0,2,1,3
123661,0,2,1,3
123663,1,2,2,2
123665,0,2,1,3
123667,0,1,1,2
123669,0,1,1,2
123673,1,1,2,1
123675,3,5,4,3
123679,3,4,4,2
123681,0,5,1,6
123683,0,3,1,4
123689,0,1,1,2
123695,0,1,1,2
123703,3,4,4,2
123709,0,1,1,2
123711,1,1,2,1
123713,0,1,1,2
123715,2,8,3,7
123717,0,2,1,3
123719,0,1,1,2
123723,0,6,1,7
123725,1,1,2,1
123727,1,2,2,2
123729,0,2,1,3
123731,1,3,2,3
123735,4,7,5,4
123737,1,1,2,1
123739,0,2,1,3
123743,0,1,1,2
123745,0,1,1,2
123747,0,1,1,2
123751,0,1,1,2
123757,1,3,2,3
123761,0,6,1,7
123765,1,2,2,2
123771,1,1,2,1
123773,0,1,1,2
123779,0,1,1,2
123783,0,1,1,2
123785,1,6,2,6
123787,0,1,1,2
123792,2,4,3,3
123796,0,1,1,2
123800,1,3,2,3
123802,0,2,1,3
123808,0,1,1,2
123812,0,3,1,4
123814,0,1,1,2
123816,0,1,1,2
123818,0,2,1,3
123822,1,1,2,1
123824,0,1,1,2
123828,0,1,1,2
123830,0,1,1,2
123832,0,2,1,3
123834,0,1,1,2
123838,1,5,2,5
123840,0,7,1,8
123842,1,5,2,5
123844,1,2,2,2
123848,0,1,1,2
123850,1,2,2,2
123852,0,2,1,3
123854,0,5,1,6
123856,0,3,1,4
123872,0,1,1,2
123874,0,1,1,2
123876,0,2,1,3
123878,1,2,2,2
123880,1,2,2,2
123882,1,1,2,1
123888,0,1,1,2
123890,0,1,1,2
123892,0,1,1,2
123894,0,3,1,4
123896,0,1,1,2
123898,0,1,1,2
123902,0,1,1,2
123904,0,1,1,2
123911,0,3,1,4
123913,0,1,1,2
123915,1,1,2,1
123919,1,3,2,3
123921,0,1,1,2
123923,0,2,1,3
123925,0,1,1,2
123927,1,5,2,5
123935,4,9,5,6
123937,0,2,1,3
123939,4,10,5,7
123941,1,3,2,3
123943,3,10,4,8
123945,1,1,2,1
123947,44,153,45,110
123949,0,3,1,4
123951,1,1,2,1
123953,0,1,1,2
123959,1,1,2,1
123961,0,1,1,2
123973,0,2,1,3
123975,0,3,1,4
123977,0,1,1,2
123979,0,2,1,3
123981,0,2,1,3
123983,0,1,1,2
123985,0,2,1,3
123987,0,1,1,2
123989,2,2,3,1
123993,1,4,2,4
123997,2,6,3,5
123999,0,1,1,2
124001,0,1,1,2
124003,0,1,1,2
124007,2,3,3,2
124009,0,1,1,2
124013,0,2,1,3
124017,0,1,1,2
124021,0,2,1,3
124023,0,1,1,2
124029,1,3,2,3
124043,1,5,2,5
124048,5,13,6,9
124050,1,3,2,3
124052,0,3,1,4
124059,1,4,2,4
124061,0,2,1,3
124063,0,2,1,3
124065,2,11,3,10
124067,0,1,1,2
124071,0,3,1,4
124073,0,1,1,2
124075,1,2,2,2
124077,0,1,1,2
124079,0,1,1,2
124083,0,3,1,4
124085,0,1,1,2
124087,1,1,2,1
124091,1,1,2,1
124093,0,2,1,3
124095,0,2,1,3
124099,0,1,1,2
124101,1,2,2,2
124111,0,1,1,2
124117,0,1,1,2
124119,0,1,1,2
124121,1,2,2,2
124123,0,1,1,2
124125,4,9,5,6
124129,0,2,1,3
124131,14,26,15,13
124137,0,3,1,4
124139,1,1,2,1
124141,0,1,1,2
124143,0,1,1,2
124145,5,9,6,5
124149,1,2,2,2
124151,3,5,4,3
124153,1,1,2,1
124155,1,3,2,3
124157,1,2,2,2
124160,1,7,2,7
124162,0,2,1,3
124164,1,4,2,4
124166,0,3,1,4
124168,5,6,6,2
124170,0,4,1,5
124172,2,8,3,7
124174,1,1,2,1
124176,0,2,1,3
124178,0,4,1,5
124180,1,6,2,6
124182,0,4,1,5
124190,0,1,1,2
124192,0,1,1,2
124194,0,1,1,2
124196,1,6,2,6
124198,1,1,2,1
124213,0,4,1,5
124217,0,3,1,4
124220,1,2,2,2
124224,0,3,1,4
124230,1,4,2,4
124232,0,1,1,2
124235,0,4,1,5
124243,0,1,1,2
124247,1,3,2,3
124253,0,1,1,2
124257,0,2,1,3
124259,1,1,2,1
124263,1,4,2,4
124265,1,3,2,3
124269,3,5,4,3
124271,1,4,2,4
124273,10,31,11,22
124275,0,1,1,2
124277,2,5,3,4
124279,2,4,3,3
124281,0,1,1,2
124285,0,4,1,5
124287,2,4,3,3
124290,0,7,1,8
124292,2,7,3,6
124294,0,2,1,3
124296,1,5,2,5
124298,1,6,2,6
124300,3,21,4,19
124302,0,3,1,4
124304,1,7,2,7
124306,1,3,2,3
124308,0,2,1,3
124312,0,2,1,3
124314,0,1,1,2
124318,0,3,1,4
124320,0,1,1,2
124322,0,1,1,2
124324,0,1,1,2
124326,1,5,2,5
124328,1,2,2,2
124332,2,8,3,7
124334,0,3,1,4
124336,0,1,1,2
124338,0,2,1,3
124342,3,10,4,8
124344,0,3,1,4
124346,0,2,1,3
124348,4,9,5,6
124350,0,5,1,6
124352,0,3,1,4
124354,0,4,1,5
124356,3,9,4,7
124358,0,1,1,2
124364,1,1,2,1
124368,0,2,1,3
124380,0,8,1,9
124382,0,2,1,3
124384,0,1,1,2
124386,0,3,1,4
124388,0,1,1,2
124390,0,2,1,3
124392,0,1,1,2
124394,1,1,2,1
124400,0,2,1,3
124404,3,6,4,4
124406,0,2,1,3
124408,1,1,2,1
124410,0,1,1,2
124412,0,2,1,3
124414,0,2,1,3
124416,0,1,1,2
124418,0,2,1,3
124420,1,3,2,3
124422,0,2,1,3
124425,0,1,1,2
124428,0,3,1,4
124430,0,2,1,3
124432,0,2,1,3
124440,1,2,2,2
124442,0,14,1,15
124444,1,1,2,1
124446,2,2,3,1
124448,0,1,1,2
124450,0,3,1,4
124452,0,1,1,2
124454,0,2,1,3
124456,2,4,3,3
124458,6,11,7,6
124460,0,1,1,2
124462,0,1,1,2
124464,2,4,3,3
124468,0,1,1,2
124470,0,2,1,3
124472,0,4,1,5
124474,0,1,1,2
124476,2,10,3,9
124480,0,2,1,3
124482,1,1,2,1
124484,0,2,1,3
124488,3,5,4,3
124490,1,4,2,4
124492,0,2,1,3
124494,1,2,2,2
124496,0,3,1,4
124500,1,2,2,2
124502,0,3,1,4
124504,0,1,1,2
124507,4,9,5,6
124509,1,5,2,5
124511,0,1,1,2
124513,1,1,2,1
124515,0,3,1,4
124517,1,5,2,5
124519,3,7,4,5
124521,1,6,2,6
124525,0,1,1,2
124527,1,4,2,4
124529,0,3,1,4
124531,1,6,2,6
124533,2,5,3,4
124535,0,3,1,4
124537,1,3,2,3
124539,0,1,1,2
124544,1,5,2,5
124546,0,2,1,3
124548,1,3,2,3
124550,3,7,4,5
124552,1,3,2,3
124554,0,3,1,4
124556,0,4,1,5
124558,0,1,1,2
124560,0,4,1,5
124562,2,7,3,6
124564,0,1,1,2
124566,0,1,1,2
124568,0,2,1,3
124571,1,2,2,2
124573,0,2,1,3
124575,13,30,14,18
124577,0,2,1,3
124579,1,2,2,2
124581,0,1,1,2
124583,0,1,1,2
124585,0,1,1,2
124587,1,4,2,4
124591,0,2,1,3
124593,0,1,1,2
124595,0,3,1,4
124599,2,2,3,1
124601,1,3,2,3
124605,1,1,2,1
124607,0,6,1,7
124609,0,1,1,2
124611,0,3,1,4
124615,0,2,1,3
124617,0,1,1,2
124621,0,4,1,5
124625,0,1,1,2
124627,0,1,1,2
124629,0,2,1,3
124631,3,6,4,4
124633,0,2,1,3
124639,0,3,1,4
124641,0,1,1,2
124643,3,5,4,3
124645,0,2,1,3
124647,0,2,1,3
124649,0,2,1,3
124651,3,7,4,5
124653,1,1,2,1
124655,0,1,1,2
124657,0,2,1,3
124659,0,3,1,4
124663,0,1,1,2
124667,0,2,1,3
124669,1,1,2,1
124671,0,1,1,2
124675,0,1,1,2
124679,0,1,1,2
124681,0,2,1,3
124683,0,1,1,2
124687,0,2,1,3
124689,0,2,1,3
124691,4,12,5,9
124693,0,4,1,5
124695,0,1,1,2
124699,1,2,2,2
124705,1,4,2,4
124709,0,1,1,2
124713,0,2,1,3
124717,0,1,1,2
124721,0,1,1,2
124725,0,4,1,5
124727,2,4,3,3
124731,0,1,1,2
124733,1,2,2,2
124735,1,4,2,4
124737,0,1,1,2
124745,0,1,1,2
124749,0,5,1,6
124751,2,4,3,3
124753,0,1,1,2
124755,0,1,1,2
124757,1,4,2,4
124759,0,2,1,3
124763,1,2,2,2
124765,0,2,1,3
124767,1,8,2,8
124769,0,5,1,6
124771,1,6,2,6
124773,0,2,1,3
124775,1,2,2,2
124777,1,2,2,2
124779,1,2,2,2
124781,1,2,2,2
124783,0,4,1,5
124787,1,4,2,4
124789,0,2,1,3
124791,0,1,1,2
124793,0,1,1,2
124795,0,2,1,3
124797,1,3,2,3
124799,0,2,1,3
124801,0,2,1,3
124803,0,2,1,3
124805,0,2,1,3
124807,0,1,1,2
124809,0,1,1,2
124811,1,3,2,3
124813,0,2,1,3
124817,1,2,2,2
124819,0,2,1,3
124823,0,1,1,2
124825,0,4,1,5
124827,0,2,1,3
124829,0,1,1,2
124831,1,1,2,1
124833,1,1,2,1
124837,7,11,8,5
124839,2,5,3,4
124841,0,1,1,2
124843,0,2,1,3
124845,0,1,1,2
124849,1,1,2,1
124851,3,11,4,9
124853,2,8,3,7
124855,0,6,1,7
124857,2,8,3,7
124859,51,262,52,212
124861,15,31,16,17
124863,0,6,1,7
124865,0,2,1,3
124867,48,140,49,93
124869,4,14,5,11
124871,1,3,2,3
124873,0,3,1,4
124875,0,1,1,2
124877,1,1,2,1
124879,0,1,1,2
124881,0,3,1,4
124887,1,4,2,4
124889,1,5,2,5
124891,0,3,1,4
124893,1,1,2,1
124895,1,1,2,1
124899,0,1,1,2
124901,2,20,3,19
124903,1,1,2,1
124905,0,1,1,2
124907,1,1,2,1
124909,0,3,1,4
124913,0,4,1,5
124915,0,3,1,4
124917,0,1,1,2
124919,10,17,11,8
124921,2,4,3,3
124923,0,2,1,3
124925,0,2,1,3
124927,1,5,2,5
124931,0,3,1,4
124933,0,1,1,2
124937,3,4,4,2
124939,0,2,1,3
124941,0,1,1,2
124943,0,2,1,3
124951,0,1,1,2
124953,0,1,1,2
124955,0,2,1,3
124957,0,3,1,4
124959,0,1,1,2
124961,6,10,7,5
124963,0,2,1,3
124965,0,5,1,6
124969,0,1,1,2
124971,0,5,1,6
124973,0,1,1,2
124975,2,3,3,2
124977,0,2,1,3
124983,0,1,1,2
124985,0,1,1,2
124987,1,1,2,1
124991,2,5,3,4
124993,2,6,3,5
124997,0,2,1,3
124999,0,1,1,2
125001,2,6,3,5
125005,1,4,2,4
125007,1,2,2,2
125009,0,2,1,3
125011,0,3,1,4
125013,0,1,1,2
125019,0,2,1,3
125023,1,4,2,4
125025,0,1,1,2
125029,0,4,1,5
125031,1,3,2,3
125033,0,2,1,3
125039,1,1,2,1
125041,1,2,2,2
125043,0,2,1,3
125045,2,7,3,6
125047,0,5,1,6
125049,0,3,1,4
125051,3,3,4,1
125055,0,2,1,3
125057,0,1,1,2
125059,1,3,2,3
125061,2,4,3,3
125063,1,1,2,1
125065,0,2,1,3
125067,1,3,2,3
125071,2,3,3,2
125077,10,17,11,8
125079,0,1,1,2
125081,0,2,1,3
125083,1,1,2,1
125085,0,6,1,7
125087,0,2,1,3
125089,1,4,2,4
125091,0,2,1,3
125095,1,3,2,3
125099,0,2,1,3
125101,0,1,1,2
125105,0,3,1,4
125107,0,1,1,2
125109,0,1,1,2
125111,0,1,1,2
125113,3,10,4,8
125115,0,3,1,4
125117,0,2,1,3
125119,0,1,1,2
125125,1,2,2,2
125127,7,10,8,4
125129,0,2,1,3
125131,0,1,1,2
125133,0,4,1,5
125135,0,4,1,5
125139,0,1,1,2
125141,0,2,1,3
125143,1,2,2,2
125147,0,1,1,2
125149,0,1,1,2
125151,0,3,1,4
125153,0,2,1,3
125155,2,10,3,9
125157,0,1,1,2
125159,0,1,1,2
125163,0,2,1,3
125165,2,5,3,4
125169,0,2,1,3
125171,0,2,1,3
125173,0,3,1,4
125177,0,1,1,2
125181,0,2,1,3
125183,2,6,3,5
125185,3,9,4,7
125187,0,2,1,3
125189,1,4,2,4
125191,0,6,1,7
125193,0,1,1,2
125195,0,2,1,3
125197,1,1,2,1
125199,0,2,1,3
125203,1,4,2,4
125205,2,10,3,9
125207,0,3,1,4
125209,0,1,1,2
125211,16,20,17,5
125213,1,6,2,6
125215,0,1,1,2
125219,0,1,1,2
125221,0,12,1,13
125223,0,2,1,3
125225,0,2,1,3
125227,0,2,1,3
125229,0,1,1,2
125231,1,9,2,9
125233,1,6,2,6
125235,1,2,2,2
125237,0,5,1,6
125241,0,3,1,4
125245,1,2,2,2
125247,0,3,1,4
125249,0,1,1,2
125253,2,2,3,1
125255,0,1,1,2
125257,0,4,1,5
125259,1,3,2,3
125261,1,2,2,2
125263,1,8,2,8
125265,1,4,2,4
125267,0,3,1,4
125269,1,3,2,3
125271,0,3,1,4
125273,3,7,4,5
125275,2,5,3,4
125277,1,5,2,5
125279,1,3,2,3
125281,1,3,2,3
125283,0,2,1,3
125285,1,6,2,6
125287,1,2,2,2
125289,1,7,2,7
125291,0,1,1,2
125293,2,3,3,2
125295,0,1,1,2
125297,1,5,2,5
125299,0,2,1,3
125301,0,2,1,3
125303,0,3,1,4
125305,0,3,1,4
125307,1,3,2,3
125309,0,2,1,3
125311,0,5,1,6
125313,2,6,3,5
125315,1,2,2,2
125321,1,6,2,6
125323,1,7,2,7
125325,0,2,1,3
125329,0,1,1,2
125331,0,1,1,2
125333,1,1,2,1
125335,0,1,1,2
125337,1,2,2,2
125339,2,8,3,7
125341,1,3,2,3
125345,0,2,1,3
125347,0,2,1,3
125349,0,1,1,2
125351,0,1,1,2
125353,1,3,2,3
125355,1,2,2,2
125357,0,3,1,4
125359,1,3,2,3
125363,0,3,1,4
125365,0,4,1,5
125367,1,2,2,2
125369,0,1,1,2
125371,1,2,2,2
125373,1,2,2,2
125375,0,2,1,3
125377,0,3,1,4
125379,0,3,1,4
125381,0,3,1,4
125383,0,1,1,2
125385,0,2,1,3
125387,1,2,2,2
125389,0,4,1,5
125395,0,2,1,3
125397,0,1,1,2
125399,0,1,1,2
125401,2,5,3,4
125403,0,2,1,3
125405,0,3,1,4
125407,0,1,1,2
125409,0,1,1,2
125411,0,5,1,6
125413,2,5,3,4
125415,0,3,1,4
125417,1,3,2,3
125419,1,2,2,2
125421,0,1,1,2
125423,0,1,1,2
125425,0,1,1,2
125427,0,1,1,2
125429,0,4,1,5
125431,0,5,1,6
125433,0,1,1,2
125435,0,2,1,3
125437,0,1,1,2
125439,2,4,3,3
125441,2,6,3,5
125445,1,4,2,4
125447,1,2,2,2
125451,0,1,1,2
125453,0,1,1,2
125455,0,3,1,4
125457,0,3,1,4
125461,2,3,3,2
125465,1,5,2,5
125467,4,13,5,10
125471,0,2,1,3
125473,1,3,2,3
125475,1,3,2,3
125477,1,3,2,3
125479,1,2,2,2
125481,2,4,3,3
125483,0,1,1,2
125485,0,4,1,5
125489,1,3,2,3
125493,0,2,1,3
125495,2,5,3,4
125497,0,8,1,9
125499,0,4,1,5
125501,0,1,1,2
125503,0,1,1,2
125505,1,4,2,4
125507,0,4,1,5
125509,0,4,1,5
125511,0,3,1,4
125513,0,3,1,4
125515,0,1,1,2
125517,1,2,2,2
125519,1,3,2,3
125521,0,5,1,6
125523,0,4,1,5
125525,0,3,1,4
125527,0,2,1,3
125529,0,2,1,3
125531,1,1,2,1
125533,0,8,1,9
125535,2,11,3,10
125537,21,37,22,17
125539,1,2,2,2
125541,1,8,2,8
125543,4,17,5,14
125545,6,31,7,26
125547,0,1,1,2
125549,1,6,2,6
125555,1,5,2,5
125557,1,7,2,7
125559,1,2,2,2
125561,0,1,1,2
125563,0,2,1,3
125565,6,17,7,12
125567,0,2,1,3
125569,3,9,4,7
125571,1,3,2,3
125574,0,2,1,3
125576,0,1,1,2
125583,1,6,2,6
125585,0,1,1,2
125587,1,3,2,3
125589,1,3,2,3
125591,0,1,1,2
125593,1,2,2,2
125596,1,11,2,11
125599,6,10,7,5
125601,0,1,1,2
125603,0,1,1,2
125605,0,1,1,2
125607,0,1,1,2
125609,1,2,2,2
125611,0,1,1,2
125613,0,4,1,5
125615,1,2,2,2
125617,2,6,3,5
125619,4,5,5,2
125621,0,1,1,2
125623,2,6,3,5
125628,6,11,7,6
125630,5,16,6,12
125632,1,2,2,2
125634,1,3,2,3
125636,1,3,2,3
125638,0,1,1,2
125640,2,8,3,7
125642,0,2,1,3
125644,0,5,1,6
125646,1,1,2,1
125648,1,3,2,3
125650,0,1,1,2
125652,0,1,1,2
125654,1,9,2,9
125656,3,3,4,1
125658,2,4,3,3
125661,10,28,11,19
125698,4,5,5,2
125700,1,1,2,1
125704,5,9,6,5
125768,0,1,1,2
125770,0,5,1,6
125774,0,1,1,2
125776,0,1,1,2
125780,1,2,2,2
125782,0,5,1,6
125786,6,12,7,7
125795,1,3,2,3
125833,0,1,1,2
125836,2,3,3,2
125840,0,2,1,3
125852,0,3,1,4
125854,0,3,1,4
125856,0,1,1,2
125858,0,3,1,4
125860,0,1,1,2
125862,0,3,1,4
125864,0,2,1,3
125866,0,2,1,3
125868,1,3,2,3
125870,0,1,1,2
125872,0,4,1,5
125874,6,32,7,27
125876,0,2,1,3
125878,0,7,1,8
125882,0,2,1,3
125884,0,5,1,6
125886,0,2,1,3
125888,0,2,1,3
125892,0,1,1,2
125894,0,1,1,2
125896,0,15,1,16
125898,0,3,1,4
125902,1,3,2,3
125904,1,5,2,5
125906,9,20,10,12
125908,2,3,3,2
125910,1,3,2,3
125912,10,19,11,10
125914,65,351,66,287
125916,180,1313,181,1134
125918,8,28,9,21
125920,3,4,4,2
125922,7,10,8,4
125924,4,7,5,4
125926,48,96,49,49
125928,0,1,1,2
125930,1,3,2,3
125932,3,12,4,10
125934,0,4,1,5
125936,10,22,11,13
125938,4,8,5,5
125940,1,5,2,5
125942,3,10,4,8
125944,0,1,1,2
125946,4,7,5,4
125948,2,3,3,2
125950,4,9,5,6
125952,5,12,6,8
125954,0,2,1,3
125956,1,2,2,2
125958,8,19,9,12
125960,2,8,3,7
125962,3,6,4,4
125964,0,1,1,2
125966,12,31,13,20
125968,6,10,7,5
125970,73,166,74,94
125972,59,128,60,70
125974,51,106,52,56
125976,2,6,3,5
125978,1,5,2,5
125980,0,4,1,5
125982,5,10,6,6
125984,0,2,1,3
125986,2,16,3,15
125988,1,4,2,4
125990,0,1,1,2
125992,2,5,3,4
125994,0,2,1,3
125996,6,16,7,11
125998,7,10,8,4
126000,1,3,2,3
126002,0,1,1,2
126004,0,1,1,2
126006,3,13,4,11
126008,31,51,32,21
126010,2,3,3,2
126012,0,4,1,5
126014,0,1,1,2
126016,8,22,9,15
126018,1,7,2,7
126020,7,27,8,21
126022,4,11,5,8
126024,1,4,2,4
126026,0,3,1,4
126028,2,5,3,4
126030,2,5,3,4
126032,0,7,1,8
126034,1,6,2,6
126036,10,24,11,15
126038,0,4,1,5
126040,2,6,3,5
126042,2,13,3,12
126044,2,5,3,4
126046,6,14,7,9
126048,12,24,13,13
126050,3,12,4,10
126052,0,2,1,3
126054,0,2,1,3
126056,0,7,1,8
126058,2,9,3,8
126060,2,4,3,3
126062,2,4,3,3
126064,3,12,4,10
126066,13,21,14,9
126068,4,9,5,6
126070,2,10,3,9
126072,15,44,16,30
126074,10,22,11,13
126076,4,15,5,12
126078,0,1,1,2
126080,1,6,2,6
126082,2,4,3,3
126084,23,59,24,37
126086,12,21,13,10
126088,4,23,5,20
126090,187,274,188,88
126092,1,4,2,4
126094,1,4,2,4
126096,3,8,4,6
126098,2,9,3,8
126100,2,3,3,2
126102,0,1,1,2
126104,0,2,1,3
126106,50,79,51,30
126108,2,5,3,4
126110,3,12,4,10
126112,2,3,3,2
126116,1,1,2,1
126120,3,9,4,7
126122,1,3,2,3
126124,0,2,1,3
126126,0,1,1,2
126128,1,2,2,2
126130,0,3,1,4
126132,0,2,1,3
126134,1,11,2,11
126136,0,2,1,3
126138,1,9,2,9
126140,1,5,2,5
126142,3,10,4,8
126144,0,2,1,3
126146,1,5,2,5
126148,2,3,3,2
126150,0,4,1,5
126152,0,1,1,2
126154,0,3,1,4
126156,0,4,1,5
126158,1,5,2,5
126160,3,12,4,10
126162,0,1,1,2
126164,0,4,1,5
126166,0,3,1,4
126168,0,5,1,6
126170,0,1,1,2
126172,0,1,1,2
126174,0,3,1,4
126176,0,1,1,2
126178,1,4,2,4
126180,0,1,1,2
126182,0,1,1,2
126184,0,2,1,3
126186,0,1,1,2
126188,0,5,1,6
126190,0,1,1,2
126208,0,2,1,3
126210,1,2,2,2
126212,0,1,1,2
126217,1,2,2,2
126219,1,6,2,6
126221,0,1,1,2
126223,0,1,1,2
126225,0,3,1,4
126227,0,2,1,3
126229,2,6,3,5
126233,0,2,1,3
126235,0,3,1,4
126237,0,2,1,3
126239,0,3,1,4
126243,0,1,1,2
126245,10,13,11,4
126247,0,2,1,3
126249,0,1,1,2
126251,0,12,1,13
126283,0,1,1,2
126286,0,2,1,3
126290,0,2,1,3
126296,0,3,1,4
126300,0,2,1,3
126305,0,3,1,4
126309,1,2,2,2
126322,0,1,1,2
126325,0,1,1,2
126329,0,2,1,3
126331,0,1,1,2
126333,0,1,1,2
126335,0,1,1,2
126341,0,4,1,5
126385,0,2,1,3
126387,1,4,2,4
126393,2,25,3,24
126395,3,6,4,4
126397,4,6,5,3
126399,2,6,3,5
126401,0,4,1,5
126403,1,5,2,5
126405,1,35,2,35
126407,0,3,1,4
126409,1,4,2,4
126412,2,5,3,4
126414,6,10,7,5
126418,0,20,1,21
126420,2,40,3,39
126422,0,4,1,5
126424,0,4,1,5
126426,140,209,141,70
126428,0,2,1,3
126430,371,537,372,167
126432,9,15,10,7
126434,4,7,5,4
126436,0,2,1,3
126438,0,1,1,2
126482,19,64,20,46
126510,1,21,2,21
126544,1,2,2,2
126546,8,22,9,15
126548,302,824,303,523
126550,2,24,3,23
126552,0,3,1,4
126554,1,6,2,6
126558,2,6,3,5
126560,3,8,4,6
126562,1,23,2,23
126571,1,3,2,3
126573,1,3,2,3
126575,10,66,11,57
126577,2,7,3,6
126579,3,10,4,8
126582,0,1,1,2
126584,13,48,14,36
126586,1,2,2,2
126588,1,3,2,3
126591,4,6,5,3
126593,0,6,1,7
126595,7,23,8,17
126597,2,4,3,3
126599,69,158,70,90
126693,0,3,1,4
126719,0,1,1,2
126721,0,1,1,2
126723,1,9,2,9
126725,0,3,1,4
126727,0,6,1,7
126729,0,3,1,4
126731,0,5,1,6
126733,3,27,4,25
126735,1,12,2,12
126737,1,4,2,4
126739,1,11,2,11
126741,0,8,1,9
126743,2,16,3,15
126745,2,4,3,3
126747,1,5,2,5
126749,2,16,3,15
126751,0,8,1,9
126753,2,5,3,4
126761,0,2,1,3
126763,0,1,1,2
126765,0,2,1,3
126767,1,7,2,7
126769,0,4,1,5
126771,0,2,1,3
126773,3,6,4,4
126775,4,23,5,20
126777,0,5,1,6
126779,0,2,1,3
126781,3,9,4,7
126783,0,6,1,7
126785,2,8,3,7
126787,1,2,2,2
126789,2,9,3,8
126791,3,7,4,5
126793,0,4,1,5
126795,3,8,4,6
126797,0,5,1,6
126799,4,9,5,6
126801,3,11,4,9
126803,8,15,9,8
126805,1,2,2,2
126807,0,3,1,4
126809,0,3,1,4
126811,0,2,1,3
126815,1,2,2,2
126917,2,7,3,6
126919,13,28,14,16
126921,22,65,23,44
126923,0,6,1,7
126925,0,1,1,2
126927,24,33,25,10
126929,17,35,18,19
126931,3,5,4,3
126933,4,20,5,17
126935,4,11,5,8
126937,1,9,2,9
126939,1,4,2,4
126941,1,4,2,4
126943,0,8,1,9
126945,1,4,2,4
126947,6,9,7,4
126949,3,8,4,6
126951,7,16,8,10
126953,12,21,13,10
126955,4,7,5,4
126957,0,2,1,3
126959,3,8,4,6
126961,1,3,2,3
126963,3,16,4,14
126965,0,1,1,2
126967,6,7,7,2
126969,0,2,1,3
126971,2,7,3,6
126973,0,1,1,2
126975,4,15,5,12
126977,5,7,6,3
126979,1,2,2,2
126981,0,2,1,3
126983,13,22,14,10
126985,1,3,2,3
126987,12,21,13,10
126989,0,3,1,4
126991,0,1,1,2
126993,0,2,1,3
126995,0,1,1,2
126997,0,3,1,4
126999,0,1,1,2
127001,0,1,1,2
127003,2,3,3,2
127005,3,5,4,3
127007,1,2,2,2
127009,0,2,1,3
127011,2,5,3,4
127013,2,6,3,5
127015,0,6,1,7
127017,0,3,1,4
127019,5,9,6,5
127021,22,46,23,25
127025,3,9,4,7
127027,0,7,1,8
127029,0,3,1,4
127031,0,1,1,2
127033,4,6,5,3
127035,0,4,1,5
127038,0,3,1,4
127040,24,72,25,49
127042,26,60,27,35
127044,19,51,20,33
127046,0,6,1,7
127048,0,1,1,2
127050,1,5,2,5
127052,340,457,341,118
127054,4,21,5,18
127060,0,1,1,2
127062,5,8,6,4
127064,1,6,2,6
127066,8,22,9,15
127068,0,8,1,9
127070,0,2,1,3
127072,2,3,3,2
127074,0,2,1,3
127076,3,12,4,10
127078,0,2,1,3
127080,1,1,2,1
127082,6,13,7,8
127084,23,54,24,32
127088,10,44,11,35
127090,2,21,3,20
127092,0,1,1,2
127094,6,9,7,4
127096,195,585,196,391
127098,810,1115,811,306
127100,0,1,1,2
127102,4,8,5,5
127108,653,1142,654,490
127110,9,52,10,44
127112,6,39,7,34
127114,200,382,201,183
127116,66,207,67,142
127118,6,27,7,22
127120,6,31,7,26
127122,4,20,5,17
127124,20,58,21,39
127126,2,5,3,4
127128,37,125,38,89
127130,101,247,102,147
127132,4,20,5,17
127134,34,130,35,97
127136,55,231,56,177
127138,1,27,2,27
127140,90,247,91,158
127142,3,5,4,3
127144,14,51,15,38
127146,124,261,125,138
127148,29,51,30,23
127150,5,9,6,5
127152,582,872,583,291
127154,16,29,17,14
127156,13,30,14,18
127158,25,51,26,27
127160,0,1,1,2
127162,1,1,2,1
127164,65,110,66,46
127168,0,1,1,2
127170,0,1,1,2
127172,3,6,4,4
127174,2,3,3,2
127176,0,4,1,5
127178,78,185,79,108
127180,63,82,64,20
127182,6,26,7,21
127184,6,25,7,20
127186,30,68,31,39
127188,29,80,30,52
127192,11,47,12,37
127194,6,34,7,29
127196,108,238,109,131
127198,401,806,402,406
127200,6,38,7,33
127202,985,1594,986,610
127204,34,122,35,89
127206,46,104,47,59
127208,12,70,13,59
127210,4,11,5,8
127212,109,246,110,138
127214,1,9,2,9
127216,1,29,2,29
127218,24,146,25,123
127220,2,7,3,6
127222,3,4,4,2
127224,3,10,4,8
127226,27,37,28,11
127228,4,5,5,2
127230,1,1,2,1
127232,4,8,5,5
127234,5,21,6,17
127236,0,1,1,2
127238,1,2,2,2
127240,0,2,1,3
127242,0,1,1,2
127244,5,10,6,6
127246,1,3,2,3
127248,3,5,4,3
127252,1,3,2,3
127254,1,4,2,4
127256,7,15,8,9
127258,1,2,2,2
127260,5,12,6,8
127262,1,2,2,2
127264,0,1,1,2
127266,10,24,11,15
127268,0,1,1,2
127270,0,2,1,3
127272,1,2,2,2
127274,0,4,1,5
127276,0,9,1,10
127278,1,6,2,6
127280,0,2,1,3
127282,0,2,1,3
127286,0,1,1,2
127288,10,16,11,7
127292,0,6,1,7
127294,19,29,20,11
127296,1,4,2,4
127298,85,171,86,87
127302,2,10,3,9
127305,5,25,6,21
127307,3,13,4,11
127309,10,23,11,14
127311,23,40,24,18
127313,3,10,4,8
127315,7,50,8,44
127317,0,2,1,3
127319,44,180,45,137
127321,18,87,19,70
127323,9,81,10,73
127327,0,1,1,2
127329,0,1,1,2
127331,0,1,1,2
127333,0,4,1,5
127335,1,2,2,2
127339,0,1,1,2
127341,0,1,1,2
127343,0,1,1,2
127345,1,1,2,1
127347,0,1,1,2
127371,0,2,1,3
127390,92,205,93,114
127419,1,8,2,8
127433,1,2,2,2
127441,37,60,38,24
127443,3,7,4,5
127445,3,5,4,3
127447,0,1,1,2
127449,1,4,2,4
127451,3,4,4,2
127453,1,2,2,2
127455,2,6,3,5
127484,2,7,3,6
127494,0,1,1,2
127496,0,2,1,3
127498,1,2,2,2
127565,40,103,41,64
127567,5,9,6,5
127573,0,3,1,4
127575,2,4,3,3
127577,0,2,1,3
127579,4,9,5,6
127581,0,3,1,4
127583,11,23,12,13
127585,2,16,3,15
127587,1,2,2,2
127590,0,1,1,2
127592,1,1,2,1
127594,0,1,1,2
127600,0,7,1,8
127606,4,6,5,3
127608,0,2,1,3
127610,3,12,4,10
127620,0,1,1,2
127622,0,1,1,2
127626,1,3,2,3
127628,0,3,1,4
127630,0,8,1,9
127632,0,2,1,3
127634,0,2,1,3
127636,0,1,1,2
127640,0,1,1,2
127642,1,3,2,3
127646,0,1,1,2
127650,1,4,2,4
127652,4,8,5,5
127654,2,5,3,4
127656,0,3,1,4
127658,1,15,2,15
127660,0,1,1,2
127665,2,4,3,3
127667,0,1,1,2
127669,0,1,1,2
127673,0,2,1,3
127675,0,1,1,2
127677,0,1,1,2
127679,0,1,1,2
127681,0,1,1,2
127690,0,3,1,4
127692,1,5,2,5
127695,2,4,3,3
127699,0,2,1,3
127701,3,11,4,9
127703,0,1,1,2
127705,0,1,1,2
127709,0,2,1,3
127713,0,1,1,2
127715,1,7,2,7
127717,1,1,2,1
127721,0,1,1,2
127724,8,26,9,19
127726,0,5,1,6
127728,1,5,2,5
127831,2,5,3,4
127833,3,8,4,6
127835,1,3,2,3
127837,1,3,2,3
127839,0,3,1,4
127843,1,4,2,4
127857,2,4,3,3
127859,2,8,3,7
127861,3,15,4,13
127863,1,4,2,4
127865,0,3,1,4
127867,3,13,4,11
127869,0,2,1,3
127873,0,4,1,5
127875,1,3,2,3
127877,1,3,2,3
127879,7,14,8,8
127881,0,4,1,5
127957,0,2,1,3
127974,6,30,7,25
127987,7,13,8,7
127989,0,1,1,2
127991,3,4,4,2
127993,7,12,8,6
127995,1,4,2,4
127997,0,1,1,2
127999,2,4,3,3
128001,4,8,5,5
128003,3,8,4,6
128005,1,6,2,6
128007,0,7,1,8
128009,0,6,1,7
128013,0,1,1,2
128015,0,2,1,3
128017,0,1,1,2
128019,0,1,1,2
128021,0,1,1,2
128023,0,3,1,4
128025,4,4,5,1
128029,3,13,4,11
128031,1,3,2,3
128033,0,1,1,2
128035,0,2,1,3
128037,0,1,1,2
128039,0,1,1,2
128041,0,1,1,2
128045,1,1,2,1
128049,0,1,1,2
128051,0,2,1,3
128053,0,1,1,2
128057,0,3,1,4
128065,0,2,1,3
128067,1,3,2,3
128071,1,3,2,3
128075,1,2,2,2
128077,1,3,2,3
128081,1,3,2,3
128083,1,2,2,2
128085,0,2,1,3
128087,1,3,2,3
128089,37,62,38,26
128091,10,16,11,7
128093,23,39,24,17
128095,3,5,4,3
128097,10,14,11,5
128099,51,83,52,33
128101,1,2,2,2
128105,0,2,1,3
128109,0,3,1,4
128113,0,2,1,3
128127,0,1,1,2
128129,0,3,1,4
128137,1,1,2,1
128139,1,2,2,2
128141,0,12,1,13
128143,1,2,2,2
128149,3,18,4,16
128151,6,17,7,12
128153,1,9,2,9
128155,0,1,1,2
128157,1,4,2,4
128161,0,2,1,3
128163,2,4,3,3
128165,8,21,9,14
128167,2,14,3,13
128169,5,22,6,18
128171,1,8,2,8
128173,1,7,2,7
128175,0,2,1,3
128177,0,3,1,4
128179,2,4,3,3
128181,2,6,3,5
128183,0,2,1,3
128185,0,2,1,3
128187,1,5,2,5
128189,1,5,2,5
128193,0,3,1,4
128195,1,2,2,2
128197,0,3,1,4
128199,2,9,3,8
128201,0,3,1,4
128203,0,1,1,2
128205,1,1,2,1
128209,0,2,1,3
128211,0,1,1,2
128213,1,3,2,3
128215,1,12,2,12
128219,2,2,3,1
128221,2,3,3,2
128223,1,1,2,1
128225,1,2,2,2
128227,0,7,1,8
128229,0,2,1,3
128231,2,4,3,3
128233,0,1,1,2
128235,5,15,6,11
128237,0,1,1,2
128239,0,1,1,2
128241,0,1,1,2
128243,3,7,4,5
128245,0,1,1,2
128249,0,5,1,6
128251,4,16,5,13
128253,0,1,1,2
128255,0,9,1,10
128257,0,1,1,2
128259,1,2,2,2
128263,1,8,2,8
128265,0,1,1,2
128267,2,10,3,9
128269,1,4,2,4
128273,0,3,1,4
128275,2,2,3,1
128277,0,1,1,2
128279,1,2,2,2
128281,0,1,1,2
128283,4,11,5,8
128287,0,1,1,2
128289,0,1,1,2
128291,0,3,1,4
128293,0,1,1,2
128297,0,4,1,5
128299,0,1,1,2
128301,0,3,1,4
128303,1,2,2,2
128305,0,2,1,3
128308,0,2,1,3
128316,3,4,4,2
128318,3,10,4,8
128320,34,54,35,21
128322,2,9,3,8
128327,4,6,5,3
128356,1,4,2,4
128358,1,13,2,13
128360,3942,6148,3943,2207
128362,1,4,2,4
128366,27,46,28,20
128369,1,7,2,7
128371,1,2,2,2
128379,0,2,1,3
128381,0,2,1,3
128383,1,2,2,2
128385,0,1,1,2
128387,0,1,1,2
128389,0,1,1,2
128391,0,1,1,2
128393,1,2,2,2
128395,1,2,2,2
128397,1,2,2,2
128399,0,2,1,3
128401,0,1,1,2
128403,0,1,1,2
128405,0,1,1,2
128413,0,1,1,2
128423,0,1,1,2
128425,7,20,8,14
128427,0,3,1,4
128429,7,28,8,22
128433,0,1,1,2
128435,0,2,1,3
128437,1,1,2,1
128439,5,11,6,7
128441,5,14,6,10
128443,1,3,2,3
128445,0,2,1,3
128447,3,15,4,13
128470,0,2,1,3
128476,0,1,1,2
128478,9,27,10,19
128480,2,3,3,2
128482,0,2,1,3
128488,49,225,50,177
128490,1,2,2,2
128494,0,1,1,2
128498,0,1,1,2
128504,0,3,1,4
128506,8,16,9,9
128508,13,20,14,8
128510,16,28,17,13
128512,218,754,219,537
128514,0,3,1,4
128516,2,4,3,3
128518,3,21,4,19
128520,147,389,148,243
128522,0,2,1,3
128526,0,1,1,2
128528,0,2,1,3
128530,0,1,1,2
128534,2,6,3,5
128536,9,15,10,7
128538,7,17,8,11
128540,12,30,13,19
128542,25,88,26,64
128544,3,13,4,11
128546,0,2,1,3
128548,5,20,6,16
128550,1,18,2,18
128552,2,11,3,10
128554,2,8,3,7
128556,2,12,3,11
128558,2,13,3,12
128560,2,13,3,12
128562,1,11,2,11
128564,1,8,2,8
128566,1,7,2,7
128570,0,3,1,4
128572,2,6,3,5
128574,1,2,2,2
128576,1,5,2,5
128578,2,10,3,9
128580,1,4,2,4
128582,0,6,1,7
128586,0,3,1,4
128588,1,9,2,9
128590,0,6,1,7
128592,20,107,21,88
128594,34,66,35,33
128596,0,1,1,2
128598,0,1,1,2
128600,4,19,5,16
128601,0,1,1,2
128604,46,151,47,106
128606,101,237,102,137
128608,3,21,4,19
128610,7,23,8,17
128612,0,8,1,9
128614,2,10,3,9
128616,2,4,3,3
128618,2,7,3,6
128620,348,556,349,209
128622,10,20,11,11
128624,1,5,2,5
128626,12,20,13,9
128628,0,2,1,3
128630,0,1,1,2
128632,8,59,9,52
128634,1,5,2,5
128642,0,6,1,7
128644,0,1,1,2
128648,1,18,2,18
128650,0,1,1,2
128656,1,5,2,5
128661,1,1,2,1
128665,0,1,1,2
128667,1,2,2,2
128669,1,5,2,5
128671,60,113,61,54
128673,2,6,3,5
128675,1,4,2,4
128677,0,5,1,6
128679,31,59,32,29
128681,0,2,1,3
128684,15,23,16,9
128686,0,1,1,2
128688,0,1,1,2
128690,0,6,1,7
128693,0,1,1,2
128695,17,53,18,37
128697,1,2,2,2
128699,0,1,1,2
128701,0,2,1,3
128703,2,3,3,2
128705,1,3,2,3
128711,1,5,2,5
128713,1,1,2,1
128715,8,13,9,6
128717,0,1,1,2
128719,1,4,2,4
128723,4,17,5,14
128725,3,8,4,6
128727,3,13,4,11
128732,1,3,2,3
128734,1,2,2,2
128736,20,53,21,34
128738,4,6,5,3
128740,3,4,4,2
128742,1,1,2,1
128748,1,1,2,1
128750,2,3,3,2
128752,1,1,2,1
128754,0,1,1,2
128756,0,1,1,2
128758,1,3,2,3
128760,1,1,2,1
128762,1,7,2,7
128764,0,2,1,3
128768,0,1,1,2
128770,0,1,1,2
128774,1,2,2,2
128776,1,4,2,4
128778,0,1,1,2
128782,0,1,1,2
128784,1,3,2,3
128786,0,1,1,2
128788,2,7,3,6
128790,1,1,2,1
128792,0,2,1,3
128796,0,2,1,3
128798,0,1,1,2
128800,0,3,1,4
128802,0,1,1,2
128804,0,1,1,2
128806,0,2,1,3
128810,0,1,1,2
128812,6,13,7,8
128816,0,1,1,2
128820,0,1,1,2
128826,0,1,1,2
128830,12,18,13,7
128832,31,79,32,49
128834,4,9,5,6
128836,2,4,3,3
128838,298,1007,299,710
128840,1,3,2,3
128842,4,24,5,21
128848,1,2,2,2
128850,0,1,1,2
128852,46,81,47,36
128854,25,35,26,11
128858,0,1,1,2
128860,1,1,2,1
128862,14,19,15,6
128864,0,2,1,3
128868,15,18,16,4
128870,2,4,3,3
128872,9,15,10,7
128874,4,8,5,5
128876,9,14,10,6
128878,4,15,5,12
128880,0,1,1,2
128882,1,6,2,6
128884,1,4,2,4
128886,1,3,2,3
128888,0,1,1,2
128896,0,1,1,2
128898,1,17,2,17
128900,1,1,2,1
128902,1,5,2,5
128904,0,1,1,2
128906,1,9,2,9
128908,20,36,21,17
128910,1,4,2,4
128912,25,53,26,29
128914,28,43,29,16
128918,17,31,18,15
128920,0,1,1,2
128922,1,17,2,17
128924,13,26,14,14
128928,0,2,1,3
128930,0,10,1,11
128936,1,1,2,1
128940,0,1,1,2
128942,0,1,1,2
128944,13,118,14,106
128946,0,1,1,2
128948,1,4,2,4
128950,2,5,3,4
128952,2,8,3,7
128954,3,10,4,8
128958,0,1,1,2
128960,0,5,1,6
128962,0,1,1,2
128964,0,2,1,3
128966,1,10,2,10
128968,37,115,38,79
128971,2,8,3,7
128973,1,1,2,1
128975,50,331,51,282
128977,0,1,1,2
128979,0,1,1,2
128981,20,34,21,15
128983,0,1,1,2
128985,1,4,2,4
128987,1,9,2,9
128989,2,14,3,13
128991,18,34,19,17
128995,0,1,1,2
128997,1,5,2,5
128999,1,1,2,1
129003,0,1,1,2
129005,3,8,4,6
129007,0,1,1,2
129009,11,17,12,7
129013,33,55,34,23
129015,0,2,1,3
129017,0,3,1,4
129021,3,5,4,3
129030,2,24,3,23
129032,46,74,47,29
129034,1,3,2,3
129036,1,2,2,2
129038,0,2,1,3
129042,1,4,2,4
129044,0,8,1,9
129046,1,5,2,5
129048,0,1,1,2
129050,0,1,1,2
129054,0,4,1,5
129056,0,2,1,3
129058,0,3,1,4
129060,0,3,1,4
129062,0,1,1,2
129064,0,5,1,6
129066,0,4,1,5
129068,0,1,1,2
129070,1,1,2,1
129072,0,2,1,3
129076,1,2,2,2
129078,11,27,12,17
129080,0,2,1,3
129183,6,9,7,4
129185,0,1,1,2
129187,0,1,1,2
129189,11,16,12,6
129191,4,7,5,4
129193,0,2,1,3
129195,2,4,3,3
129199,7,15,8,9
129201,0,2,1,3
129203,0,1,1,2
129205,1,3,2,3
129213,0,1,1,2
129219,1,3,2,3
129221,0,1,1,2
129223,1,1,2,1
129225,0,1,1,2
129227,5,11,6,7
129229,2,20,3,19
129231,1,3,2,3
129233,3,18,4,16
129235,0,3,1,4
129237,0,3,1,4
129239,0,3,1,4
129241,7,20,8,14
129243,4,10,5,7
129245,7,20,8,14
129248,5,10,6,6
129250,2,37,3,36
129252,0,1,1,2
129256,1,3,2,3
129264,1,3,2,3
129268,0,1,1,2
129270,1,3,2,3
129272,1,3,2,3
129274,3,10,4,8
129276,0,2,1,3
129285,5,14,6,10
129289,2,2,3,1
129291,1,2,2,2
129293,1,2,2,2
129295,1,2,2,2
129297,0,1,1,2
129299,3,14,4,12
129301,2,5,3,4
129303,2,3,3,2
129305,2,6,3,5
129307,2,3,3,2
129309,3,5,4,3
129311,0,1,1,2
129313,23,54,24,32
129317,0,11,1,12
129321,0,1,1,2
129325,0,1,1,2
129333,2,11,3,10
129335,2,4,3,3
129337,10,20,11,11
129340,7,13,8,7
129342,6,10,7,5
129344,1,1,2,1
129346,1,11,2,11
129348,3,5,4,3
129350,3,16,4,14
129352,2,3,3,2
129354,840,1992,841,1153
129356,1,1,2,1
129358,8,23,9,16
129360,2,3,3,2
129362,31,60,32,30
129364,8,22,9,15
129366,2,6,3,5
129368,0,3,1,4
129370,43,227,44,185
129372,10,67,11,58
129374,0,1,1,2
129376,1,6,2,6
129378,2,5,3,4
129382,1,2,2,2
129384,0,1,1,2
129386,0,3,1,4
129389,1,4,2,4
129391,0,1,1,2
129395,1,3,2,3
129397,11,52,12,42
129401,15,37,16,23
129403,0,3,1,4
129405,3,7,4,5
129407,1,2,2,2
129409,1,2,2,2
129411,0,1,1,2
129413,1,4,2,4
129415,1,7,2,7
129417,0,2,1,3
129419,0,2,1,3
129421,1,1,2,1
129423,0,1,1,2
129425,4,11,5,8
129428,98,255,99,158
129430,0,1,1,2
129432,2,6,3,5
129435,0,1,1,2
129437,21,33,22,13
129441,1,3,2,3
129443,1,1,2,1
129445,0,2,1,3
129447,0,3,1,4
129449,0,2,1,3
129451,4,10,5,7
129454,0,4,1,5
129456,0,1,1,2
129458,0,1,1,2
129460,0,2,1,3
129464,0,1,1,2
129466,0,1,1,2
129470,0,1,1,2
129472,0,1,1,2
129474,1,13,2,13
129476,3,4,4,2
129478,1,1,2,1
129480,1,3,2,3
129482,1,1,2,1
129484,0,3,1,4
129486,0,1,1,2
129488,0,2,1,3
129490,4,28,5,25
129492,0,4,1,5
129500,0,1,1,2
129502,0,2,1,3
129506,0,1,1,2
129508,0,1,1,2
129510,0,5,1,6
129512,0,3,1,4
129514,362,506,363,145
129516,2,4,3,3
129518,4,4,5,1
129520,3,3,4,1
129522,1,4,2,4
129524,0,4,1,5
129526,1,5,2,5
129528,1,2,2,2
129530,2,2,3,1
129532,0,4,1,5
129534,2,9,3,8
129536,0,4,1,5
129555,1,3,2,3
129640,1,4,2,4
129644,6,13,7,8
129646,1,8,2,8
129651,1,2,2,2
129653,0,3,1,4
129655,1,3,2,3
129657,16,97,17,82
129659,165,296,166,132
129661,0,1,1,2
129667,2,4,3,3
129669,6,19,7,14
129671,1,3,2,3
129673,1,4,2,4
129675,9,18,10,10
129679,0,1,1,2
129683,0,1,1,2
129687,0,3,1,4
129689,0,1,1,2
129691,0,1,1,2
129699,0,2,1,3
129701,0,9,1,10
129703,0,2,1,3
129705,3,9,4,7
129707,27,199,28,173
129709,0,2,1,3
129711,2,4,3,3
129713,31,47,32,17
129715,0,1,1,2
129717,1,1,2,1
129719,6,9,7,4
129721,6,10,7,5
129723,1,2,2,2
129725,0,3,1,4
129727,0,1,1,2
129729,1,2,2,2
129731,0,1,1,2
129737,21,122,22,102
129739,31,53,32,23
129741,2,3,3,2
129743,1,1,2,1
129749,16,45,17,30
129751,3,4,4,2
129759,0,1,1,2
129763,0,1,1,2
129765,0,1,1,2
129767,0,2,1,3
129769,1,2,2,2
129771,10,21,11,12
129773,16,43,17,28
129775,1,3,2,3
129777,0,2,1,3
129779,81,138,82,58
129781,23,61,24,39
129784,0,10,1,11
129786,3,13,4,11
129788,14,30,15,17
129792,2,3,3,2
129812,2,4,3,3
129814,0,2,1,3
129816,5,14,6,10
129818,12,32,13,21
129820,25,50,26,26
129822,3,11,4,9
129826,1,15,2,15
129828,1,2,2,2
129830,0,14,1,15
129834,0,3,1,4
129836,8,20,9,13
129838,1,5,2,5
129841,2,10,3,9
129843,2,5,3,4
129845,4,24,5,21
129847,1,3,2,3
129849,0,4,1,5
129851,0,11,1,12
129853,8,14,9,7
129855,2,8,3,7
129857,1,9,2,9
129859,6,18,7,13
129865,0,1,1,2
129867,0,2,1,3
129871,0,2,1,3
129873,0,2,1,3
129875,0,2,1,3
129877,0,1,1,2
129879,0,2,1,3
129881,0,1,1,2
129883,0,1,1,2
129885,0,1,1,2
129887,1,1,2,1
129889,4,6,5,3
129895,0,2,1,3
129897,1,1,2,1
129899,0,1,1,2
129905,1,2,2,2
129907,1,2,2,2
129909,1,5,2,5
129911,4,6,5,3
129913,13,35,14,23
129915,1,3,2,3
129917,2,3,3,2
129919,1,2,2,2
129921,0,3,1,4
129923,0,3,1,4
129925,1,4,2,4
129927,1,4,2,4
129929,0,3,1,4
129931,1,2,2,2
129933,2,9,3,8
129935,9,18,10,10
129937,142,590,143,449
129939,1,3,2,3
129941,5,22,6,18
129943,4,8,5,5
129945,1,3,2,3
129947,3,9,4,7
129949,1,4,2,4
129951,16,30,17,15
129958,8,12,9,5
129970,0,1,1,2
129978,0,1,1,2
129980,0,2,1,3
129984,0,1,1,2
129986,0,1,1,2
129994,0,6,1,7
129996,0,1,1,2
130000,0,1,1,2
130008,0,1,1,2
130016,2,17,3,16
130018,0,1,1,2
130020,0,1,1,2
130022,0,2,1,3
130028,0,1,1,2
130034,7,17,8,11
130036,3,10,4,8
130038,2,7,3,6
130040,7,12,8,6
130042,0,7,1,8
130044,10,58,11,49
130046,2,8,3,7
130048,1,3,2,3
130050,5,27,6,23
130052,14,97,15,84
130054,0,5,1,6
130056,0,2,1,3
130058,0,2,1,3
130060,1,8,2,8
130062,1,3,2,3
130064,0,3,1,4
130066,2,15,3,14
130069,2,13,3,12
130071,0,5,1,6
130073,444,1166,445,723
130075,79,237,80,159
130077,1,5,2,5
130079,0,3,1,4
130081,3,14,4,12
130083,9,77,10,69
130085,3,8,4,6
130087,55,281,56,227
130089,1,3,2,3
130091,0,1,1,2
130099,0,1,1,2
130103,4,6,5,3
130107,2,11,3,10
130109,0,1,1,2
130111,0,1,1,2
130114,0,1,1,2
130116,1,1,2,1
130120,0,1,1,2
130128,0,1,1,2
130130,0,1,1,2
130138,0,1,1,2
130140,3,4,4,2
130142,0,1,1,2
130144,0,2,1,3
130146,0,5,1,6
130148,1,2,2,2
130150,1,2,2,2
130152,0,2,1,3
130154,0,1,1,2
130156,1,3,2,3
130163,1,2,2,2
130170,1,5,2,5
130173,0,4,1,5
130176,1,3,2,3
130178,0,2,1,3
130182,0,1,1,2
130185,1,1,2,1
130194,1,2,2,2
130196,0,2,1,3
130198,1,4,2,4
130202,0,2,1,3
130204,2,12,3,11
130206,1,1,2,1
130208,0,3,1,4
130210,1,3,2,3
130217,1,4,2,4
130219,2,6,3,5
130231,0,1,1,2
130233,10,19,11,10
130235,0,1,1,2
130237,0,2,1,3
130241,0,2,1,3
130243,0,1,1,2
130247,1,7,2,7
130250,0,2,1,3
130252,0,2,1,3
130259,5,7,6,3
130261,0,2,1,3
130267,1,2,2,2
130269,0,7,1,8
130271,1,4,2,4
130275,1,3,2,3
130284,1,1,2,1
130288,0,1,1,2
130290,3,11,4,9
130292,3,9,4,7
130294,1,2,2,2
130296,1,2,2,2
130298,1,3,2,3
130320,0,2,1,3
130324,2,3,3,2
130326,2,4,3,3
130328,1,6,2,6
130330,1,2,2,2
130332,1,13,2,13
130336,1,4,2,4
130338,4,5,5,2
130340,2,8,3,7
130342,0,2,1,3
130344,0,2,1,3
130347,28,44,29,17
130349,0,3,1,4
130351,29,60,30,32
130356,0,1,1,2
130364,0,1,1,2
130372,0,10,1,11
130374,21,23,22,3
130376,0,4,1,5
130378,1,3,2,3
130380,0,1,1,2
130382,5,15,6,11
130384,1,14,2,14
130386,0,1,1,2
130388,2,9,3,8
130390,2,8,3,7
130392,2,14,3,13
130394,8,13,9,6
130396,4,14,5,11
130398,1,16,2,16
130400,0,1,1,2
130402,3,14,4,12
130404,3,3,4,1
130406,1,3,2,3
130408,0,1,1,2
130412,0,1,1,2
130414,0,1,1,2
130418,1,2,2,2
130420,0,1,1,2
130422,1,3,2,3
130424,1,6,2,6
130426,1,4,2,4
130430,0,1,1,2
130436,1,2,2,2
130440,0,2,1,3
130442,2,31,3,30
130444,11,38,12,28
130446,0,3,1,4
130448,64,339,65,276
130450,60,323,61,264
130452,98,358,99,261
130454,1,3,2,3
130456,0,2,1,3
130458,1,21,2,21
130460,0,1,1,2
130462,8,33,9,26
130464,5,9,6,5
130468,3,10,4,8
130472,2,9,3,8
130474,31,76,32,46
130476,4,11,5,8
130478,10,24,11,15
130480,7,12,8,6
130482,6,18,7,13
130484,1,8,2,8
130488,4,14,5,11
130490,710,2189,711,1480
130492,22,51,23,30
130494,4,13,5,10
130496,10,149,11,140
130498,6,26,7,21
130500,0,2,1,3
130502,1,5,2,5
130504,4,14,5,11
130506,74,125,75,52
130508,88,147,89,60
130510,67,100,68,34
130512,6,16,7,11
130514,3,8,4,6
130516,2,9,3,8
130518,30,50,31,21
130520,400,1091,401,692
130522,8,30,9,23
130524,1,10,2,10
130526,1,14,2,14
130528,1,1,2,1
130530,0,1,1,2
130532,0,3,1,4
130538,0,1,1,2
130540,1,1,2,1
130544,1,2,2,2
130552,0,3,1,4
130554,1,1,2,1
130558,1,1,2,1
130560,1,5,2,5
130562,0,1,1,2
130566,0,1,1,2
130572,1,1,2,1
130574,1,4,2,4
130576,240,704,241,465
130578,30,145,31,116
130580,18,42,19,25
130582,17,48,18,32
130584,1,6,2,6
130586,7,11,8,5
130588,15,45,16,31
130590,0,1,1,2
130596,1,5,2,5
130604,0,4,1,5
130608,1,3,2,3
130610,0,2,1,3
130612,0,2,1,3
130614,1,4,2,4
130618,33,60,34,28
130622,2,7,3,6
130624,1,2,2,2
130626,1,1,2,1
130628,63,104,64,42
130630,4,16,5,13
130632,0,1,1,2
130634,997,2351,998,1355
130636,84,450,85,367
130638,4,8,5,5
130640,3,12,4,10
130642,27,107,28,81
130644,19,30,20,12
130646,0,1,1,2
130648,1,3,2,3
130654,0,2,1,3
130656,0,1,1,2
130660,1,4,2,4
130666,0,1,1,2
130668,0,3,1,4
130670,0,1,1,2
130672,0,2,1,3
130674,0,8,1,9
130676,1,2,2,2
130678,0,1,1,2
130680,2,7,3,6
130682,0,10,1,11
130684,31,148,32,118
130686,71,234,72,164
130688,1,3,2,3
130692,0,2,1,3
130694,0,1,1,2
130698,0,1,1,2
130702,3,3,4,1
130704,0,1,1,2
130708,0,1,1,2
130716,0,1,1,2
130720,0,1,1,2
130722,0,1,1,2
130724,1,7,2,7
130730,1,10,2,10
130732,0,1,1,2
130734,1,14,2,14
130738,0,2,1,3
130744,0,4,1,5
130746,1,16,2,16
130748,0,2,1,3
130750,0,2,1,3
130758,0,1,1,2
130762,1,3,2,3
130768,1,3,2,3
130778,0,2,1,3
130780,0,1,1,2
130784,17,39,18,23
130786,0,2,1,3
130788,0,3,1,4
130794,6,7,7,2
130796,0,3,1,4
130800,2,3,3,2
130802,1,2,2,2
130804,1,5,2,5
130808,0,3,1,4
130810,0,1,1,2
130812,0,2,1,3
130814,0,1,1,2
130816,1,2,2,2
130818,0,2,1,3
130820,0,1,1,2
130822,0,3,1,4
130824,0,1,1,2
130826,1,2,2,2
130828,1,3,2,3
130832,0,1,1,2
130834,0,3,1,4
130836,0,2,1,3
130840,106,271,107,166
130842,26,67,27,42
130846,1,2,2,2
130848,5,10,6,6
130850,2,6,3,5
130852,2,3,3,2
130854,3,7,4,5
130856,2,3,3,2
130858,1,2,2,2
130860,0,2,1,3
130862,3,15,4,13
130866,0,2,1,3
130870,0,2,1,3
130878,0,1,1,2
130880,2,3,3,2
130882,0,2,1,3
130892,1,3,2,3
130894,1,13,2,13
130898,2,2,3,1
130900,0,3,1,4
130902,1,1,2,1
130904,0,1,1,2
130908,1,1,2,1
130912,4,11,5,8
130914,0,8,1,9
130916,1,3,2,3
130918,0,1,1,2
130920,0,1,1,2
130922,2,10,3,9
130924,0,1,1,2
130926,0,2,1,3
130928,2,10,3,9
130930,0,8,1,9
130934,0,4,1,5
130938,0,2,1,3
130940,1,1,2,1
130942,0,1,1,2
130946,0,1,1,2
130950,0,1,1,2
130952,1,2,2,2
130954,1,2,2,2
130956,44,202,45,159
130958,0,4,1,5
130960,1,6,2,6
130962,0,1,1,2
130964,3,10,4,8
130966,0,2,1,3
130968,1,2,2,2
130970,168,225,169,58
130972,0,4,1,5
130976,51,85,52,35
130978,96,137,97,42
130980,5,7,6,3
130982,0,2,1,3
130984,0,3,1,4
130986,2,4,3,3
130988,30,82,31,53
130990,2,5,3,4
130992,13,27,14,15
130994,0,1,1,2
130996,2,4,3,3
130998,4,15,5,12
131000,3,13,4,11
131002,3,12,4,10
131004,3,11,4,9
131009,0,4,1,5
131011,2,4,3,3
131013,271,977,272,707
131015,0,4,1,5
131017,12,43,13,32
131019,3,15,4,13
131021,0,5,1,6
131023,40,81,41,42
131025,0,1,1,2
131027,1,5,2,5
131029,2,7,3,6
131031,0,2,1,3
131050,127,198,128,72
131052,0,1,1,2
131054,2,6,3,5
131056,2,15,3,14
131058,0,4,1,5
131060,0,4,1,5
131062,1,6,2,6
131064,0,4,1,5
131066,23,70,24,48
131068,0,1,1,2
131070,2,5,3,4
131072,0,1,1,2
131074,0,1,1,2
131076,0,3,1,4
131078,0,1,1,2
131080,28,97,29,70
131082,1,4,2,4
131084,1,8,2,8
131086,0,1,1,2
131088,0,7,1,8
131090,0,2,1,3
131092,27,65,28,39
131094,4,21,5,18
131096,2,9,3,8
131098,4,11,5,8
131100,1,4,2,4
131102,3,12,4,10
131104,8,19,9,12
131106,0,11,1,12
131108,0,1,1,2
131110,0,1,1,2
131112,4,11,5,8
131114,0,1,1,2
131116,0,1,1,2
131118,0,7,1,8
131120,1,6,2,6
131122,0,2,1,3
131124,1,7,2,7
131126,0,7,1,8
131128,1,6,2,6
131130,5,14,6,10
131132,4,13,5,10
131134,0,3,1,4
131136,2,18,3,17
131138,3,12,4,10
131140,3,6,4,4
131142,1,9,2,9
131144,3,11,4,9
131146,3,10,4,8
131148,2,9,3,8
131150,1,12,2,12
131152,0,1,1,2
131154,0,2,1,3
131156,2,12,3,11
131158,1,7,2,7
131160,4,9,5,6
131162,0,3,1,4
131164,6,8,7,3
131166,4,8,5,5
131168,63,134,64,72
131170,32,124,33,93
131172,1,7,2,7
131174,0,4,1,5
131176,10,28,11,19
131178,0,4,1,5
131180,4,28,5,25
131182,0,1,1,2
131184,0,1,1,2
131186,0,2,1,3
131188,1,1,2,1
131190,0,2,1,3
131192,2,13,3,12
131198,0,1,1,2
131202,0,3,1,4
131206,0,2,1,3
131211,0,1,1,2
131213,0,1,1,2
131231,1,9,2,9
131233,0,1,1,2
131237,99,153,100,55
131239,1,1,2,1
131241,3,19,4,17
131243,3,7,4,5
131248,55,142,56,88
131250,1,6,2,6
131252,31,58,32,28
131254,1,3,2,3
131256,1,2,2,2
131258,3,19,4,17
131260,2,4,3,3
131262,2,10,3,9
131266,0,1,1,2
131268,0,1,1,2
131270,19,63,20,45
131272,0,1,1,2
131274,0,7,1,8
131278,0,1,1,2
131282,0,1,1,2
131284,0,1,1,2
131292,0,6,1,7
131294,0,1,1,2
131300,0,4,1,5
131305,0,3,1,4
131308,0,2,1,3
131310,0,1,1,2
131316,1,3,2,3
131320,0,1,1,2
131339,0,1,1,2
131341,2,4,3,3
131343,0,1,1,2
131345,0,1,1,2
131347,1,4,2,4
131353,0,2,1,3
131357,0,1,1,2
131359,3,4,4,2
131361,1,3,2,3
131363,1,1,2,1
131365,1,1,2,1
131369,0,2,1,3
131375,0,1,1,2
131378,1,11,2,11
131380,0,1,1,2
131382,0,3,1,4
131386,0,3,1,4
131389,22,66,23,45
131391,0,2,1,3
131393,0,2,1,3
131398,0,1,1,2
131400,0,1,1,2
131409,1,2,2,2
131411,0,1,1,2
131419,1,3,2,3
131421,0,1,1,2
131427,0,1,1,2
131429,0,5,1,6
131431,0,3,1,4
131433,30,62,31,33
131437,0,12,1,13
131439,21,129,22,109
131442,0,1,1,2
131444,21,50,22,30
131446,29,59,30,31
131448,3,20,4,18
131451,12,52,13,41
131453,5,39,6,35
131457,8,28,9,21
131462,1,3,2,3
131464,13,46,14,34
131466,0,9,1,10
131470,12,56,13,45
131472,0,15,1,16
131474,5,36,6,32
131476,6,16,7,11
131478,2,26,3,25
131480,7,36,8,30
131482,0,9,1,10
131484,0,7,1,8
131486,1,13,2,13
131496,3,6,4,4
131498,0,2,1,3
131500,0,4,1,5
131502,7,18,8,12
131504,2,6,3,5
131506,9,23,10,15
131508,1,4,2,4
131514,0,1,1,2
131516,0,2,1,3
131522,0,2,1,3
131524,0,2,1,3
131526,0,1,1,2
131528,0,3,1,4
131530,0,2,1,3
131532,0,3,1,4
131534,0,5,1,6
131536,1,2,2,2
131538,1,5,2,5
131542,0,4,1,5
131546,0,5,1,6
131548,3,14,4,12
131550,3,7,4,5
131552,0,2,1,3
131554,7,11,8,5
131556,3,13,4,11
131558,1,7,2,7
131560,5,18,6,14
131562,8,13,9,6
131564,0,2,1,3
131566,0,1,1,2
131568,1,2,2,2
131570,2,16,3,15
131572,0,5,1,6
131574,0,2,1,3
131578,0,9,1,10
131582,0,5,1,6
131584,5,9,6,5
131586,6,8,7,3
131588,1,4,2,4
131590,0,4,1,5
131592,0,1,1,2
131594,0,2,1,3
131596,0,4,1,5
131602,0,2,1,3
131604,1,4,2,4
131610,1,6,2,6
131614,0,2,1,3
131618,0,1,1,2
131620,6,14,7,9
131622,6,14,7,9
131624,0,3,1,4
131626,1,2,2,2
131628,1,1,2,1
131630,0,2,1,3
131634,0,2,1,3
131636,0,1,1,2
131638,0,2,1,3
131640,1,4,2,4
131642,0,1,1,2
131644,1,1,2,1
131646,2,3,3,2
131648,1,2,2,2
131650,1,6,2,6
131652,0,3,1,4
131654,0,1,1,2
131656,184,416,185,233
131658,31,85,32,55
131660,1,28,2,28
131662,0,2,1,3
131664,0,1,1,2
131670,2,7,3,6
131672,0,1,1,2
131674,0,1,1,2
131678,0,1,1,2
131682,2,5,3,4
131684,0,5,1,6
131686,0,2,1,3
131688,0,2,1,3
131690,1,4,2,4
131694,0,1,1,2
131696,0,2,1,3
131698,0,3,1,4
131700,0,3,1,4
131702,0,2,1,3
131704,1,4,2,4
131706,0,2,1,3
131708,0,2,1,3
131710,0,3,1,4
131712,2,11,3,10
131714,58,205,59,148
131716,2,7,3,6
131718,0,2,1,3
131720,1,4,2,4
131722,1,2,2,2
131724,685,891,686,207
131726,2,8,3,7
131728,0,5,1,6
131730,0,2,1,3
131736,0,1,1,2
131739,48,134,49,87
131743,0,2,1,3
131749,12,26,13,15
131751,5,12,6,8
131753,1,7,2,7
131755,0,1,1,2
131759,0,3,1,4
131761,0,3,1,4
131763,0,2,1,3
131765,0,1,1,2
131767,1,1,2,1
131769,0,4,1,5
131771,0,1,1,2
131775,0,1,1,2
131777,1,1,2,1
131779,0,2,1,3
131786,0,3,1,4
131788,1,4,2,4
131790,0,2,1,3
131792,0,2,1,3
131794,0,1,1,2
131796,197,388,198,192
131798,1,6,2,6
131806,0,2,1,3
131808,5,13,6,9
131810,0,2,1,3
131812,1,5,2,5
131816,1,4,2,4
131818,6,10,7,5
131820,0,18,1,19
131822,1,2,2,2
131824,1,6,2,6
131826,15,41,16,27
131828,0,5,1,6
131830,35,77,36,43
131832,5,12,6,8
131834,5,19,6,15
131836,5,12,6,8
131838,2,3,3,2
131840,1,3,2,3
131842,5,50,6,46
131844,1,2,2,2
131846,0,3,1,4
131848,3,22,4,20
131850,4,14,5,11
131852,0,1,1,2
131854,0,7,1,8
131856,1,4,2,4
131858,0,1,1,2
131866,0,1,1,2
131868,1,4,2,4
131870,1,3,2,3
131872,0,1,1,2
131878,0,1,1,2
131880,3,21,4,19
131882,0,2,1,3
131884,0,3,1,4
131888,0,1,1,2
131892,0,2,1,3
131894,0,2,1,3
131896,0,1,1,2
131900,0,1,1,2
131902,0,1,1,2
131904,1,2,2,2
131908,0,1,1,2
131910,1,3,2,3
131912,0,2,1,3
131914,0,1,1,2
131916,0,1,1,2
131920,45,105,46,61
131922,1,1,2,1
131926,0,1,1,2
131928,0,2,1,3
131930,0,2,1,3
131932,1,6,2,6
131934,0,8,1,9
131936,3,12,4,10
131938,0,2,1,3
131940,0,1,1,2
131944,0,3,1,4
131950,0,3,1,4
131952,0,1,1,2
131954,0,2,1,3
131960,0,5,1,6
131962,0,1,1,2
131964,3,6,4,4
131966,3,7,4,5
131968,0,3,1,4
131970,0,3,1,4
131974,0,1,1,2
131980,9,10,10,2
131984,0,2,1,3
131986,0,2,1,3
131990,0,1,1,2
131998,1,16,2,16
132000,0,1,1,2
132002,0,7,1,8
132004,0,1,1,2
132008,1,4,2,4
132010,3,5,4,3
132012,26,51,27,26
132014,0,2,1,3
132018,0,4,1,5
132022,0,1,1,2
132024,0,2,1,3
132028,0,2,1,3
132030,0,2,1,3
132034,0,2,1,3
132036,2,5,3,4
132038,0,1,1,2
132040,2,7,3,6
132044,0,2,1,3
132046,588,1952,589,1365
132048,2,7,3,6
132050,2,7,3,6
132052,0,2,1,3
132054,0,4,1,5
132056,10,55,11,46
132058,8,19,9,12
132060,0,5,1,6
132062,2,7,3,6
132064,0,3,1,4
132066,0,3,1,4
132068,20,33,21,14
132070,6,18,7,13
132072,1,5,2,5
132074,16,34,17,19
132076,0,1,1,2
132078,0,3,1,4
132080,0,1,1,2
132082,0,1,1,2
132084,0,2,1,3
132086,0,2,1,3
132090,0,1,1,2
132092,0,1,1,2
132094,0,4,1,5
132100,1,2,2,2
132102,0,1,1,2
132106,2,19,3,18
132110,3,11,4,9
132112,33,108,34,76
132114,0,4,1,5
132116,1,2,2,2
132118,5,17,6,13
132120,0,1,1,2
132122,8,19,9,12
132124,1,1,2,1
132126,0,1,1,2
132128,45,127,46,83
132130,1,36,2,36
132132,4,15,5,12
132134,1,3,2,3
132136,3,24,4,22
132138,1,2,2,2
132140,6,19,7,14
132142,2,2,3,1
132144,6,15,7,10
132146,11,52,12,42
132148,0,2,1,3
132150,1,8,2,8
132153,7,20,8,14
132155,1,3,2,3
132157,32,306,33,275
132159,2,12,3,11
132161,3,6,4,4
132163,0,3,1,4
132165,1,2,2,2
132167,10,23,11,14
132169,7,22,8,16
132171,2,3,3,2
132173,12,42,13,31
132175,0,2,1,3
132178,0,10,1,11
132180,0,8,1,9
132182,7,17,8,11
132184,1,3,2,3
132186,0,1,1,2
132188,0,3,1,4
132190,0,4,1,5
132192,3,8,4,6
132194,1,3,2,3
132196,0,1,1,2
132198,0,2,1,3
132206,0,1,1,2
132208,3,8,4,6
132210,3,12,4,10
132212,2,10,3,9
132214,1,6,2,6
132216,0,1,1,2
132218,0,1,1,2
132220,0,1,1,2
132222,0,7,1,8
132224,0,2,1,3
132226,0,1,1,2
132232,1,4,2,4
132234,0,2,1,3
132236,2,5,3,4
132238,0,1,1,2
132242,1,3,2,3
132247,0,1,1,2
132251,0,1,1,2
132253,1,1,2,1
132259,1,2,2,2
132261,0,1,1,2
132264,0,1,1,2
132268,4,8,5,5
132270,0,3,1,4
132272,1,2,2,2
132275,1,1,2,1
132278,0,5,1,6
132280,1,3,2,3
132282,0,1,1,2
132284,1,4,2,4
132286,2,6,3,5
132288,0,2,1,3
132290,0,2,1,3
132292,1,3,2,3
132294,0,2,1,3
132296,1,5,2,5
132298,0,2,1,3
132300,0,1,1,2
132302,1,2,2,2
132307,0,1,1,2
132309,1,7,2,7
132311,0,1,1,2
132313,0,1,1,2
132315,6,16,7,11
132317,1,2,2,2
132319,3,9,4,7
132321,1,1,2,1
132323,0,2,1,3
132325,1,3,2,3
132327,1,1,2,1
132331,2,9,3,8
132333,2,2,3,1
132335,22,50,23,29
132338,2,4,3,3
132340,0,5,1,6
132342,1,2,2,2
132344,9,36,10,28
132346,0,1,1,2
132348,1,9,2,9
132350,2,5,3,4
132352,2,14,3,13
132354,0,2,1,3
132356,1,12,2,12
132358,18,33,19,16
132360,3,26,4,24
132362,29,44,30,16
132364,0,4,1,5
132366,1,4,2,4
132368,0,1,1,2
132370,0,4,1,5
132372,0,5,1,6
132374,1,2,2,2
132377,3,43,4,41
132379,0,1,1,2
132381,16,49,17,34
132384,1,9,2,9
132386,1,2,2,2
132388,1,11,2,11
132390,1,5,2,5
132392,0,2,1,3
132394,0,2,1,3
132402,3,7,4,5
132404,0,3,1,4
132408,2,6,3,5
132410,1,6,2,6
132412,0,4,1,5
132414,3,8,4,6
132416,0,1,1,2
132418,1,14,2,14
132420,0,8,1,9
132422,4,13,5,10
132424,251,492,252,242
132430,7,24,8,18
132432,5,13,6,9
132434,3,12,4,10
132436,0,4,1,5
132438,0,1,1,2
132440,0,1,1,2
132442,7,35,8,29
132444,2,2,3,1
132446,31,92,32,62
132448,2,2,3,1
132450,0,2,1,3
132452,0,1,1,2
132454,4,10,5,7
132456,49,94,50,46
132458,13,31,14,19
132460,0,2,1,3
132462,1,11,2,11
132464,0,3,1,4
132468,12,23,13,12
132470,4,13,5,10
132472,16,32,17,17
132474,1,5,2,5
132476,0,2,1,3
132478,1,2,2,2
132480,583,1149,584,567
132482,1,7,2,7
132484,3,20,4,18
132486,5,12,6,8
132488,1,11,2,11
132490,9,19,10,11
132492,22,35,23,14
132494,9,20,10,12
132496,58,157,59,100
132502,0,1,1,2
132506,1,3,2,3
132508,0,2,1,3
132510,0,1,1,2
132514,0,1,1,2
132516,1,1,2,1
132518,1,8,2,8
132520,0,8,1,9
132522,1,2,2,2
132524,4,24,5,21
132526,0,3,1,4
132528,0,5,1,6
132530,1,8,2,8
132532,0,1,1,2
132534,1,3,2,3
132537,2,4,3,3
132539,1,15,2,15
132541,0,7,1,8
132543,0,3,1,4
132545,4,11,5,8
132547,12,30,13,19
132549,38,117,39,80
132551,3,16,4,14
132553,1,2,2,2
132555,37,59,38,23
132557,3,8,4,6
132559,3,8,4,6
132561,19,31,20,13
132563,1,4,2,4
132565,0,5,1,6
132567,0,5,1,6
132569,20,52,21,33
132571,1,4,2,4
132575,5,11,6,7
132577,9,23,10,15
132579,7,20,8,14
132584,11,48,12,38
132586,2,4,3,3
132588,5,12,6,8
132590,11,27,12,17
132592,2,11,3,10
132594,12,44,13,33
132596,0,1,1,2
132600,0,5,1,6
132602,0,3,1,4
132604,0,2,1,3
132606,0,2,1,3
132608,6,18,7,13
132610,0,3,1,4
132612,0,3,1,4
132614,10,22,11,13
132616,5,23,6,19
132618,3,22,4,20
132622,5,11,6,7
132624,3,10,4,8
132626,5,22,6,18
132628,1,1,2,1
132630,49,92,50,44
132632,39,83,40,45
132634,1,11,2,11
132636,0,1,1,2
132638,4,15,5,12
132640,0,1,1,2
132642,0,1,1,2
132644,0,1,1,2
132646,2,10,3,9
132648,15,31,16,17
132650,10,40,11,31
132652,16,56,17,41
132654,2,6,3,5
132656,1,27,2,27
132658,5,20,6,16
132660,150,398,151,249
132662,0,4,1,5
132664,8,19,9,12
132666,2,4,3,3
132668,0,2,1,3
132672,0,1,1,2
132674,0,1,1,2
132678,0,3,1,4
132684,0,1,1,2
132686,0,1,1,2
132688,2,4,3,3
132692,0,1,1,2
132694,0,1,1,2
132711,0,2,1,3
132719,2,12,3,11
132723,0,2,1,3
132727,0,1,1,2
132729,0,1,1,2
132731,0,1,1,2
132735,2,11,3,10
132739,0,2,1,3
132741,0,2,1,3
132745,1,3,2,3
132747,2,9,3,8
132749,1,2,2,2
132753,0,2,1,3
132756,0,2,1,3
132758,11,17,12,7
132760,1,4,2,4
132762,0,2,1,3
132764,1,3,2,3
132766,0,5,1,6
132768,1,1,2,1
132772,0,2,1,3
132780,0,1,1,2
132782,1,3,2,3
132788,1,5,2,5
132790,0,2,1,3
132792,3,6,4,4
132794,2,7,3,6
132796,253,1224,254,972
132798,21,153,22,133
132800,48,176,49,129
132804,0,2,1,3
132806,1,2,2,2
132808,0,2,1,3
132812,0,2,1,3
132814,0,1,1,2
132816,0,1,1,2
132818,1,2,2,2
132820,0,1,1,2
132822,0,1,1,2
132824,0,1,1,2
132826,0,4,1,5
132832,0,3,1,4
132836,0,1,1,2
132838,0,1,1,2
132840,0,3,1,4
132844,3,8,4,6
132846,11,21,12,11
132852,0,2,1,3
132854,0,1,1,2
132858,0,1,1,2
132860,0,1,1,2
132862,0,2,1,3
132864,0,1,1,2
132870,1,1,2,1
132872,0,2,1,3
132874,7,12,8,6
132877,1,2,2,2
132879,2,3,3,2
132883,54,108,55,55
132886,0,2,1,3
132888,37,84,38,48
132890,1,1,2,1
132892,0,1,1,2
132894,0,4,1,5
132896,0,3,1,4
132898,1,4,2,4
132900,1,1,2,1
132902,5,8,6,4
132904,1,3,2,3
132906,1,24,2,24
132908,1,7,2,7
132910,2,9,3,8
132912,1,5,2,5
132914,0,3,1,4
132916,2,7,3,6
132918,0,4,1,5
132920,0,1,1,2
132922,2,8,3,7
132924,1,11,2,11
132926,0,2,1,3
132930,0,1,1,2
132936,0,1,1,2
132938,0,2,1,3
132940,1,2,2,2
132942,0,5,1,6
132944,1,5,2,5
132946,0,1,1,2
132948,1,1,2,1
132950,6,10,7,5
132952,26,44,27,19
132954,3,13,4,11
132958,2,9,3,8
132961,146,312,147,167
132965,18,48,19,31
132967,1,3,2,3
132969,2,7,3,6
132971,13,27,14,15
132973,0,1,1,2
132975,3,3,4,1
132977,6,28,7,23
132979,4,32,5,29
132981,0,5,1,6
132983,0,2,1,3
132987,0,7,1,8
132989,9,32,10,24
132991,9,40,10,32
132993,1,6,2,6
132995,3,11,4,9
132997,13,46,14,34
132999,0,1,1,2
133001,69,118,70,50
133005,0,1,1,2
133013,1,1,2,1
133015,0,1,1,2
133017,2,2,3,1
133019,0,3,1,4
133021,0,1,1,2
133029,0,3,1,4
133037,0,3,1,4
133045,0,2,1,3
133047,0,7,1,8
133055,0,4,1,5
133057,0,1,1,2
133059,0,1,1,2
133063,0,1,1,2
133067,1,3,2,3
133069,1,2,2,2
133071,0,4,1,5
133073,0,2,1,3
133075,1,3,2,3
133077,2,8,3,7
133079,3,5,4,3
133081,0,2,1,3
133083,0,3,1,4
133085,0,2,1,3
133087,0,9,1,10
133089,0,8,1,9
133091,1,4,2,4
133093,1,3,2,3
133095,1,1,2,1
133097,0,2,1,3
133099,0,1,1,2
133101,1,1,2,1
133105,1,2,2,2
133107,1,2,2,2
133109,0,1,1,2
133115,1,2,2,2
133117,1,5,2,5
133119,2,7,3,6
133121,0,13,1,14
133123,42,77,43,36
133125,14,40,15,27
133127,24,57,25,34
133129,6,21,7,16
133131,2,14,3,13
133133,16,31,17,16
133135,9,25,10,17
133137,7,26,8,20
133139,25,56,26,32
133141,10,28,11,19
133143,14,32,15,19
133145,13,38,14,26
133147,19,36,20,18
133149,8,26,9,19
133151,15,37,16,23
133153,11,28,12,18
133155,8,31,9,24
133157,6,23,7,18
133159,12,31,13,20
133161,6,24,7,19
133163,7,27,8,21
133165,7,34,8,28
133167,29,70,30,42
133169,15,42,16,28
133171,4,16,5,13
133173,8,26,9,19
133175,1,8,2,8
133177,0,1,1,2
133179,1,2,2,2
133181,0,1,1,2
133183,5,10,6,6
133185,42,93,43,52
133187,0,1,1,2
133189,0,2,1,3
133191,1,2,2,2
133195,168,621,169,454
133197,1,2,2,2
133199,2,11,3,10
133201,7,11,8,5
133203,8,11,9,4
133205,27,47,28,21
133207,13,26,14,14
133209,8,11,9,4
133213,1,1,2,1
133215,8,18,9,11
133217,6,15,7,10
133219,42,96,43,55
133221,5,7,6,3
133223,1,6,2,6
133225,1,10,2,10
133227,0,2,1,3
133229,13,26,14,14
133231,3,8,4,6
133233,4,9,5,6
133235,2,7,3,6
133237,1,8,2,8
133239,0,4,1,5
133241,5,11,6,7
133243,0,2,1,3
133255,4,10,5,7
133259,0,3,1,4
133262,1,5,2,5
133264,1,2,2,2
133266,0,1,1,2
133270,2,3,3,2
133272,1,5,2,5
133274,0,2,1,3
133276,6,18,7,13
133279,1,1,2,1
133281,17,134,18,118
133283,0,1,1,2
133285,4,5,5,2
133287,1,2,2,2
133289,1,6,2,6
133291,5,7,6,3
133293,1,4,2,4
133295,11,23,12,13
133297,2,2,3,1
133299,1,3,2,3
133301,0,1,1,2
133303,0,5,1,6
133305,2,10,3,9
133307,1,1,2,1
133309,1,5,2,5
133311,1,3,2,3
133313,3,4,4,2
133315,1,4,2,4
133317,1,3,2,3
133319,2,8,3,7
133321,1,2,2,2
133323,5,7,6,3
133325,5,9,6,5
133327,1,3,2,3
133329,2,2,3,1
133331,2,6,3,5
133333,11,21,12,11
133335,5,9,6,5
133337,1,4,2,4
133339,1,2,2,2
133341,1,1,2,1
133343,3,7,4,5
133345,0,7,1,8
133347,7,30,8,24
133349,6,23,7,18
133351,0,1,1,2
133353,0,5,1,6
133355,0,2,1,3
133357,30,48,31,19
133359,0,1,1,2
133361,27,44,28,18
133365,4,11,5,8
133367,7,14,8,8
133369,1,2,2,2
133371,6,18,7,13
133373,1,2,2,2
133375,2,4,3,3
133377,31,157,32,127
133379,0,3,1,4
133381,0,5,1,6
133383,7,25,8,19
133385,4,16,5,13
133387,1,5,2,5
133389,39,91,40,53
133391,2,7,3,6
133393,1,3,2,3
133395,1,2,2,2
133397,1,2,2,2
133399,2,7,3,6
133401,0,2,1,3
133404,2,9,3,8
133407,0,1,1,2
133409,0,2,1,3
133413,1,10,2,10
133415,0,4,1,5
133417,1,21,2,21
133419,485,1413,486,929
133421,0,2,1,3
133423,1,4,2,4
133429,1,4,2,4
133437,10,16,11,7
133439,4,7,5,4
133441,4,8,5,5
133443,0,1,1,2
133447,0,2,1,3
133453,0,1,1,2
133455,0,2,1,3
133457,5,13,6,9
133461,0,1,1,2
133463,0,5,1,6
133469,0,1,1,2
133471,0,1,1,2
133473,1,4,2,4
133479,0,3,1,4
133483,0,1,1,2
133489,0,1,1,2
133493,0,1,1,2
133499,1,1,2,1
133501,0,1,1,2
133503,1,1,2,1
133505,2,5,3,4
133507,0,1,1,2
133509,3,6,4,4
133511,0,1,1,2
133515,1,3,2,3
133517,0,3,1,4
133519,0,1,1,2
133523,0,1,1,2
133525,0,1,1,2
133527,0,1,1,2
133529,1,2,2,2
133531,0,1,1,2
133533,2,5,3,4
133539,2,3,3,2
133541,0,2,1,3
133543,2,4,3,3
133545,20,87,21,68
133547,1,5,2,5
133549,0,1,1,2
133551,0,1,1,2
133555,0,4,1,5
133557,1,3,2,3
133559,2,4,3,3
133561,0,1,1,2
133563,1,3,2,3
133565,0,1,1,2
133567,0,2,1,3
133569,1,3,2,3
133571,0,2,1,3
133573,0,1,1,2
133575,1,3,2,3
133577,2,5,3,4
133579,2,4,3,3
133581,2,14,3,13
133583,8,28,9,21
133585,0,6,1,7
133587,1,3,2,3
133591,4,7,5,4
133593,4,13,5,10
133596,2,3,3,2
133600,0,1,1,2
133602,8,13,9,6
133606,0,1,1,2
133610,0,7,1,8
133614,1,2,2,2
133616,1,1,2,1
133618,2,3,3,2
133620,1,3,2,3
133622,0,2,1,3
133624,0,3,1,4
133626,1,1,2,1
133638,0,2,1,3
133643,1,6,2,6
133645,475,982,476,508
133647,4,16,5,13
133649,2,7,3,6
133651,0,2,1,3
133653,10,25,11,16
133655,8,14,9,7
133657,1,2,2,2
133661,2,4,3,3
133663,1,1,2,1
133665,1,1,2,1
133667,4,8,5,5
133671,4,11,5,8
133673,1,3,2,3
133675,1,3,2,3
133677,1,3,2,3
133679,1,5,2,5
133689,3,26,4,24
133691,8,13,9,6
133693,3,10,4,8
133695,5,12,6,8
133697,6,14,7,9
133699,14,26,15,13
133701,0,2,1,3
133703,11,25,12,15
133706,1,1,2,1
133708,1,2,2,2
133710,5,33,6,29
133712,160,233,161,74
133714,5,17,6,13
133716,51,87,52,37
133718,1,5,2,5
133720,1,7,2,7
133722,0,3,1,4
133724,0,3,1,4
133727,2,4,3,3
133729,5,36,6,32
133731,5,30,6,26
133733,0,5,1,6
133735,0,1,1,2
133737,0,2,1,3
133739,4,10,5,7
133741,12,24,13,13
133743,8,16,9,9
133745,0,2,1,3
133747,3,39,4,37
133749,2,4,3,3
133751,0,1,1,2
133753,4,28,5,25
133755,0,1,1,2
133757,0,3,1,4
133759,3,13,4,11
133761,0,2,1,3
133763,0,2,1,3
133765,1,1,2,1
133767,33,53,34,21
133769,43,66,44,24
133771,1563,2900,1564,1338
133773,1,5,2,5
133775,0,4,1,5
133778,5,11,6,7
133780,13,26,14,14
133782,15,160,16,146
133784,0,5,1,6
133788,0,2,1,3
133790,1,1,2,1
133792,1,4,2,4
133794,1,3,2,3
133796,0,1,1,2
133798,71,301,72,231
133800,0,2,1,3
133802,140,325,141,186
133804,0,5,1,6
133806,3,15,4,13
133808,4,6,5,3
133810,1,4,2,4
133812,0,1,1,2
133814,3,6,4,4
133816,1,3,2,3
133818,0,2,1,3
133820,0,2,1,3
133822,2,10,3,9
133824,9,84,10,76
133826,0,7,1,8
133828,0,1,1,2
133830,0,4,1,5
133832,34,161,35,128
133835,1,3,2,3
133837,1,10,2,10
133841,1,1,2,1
133849,0,1,1,2
133851,1,3,2,3
133853,0,2,1,3
133857,1,1,2,1
133859,2,10,3,9
133861,1,3,2,3
133863,1,3,2,3
133865,2,4,3,3
133867,29,107,30,79
133869,14,61,15,48
133871,1,9,2,9
133873,9,35,10,27
133875,1,5,2,5
133877,0,1,1,2
133879,3,10,4,8
133881,4,9,5,6
133883,1,6,2,6
133885,8,18,9,11
133887,6,18,7,13
133889,1,1,2,1
133891,5,8,6,4
133893,5,13,6,9
133895,0,3,1,4
133897,2,10,3,9
133900,1,1,2,1
133902,0,1,1,2
133909,0,2,1,3
133911,0,2,1,3
133915,0,2,1,3
133917,0,1,1,2
133919,0,1,1,2
133921,0,1,1,2
133923,0,2,1,3
133925,0,2,1,3
133929,0,1,1,2
133933,1,6,2,6
133935,0,2,1,3
133939,0,2,1,3
133941,0,2,1,3
133943,1,1,2,1
133945,20,70,21,51
133949,0,1,1,2
133951,0,1,1,2
133955,0,1,1,2
133957,0,1,1,2
133959,2,2,3,1
133961,1,1,2,1
133964,2,6,3,5
133966,2,5,3,4
133968,0,1,1,2
133970,1,3,2,3
133974,1,4,2,4
133976,0,5,1,6
133980,0,1,1,2
133982,0,1,1,2
133984,0,1,1,2
133986,0,1,1,2
133988,4,13,5,10
133990,0,9,1,10
133992,0,1,1,2
133994,1,2,2,2
134002,0,1,1,2
134004,1,4,2,4
134006,0,2,1,3
134011,1,4,2,4
134013,3,20,4,18
134015,0,3,1,4
134017,0,1,1,2
134019,2,7,3,6
134021,39,81,40,43
134023,11,24,12,14
134025,0,1,1,2
134027,0,2,1,3
134029,3,7,4,5
134033,2,3,3,2
134035,1,7,2,7
134037,4,7,5,4
134039,1,2,2,2
134041,59,88,60,30
134043,7,13,8,7
134045,7,16,8,10
134057,0,1,1,2
134059,2,5,3,4
134061,1,2,2,2
134063,0,1,1,2
134065,0,1,1,2
134071,0,4,1,5
134073,10,21,11,12
134075,1,2,2,2
134077,11,18,12,8
134079,6,12,7,7
134081,0,5,1,6
134083,25,40,26,16
134085,12,24,13,13
134087,7,18,8,12
134089,11,15,12,5
134091,1,3,2,3
134093,14,34,15,21
134095,23,35,24,13
134097,2,5,3,4
134099,9,22,10,14
134101,10,32,11,23
134103,0,2,1,3
134105,5,13,6,9
134107,18,32,19,15
134109,94,149,95,56
134111,3,5,4,3
134115,14,24,15,11
134117,3,30,4,28
134120,2,5,3,4
134122,0,8,1,9
134124,1,5,2,5
134126,0,9,1,10
134128,0,1,1,2
134130,11779,16489,11780,4711
134132,0,1,1,2
134134,0,1,1,2
134142,0,3,1,4
134150,0,1,1,2
134152,1,3,2,3
134154,0,3,1,4
134156,0,2,1,3
134158,7,44,8,38
134160,1,2,2,2
134162,0,3,1,4
134164,0,5,1,6
134166,0,3,1,4
134168,3,8,4,6
134170,587,1104,588,518
134172,0,4,1,5
134174,0,2,1,3
134176,1,4,2,4
134178,13,29,14,17
134180,15,37,16,23
134182,14,40,15,27
134184,71,124,72,54
134186,0,1,1,2
134188,0,1,1,2
134194,0,1,1,2
134196,0,1,1,2
134202,0,1,1,2
134204,40,75,41,36
134206,3,9,4,7
134208,1,2,2,2
134210,0,3,1,4
134212,1,6,2,6
134214,256,561,257,306
134220,2,3,3,2
134222,0,2,1,3
134224,0,1,1,2
134226,0,2,1,3
134228,0,3,1,4
134230,26,49,27,24
134232,1,12,2,12
134234,14,28,15,15
134236,17,26,18,10
134238,3,10,4,8
134240,6,19,7,14
134242,1,3,2,3
134244,7,9,8,3
134246,39,147,40,109
134248,36,183,37,148
134250,27,54,28,28
134252,83,114,84,32
134254,0,1,1,2
134256,2,4,3,3
134260,0,2,1,3
134262,0,2,1,3
134264,0,1,1,2
134266,0,1,1,2
134268,1,4,2,4
134276,1,1,2,1
134278,0,4,1,5
134280,0,3,1,4
134282,0,1,1,2
134286,1,1,2,1
134290,0,6,1,7
134292,0,2,1,3
134294,0,1,1,2
134296,0,1,1,2
134298,0,4,1,5
134302,0,2,1,3
134304,1,2,2,2
134306,2,2,3,1
134310,1,1,2,1
134312,0,1,1,2
134322,0,1,1,2
134326,90,124,91,35
134328,0,1,1,2
134330,2,9,3,8
134332,16,34,17,19
134334,9,24,10,16
134336,3,8,4,6
134338,3,12,4,10
134340,2,6,3,5
134342,9,20,10,12
134344,3,12,4,10
134346,1,1,2,1
134348,17,30,18,14
134350,2,10,3,9
134352,0,6,1,7
134354,10,18,11,9
134356,4,7,5,4
134358,1,5,2,5
134360,1,1,2,1
134362,0,2,1,3
134366,1,2,2,2
134368,1199,2608,1200,1410
134370,3,13,4,11
134372,1,5,2,5
134374,53,121,54,69
134376,1,3,2,3
134378,14,28,15,15
134381,2,4,3,3
134383,4,6,5,3
134385,0,2,1,3
134387,1,1,2,1
134389,3,5,4,3
134391,0,1,1,2
134393,401,1442,402,1042
134395,1,3,2,3
134398,0,3,1,4
134402,0,1,1,2
134405,0,1,1,2
134407,1,3,2,3
134409,1,4,2,4
134411,0,1,1,2
134413,0,1,1,2
134415,0,2,1,3
134423,1,5,2,5
134425,1,2,2,2
134427,2,5,3,4
134429,0,1,1,2
134433,1,1,2,1
134437,0,1,1,2
134443,0,1,1,2
134445,0,3,1,4
134447,1,5,2,5
134449,2,7,3,6
134451,0,2,1,3
134453,0,2,1,3
134455,0,1,1,2
134459,0,1,1,2
134463,0,1,1,2
134465,0,1,1,2
134467,0,1,1,2
134469,0,3,1,4
134471,0,1,1,2
134473,0,1,1,2
134475,0,2,1,3
134479,3,4,4,2
134485,1,1,2,1
134487,0,2,1,3
134491,0,1,1,2
134495,0,1,1,2
134497,0,1,1,2
134499,1,16,2,16
134501,0,1,1,2
134503,1,8,2,8
134505,1,3,2,3
134507,0,1,1,2
134509,0,14,1,15
134511,1,3,2,3
134513,0,1,1,2
134515,3,23,4,21
134517,5,31,6,27
134519,6,18,7,13
134521,8,15,9,8
134524,9,19,10,11
134526,0,2,1,3
134528,64,366,65,303
134530,1,4,2,4
134532,5,9,6,5
134534,0,1,1,2
134536,2,6,3,5
134538,1,8,2,8
134540,0,2,1,3
134542,0,1,1,2
134549,2,6,3,5
134551,0,1,1,2
134553,0,1,1,2
134555,2,9,3,8
134557,0,2,1,3
134559,0,1,1,2
134563,2,12,3,11
134565,5,14,6,10
134567,1,2,2,2
134569,23,107,24,85
134571,3,10,4,8
134573,1,2,2,2
134575,4,31,5,28
134577,0,3,1,4
134579,15,28,16,14
134581,0,3,1,4
134583,10,23,11,14
134585,4,12,5,9
134587,6,30,7,25
134589,1,4,2,4
134591,3,3,4,1
134593,3,7,4,5
134595,0,2,1,3
134597,2,4,3,3
134599,3,5,4,3
134601,18,49,19,32
134603,2,10,3,9
134605,1,3,2,3
134607,3,3,4,1
134609,1,3,2,3
134611,3,6,4,4
134613,3,4,4,2
134615,3,7,4,5
134617,0,2,1,3
134619,1,8,2,8
134621,22,38,23,17
134623,0,1,1,2
134625,2,10,3,9
134627,3,3,4,1
134629,3,13,4,11
134631,2,3,3,2
134633,1,1,2,1
134635,0,3,1,4
134637,1,1,2,1
134639,1,1,2,1
134641,2,6,3,5
134643,3,17,4,15
134645,1,2,2,2
134647,0,1,1,2
134649,1,2,2,2
134651,2,7,3,6
134653,2,3,3,2
134655,0,1,1,2
134657,3,9,4,7
134659,13,27,14,15
134661,4,7,5,4
134664,1,5,2,5
134666,0,3,1,4
134673,1,2,2,2
134676,0,1,1,2
134678,1,5,2,5
134680,48,88,49,41
134684,6,8,7,3
134687,0,1,1,2
134693,1,2,2,2
134695,1,1,2,1
134700,0,3,1,4
134702,1,3,2,3
134704,10,43,11,34
134706,6,22,7,17
134708,5,20,6,16
134710,3,6,4,4
134712,2,10,3,9
134714,0,1,1,2
134720,1,2,2,2
134722,3,8,4,6
134726,0,1,1,2
134728,0,1,1,2
134730,0,1,1,2
134743,2,4,3,3
134745,1,4,2,4
134747,2,16,3,15
134749,0,3,1,4
134751,29,54,30,26
134753,0,1,1,2
134755,1,2,2,2
134757,2,2,3,1
134759,2,4,3,3
134761,0,2,1,3
134763,0,2,1,3
134765,0,2,1,3
134767,0,1,1,2
134771,0,1,1,2
134775,15,58,16,44
134777,10,27,11,18
134779,3,14,4,12
134781,5,15,6,11
134783,78,314,79,237
134785,3,11,4,9
134789,1,3,2,3
134791,1,7,2,7
134794,0,3,1,4
134796,62,86,63,25
134798,0,2,1,3
134800,1,11,2,11
134802,3,11,4,9
134804,0,2,1,3
134806,0,1,1,2
134808,1,5,2,5
134810,1,4,2,4
134812,2,8,3,7
134815,0,4,1,5
134817,2,6,3,5
134819,5,17,6,13
134821,9,25,10,17
134823,1,6,2,6
134827,1,7,2,7
134829,3,6,4,4
134831,1,8,2,8
134833,6,23,7,18
134835,0,3,1,4
134838,3,7,4,5
134840,0,1,1,2
134843,5,15,6,11
134845,0,1,1,2
134847,2,13,3,12
134849,184,248,185,65
134851,5,59,6,55
134853,9073,13580,9074,4508
134855,2,8,3,7
134857,0,2,1,3
134859,43,125,44,83
134861,14,32,15,19
134863,1,3,2,3
134865,0,7,1,8
134867,27,54,28,28
134869,1,4,2,4
134871,7,15,8,9
134873,0,1,1,2
134875,0,1,1,2
134879,22,44,23,23
134881,193,376,194,184
134883,11,21,12,11
134886,0,2,1,3
134888,0,1,1,2
134896,0,2,1,3
134898,0,1,1,2
134900,0,2,1,3
134902,0,1,1,2
134904,0,2,1,3
134908,1,1,2,1
134912,1,1,2,1
134915,3,25,4,23
134917,2,9,3,8
134919,0,3,1,4
134921,3,6,4,4
134929,0,1,1,2
134931,0,2,1,3
134935,2,3,3,2
134937,2,3,3,2
134939,2,3,3,2
134941,2,4,3,3
134943,6,14,7,9
134945,14,51,15,38
134947,3,5,4,3
134949,1,1,2,1
134951,4,7,5,4
134953,2,3,3,2
134955,1,2,2,2
134957,2,5,3,4
134959,0,2,1,3
134963,0,3,1,4
134965,1,1,2,1
134967,0,2,1,3
134971,2,5,3,4
134973,0,3,1,4
134977,0,1,1,2
134979,0,4,1,5
134981,0,1,1,2
134985,1,2,2,2
134991,0,2,1,3
135003,0,2,1,3
135005,1,2,2,2
135007,0,3,1,4
135009,0,3,1,4
135013,1,1,2,1
135015,1,7,2,7
135017,0,1,1,2
135019,0,1,1,2
135021,0,1,1,2
135023,5,11,6,7
135025,1,1,2,1
135031,9,10,10,2
135033,1,10,2,10
135035,0,1,1,2
135037,1,1,2,1
135039,0,1,1,2
135041,5,11,6,7
135049,1,3,2,3
135055,1,2,2,2
135057,2,3,3,2
135061,0,1,1,2
135065,1,2,2,2
135071,0,2,1,3
135073,0,1,1,2
135077,2,3,3,2
135079,0,1,1,2
135081,1,2,2,2
135083,1,2,2,2
135087,0,1,1,2
135095,1,2,2,2
135097,0,1,1,2
135099,1,2,2,2
135103,0,1,1,2
135105,0,1,1,2
135113,2,5,3,4
135117,4,10,5,7
135119,3,7,4,5
135121,1,4,2,4
135123,2,3,3,2
135125,0,2,1,3
135127,24,65,25,42
135129,2,2,3,1
135131,2,10,3,9
135133,1687,4050,1688,2364
135135,24,72,25,49
135137,182,1058,183,877
135141,308,912,309,605
135143,2315,4409,2316,2095
135147,3,13,4,11
135151,1,2,2,2
135153,0,3,1,4
135155,0,5,1,6
135157,3,6,4,4
135159,0,2,1,3
135161,0,1,1,2
135164,0,2,1,3
135166,25,38,26,14
135168,6,16,7,11
135170,5,8,6,4
135172,2,7,3,6
135174,1,1,2,1
135176,1,2,2,2
135178,4,14,5,11
135180,4,6,5,3
135182,11,16,12,6
135184,7,26,8,20
135186,0,4,1,5
135188,0,6,1,7
135190,10,19,11,10
135192,1,6,2,6
135194,3,6,4,4
135196,0,2,1,3
135198,4,9,5,6
135200,1,1,2,1
135202,11,21,12,11
135204,9,21,10,13
135206,2,8,3,7
135208,0,2,1,3
135210,3,5,4,3
135212,5,11,6,7
135214,2,4,3,3
135216,14,141,15,128
135218,0,2,1,3
135220,3,5,4,3
135222,1,1,2,1
135224,3,8,4,6
135226,1,5,2,5
135228,6,7,7,2
135230,1,4,2,4
135232,1,1,2,1
135234,0,1,1,2
135236,1,2,2,2
135238,1,2,2,2
135240,8,15,9,8
135242,5,13,6,9
135244,0,6,1,7
135246,1,3,2,3
135248,8,38,9,31
135250,1,7,2,7
135252,0,5,1,6
135256,1,5,2,5
135258,3,5,4,3
135260,1,11,2,11
135262,2,4,3,3
135264,21,52,22,32
135266,16,41,17,26
135268,17,33,18,17
135270,4,16,5,13
135272,3,12,4,10
135274,13,39,14,27
135276,2,10,3,9
135278,9,44,10,36
135280,0,12,1,13
135282,2,7,3,6
135286,0,1,1,2
135288,203,563,204,361
135290,7,19,8,13
135292,1,3,2,3
135294,2,4,3,3
135296,4,10,5,7
135298,0,2,1,3
135300,1,4,2,4
135304,1,2,2,2
135310,1,1,2,1
135312,0,2,1,3
135314,0,1,1,2
135316,1,7,2,7
135334,1,1,2,1
135336,0,1,1,2
135338,1,1,2,1
135340,1,1,2,1
135344,0,1,1,2
135348,1,3,2,3
135350,1,1,2,1
135362,0,1,1,2
135364,0,1,1,2
135370,0,1,1,2
135374,0,1,1,2
135378,0,4,1,5
135380,1,5,2,5
135384,0,2,1,3
135388,2,9,3,8
135398,1,4,2,4
135400,0,1,1,2
135404,0,1,1,2
135406,1,3,2,3
135408,0,2,1,3
135410,2,5,3,4
135412,1,4,2,4
135414,0,2,1,3
135416,1,1,2,1
135420,1,5,2,5
135422,1,1,2,1
135424,1,3,2,3
135426,285,891,286,607
135430,4,11,5,8
135432,1,4,2,4
135434,1,2,2,2
135436,511,1623,512,1113
135438,0,2,1,3
135440,8,14,9,7
135442,44,79,45,36
135444,7,16,8,10
135452,1,6,2,6
135454,2,19,3,18
135456,155,212,156,58
135460,1,4,2,4
135462,7,16,8,10
135464,0,4,1,5
135466,0,1,1,2
135468,1,2,2,2
135470,1,4,2,4
135472,1,8,2,8
135474,0,2,1,3
135476,3,4,4,2
135478,0,1,1,2
135480,2,8,3,7
135484,5,16,6,12
135486,0,1,1,2
135488,3,18,4,16
135490,1,8,2,8
135492,13,14,14,2
135494,5,7,6,3
135498,11,17,12,7
135500,4,20,5,17
135502,40,69,41,30
135504,51,112,52,62
135506,6,17,7,12
135508,2,24,3,23
135510,3,5,4,3
135512,17,37,18,21
135514,4,5,5,2
135516,1,7,2,7
135518,278,808,279,531
135520,3,21,4,19
135524,0,1,1,2
135526,0,1,1,2
135528,9,31,10,23
135530,50,252,51,203
135532,180,628,181,449
135534,97,387,98,291
135536,640,3138,641,2499
135539,0,9,1,10
135541,4,8,5,5
135543,0,1,1,2
135545,1,3,2,3
135547,1,4,2,4
135549,1,3,2,3
135551,0,3,1,4
135553,2,8,3,7
135555,1,15,2,15
135557,6,22,7,17
135559,0,2,1,3
135561,0,2,1,3
135565,0,1,1,2
135567,272,1246,273,975
135569,1343,2979,1344,1637
135571,0,1,1,2
135573,1,3,2,3
135575,1,3,2,3
135577,0,6,1,7
135579,3,7,4,5
135581,1,5,2,5
135583,1,4,2,4
135585,7,11,8,5
135587,1,4,2,4
135589,3,11,4,9
135591,1,4,2,4
135593,2,8,3,7
135595,1,9,2,9
135597,5,31,6,27
135599,3,29,4,27
135601,17,36,18,20
135603,15,24,16,10
135605,1,4,2,4
135607,1,7,2,7
135609,0,1,1,2
135611,0,1,1,2
135613,2,9,3,8
135615,0,2,1,3
135617,0,2,1,3
135619,3,12,4,10
135621,2,7,3,6
135623,17,33,18,17
135625,10,66,11,57
135627,4,20,5,17
135629,0,5,1,6
135631,0,3,1,4
135633,0,8,1,9
135635,0,2,1,3
135637,1,4,2,4
135639,1,3,2,3
135641,0,3,1,4
135643,9,49,10,41
135645,0,1,1,2
135647,0,3,1,4
135649,1,6,2,6
135651,0,2,1,3
135653,4,10,5,7
135655,3,17,4,15
135657,2,3,3,2
135659,3,7,4,5
135663,0,2,1,3
135667,0,1,1,2
135669,2,6,3,5
135671,1,3,2,3
135673,1,4,2,4
135677,1,5,2,5
135679,1,6,2,6
135681,2,4,3,3
135683,0,1,1,2
135687,0,2,1,3
135691,0,1,1,2
135693,13,39,14,27
135695,19,35,20,17
135697,7,12,8,6
135699,1,4,2,4
135701,4,15,5,12
135703,0,3,1,4
135706,1,4,2,4
135709,1,1,2,1
135711,1,4,2,4
135713,1,1,2,1
135715,5,10,6,6
135717,6,11,7,6
135719,1,3,2,3
135725,3,6,4,4
135727,8,13,9,6
135729,2,11,3,10
135731,1,1,2,1
135733,3,3,4,1
135735,2,4,3,3
135737,1,2,2,2
135739,1,1,2,1
135741,1,8,2,8
135743,1,6,2,6
135745,3,8,4,6
135747,2,7,3,6
135749,0,5,1,6
135751,4,11,5,8
135753,39,65,40,27
135755,1,2,2,2
135757,1,2,2,2
135759,8,18,9,11
135761,7,15,8,9
135763,9,17,10,9
135765,9,25,10,17
135767,11,19,12,9
135769,7,22,8,16
135771,2,11,3,10
135773,2,3,3,2
135775,2,6,3,5
135777,13,24,14,12
135779,9,13,10,5
135781,6,6,7,1
135783,8,14,9,7
135785,3,7,4,5
135787,7,14,8,8
135789,5,10,6,6
135791,3,11,4,9
135793,0,1,1,2
135795,6,17,7,12
135797,4,15,5,12
135799,1,14,2,14
135801,0,3,1,4
135803,1,19,2,19
135805,4,9,5,6
135807,0,3,1,4
135809,1,4,2,4
135811,4,6,5,3
135813,0,5,1,6
135815,1,2,2,2
135817,2,8,3,7
135819,0,2,1,3
135821,0,3,1,4
135823,6,45,7,40
135825,7,22,8,16
135827,0,1,1,2
135829,12,38,13,27
135831,8,32,9,25
135833,0,1,1,2
135835,0,1,1,2
135837,0,3,1,4
135839,8,14,9,7
135841,6,11,7,6
135844,1,2,2,2
135846,1,4,2,4
135848,12,42,13,31
135850,2,12,3,11
135852,3,20,4,18
135854,9,13,10,5
135856,1,3,2,3
135859,1,9,2,9
135861,367,1373,368,1007
135863,2,6,3,5
135865,2,8,3,7
135867,50,69,51,20
135869,0,1,1,2
135871,1,5,2,5
135873,2,2,3,1
135875,56,87,57,32
135877,4,27,5,24
135881,6,9,7,4
135885,53,238,54,186
135887,638,2186,639,1549
135889,10,58,11,49
135891,1,3,2,3
135893,0,4,1,5
135895,0,1,1,2
135905,0,2,1,3
135907,0,3,1,4
135909,1,6,2,6
135911,0,1,1,2
135913,0,3,1,4
135915,0,4,1,5
135917,0,1,1,2
135919,5,13,6,9
135921,1,2,2,2
135923,0,3,1,4
135925,3,7,4,5
135927,4,7,5,4
135929,0,5,1,6
135931,1,3,2,3
135933,1,12,2,12
135935,0,1,1,2
135937,3,15,4,13
135939,0,11,1,12
135941,3,9,4,7
135943,0,1,1,2
135945,0,8,1,9
135947,1,8,2,8
135949,0,2,1,3
135951,1,4,2,4
135953,12,41,13,30
135955,1,13,2,13
135957,0,9,1,10
135959,1,11,2,11
135961,1,9,2,9
135963,1,3,2,3
135965,2,9,3,8
135967,0,8,1,9
135969,1,8,2,8
135971,1,15,2,15
135974,1,7,2,7
135977,1,12,2,12
135979,6,31,7,26
135981,0,5,1,6
135983,1,16,2,16
135987,0,1,1,2
135989,2,14,3,13
135991,3,29,4,27
135993,1,2,2,2
135995,0,6,1,7
135997,1,3,2,3
136000,1,5,2,5
136006,0,2,1,3
136010,0,2,1,3
136012,2,8,3,7
136014,1,5,2,5
136016,292,977,293,686
136018,323,1000,324,678
136020,1201,3418,1202,2218
136022,1,18,2,18
136024,5,11,6,7
136026,3,10,4,8
136028,0,1,1,2
136030,3,36,4,34
136032,0,7,1,8
136038,2,5,3,4
136040,0,1,1,2
136046,7,12,8,6
136048,1,5,2,5
136050,1,1,2,1
136054,3,10,4,8
136056,0,1,1,2
136058,0,3,1,4
136060,1,5,2,5
136062,1,1,2,1
136068,0,1,1,2
136070,0,1,1,2
136072,0,1,1,2
136074,1,1,2,1
136078,3,8,4,6
136080,0,1,1,2
136082,0,2,1,3
136086,4,6,5,3
136088,0,1,1,2
136090,2,5,3,4
136092,3,7,4,5
136096,0,1,1,2
136098,0,1,1,2
136102,0,1,1,2
136106,0,1,1,2
136110,0,2,1,3
136112,0,3,1,4
136126,0,1,1,2
136128,1,1,2,1
136142,0,1,1,2
136144,0,1,1,2
136148,1,2,2,2
136158,0,1,1,2
136162,1,3,2,3
136164,0,2,1,3
136166,1,2,2,2
136180,0,2,1,3
136186,0,1,1,2
136188,0,4,1,5
136190,3,18,4,16
136192,1,10,2,10
136194,0,7,1,8
136196,0,1,1,2
136198,1,7,2,7
136200,9,23,10,15
136202,0,4,1,5
136204,88,132,89,45
136208,0,1,1,2
136210,2,4,3,3
136212,2,14,3,13
136217,2,22,3,21
136219,2,11,3,10
136221,2,14,3,13
136223,0,3,1,4
136225,0,4,1,5
136227,0,7,1,8
136229,1,12,2,12
136231,0,2,1,3
136233,3,5,4,3
136235,1,3,2,3
136237,2,5,3,4
136239,15,59,16,45
136241,0,3,1,4
136245,14,47,15,34
136247,41,92,42,52
136249,12,32,13,21
136251,11,23,12,13
136253,2,17,3,16
136255,1,4,2,4
136257,1,17,2,17
136259,4,13,5,10
136261,0,1,1,2
136265,2,5,3,4
136275,1,2,2,2
136277,0,1,1,2
136279,0,3,1,4
136281,0,1,1,2
136283,0,2,1,3
136291,0,1,1,2
136295,0,1,1,2
136297,4,15,5,12
136299,0,4,1,5
136301,1,3,2,3
136303,0,3,1,4
136305,10,86,11,77
136307,2,20,3,19
136309,7,20,8,14
136311,4,14,5,11
136313,0,1,1,2
136315,0,1,1,2
136325,0,2,1,3
136331,13,32,14,20
136333,18,39,19,22
136335,20,56,21,37
136337,28,74,29,47
136339,12,36,13,25
136341,12,22,13,11
136343,15,39,16,25
136345,16,44,17,29
136347,15,34,16,20
136349,12,28,13,17
136351,10,33,11,24
136353,12,36,13,25
136355,9,19,10,11
136357,7,19,8,13
136359,9,27,10,19
136361,7,14,8,8
136363,6,16,7,11
136365,1,7,2,7
136367,3,12,4,10
136369,7,24,8,18
136371,4,15,5,12
136373,6,23,7,18
136375,0,4,1,5
136377,0,1,1,2
136379,0,2,1,3
136381,0,2,1,3
136383,0,1,1,2
136385,0,1,1,2
136395,1,4,2,4
136401,0,1,1,2
136405,0,1,1,2
136411,0,1,1,2
136413,1,3,2,3
136415,0,2,1,3
136419,2,9,3,8
136421,1,4,2,4
136423,2,8,3,7
136425,1,3,2,3
136427,3,6,4,4
136429,1,7,2,7
136431,10,20,11,11
136433,3,4,4,2
136435,1,3,2,3
136437,1,11,2,11
136439,1,3,2,3
136441,20,38,21,19
136443,28,56,29,29
136445,86,122,87,37
136447,125,179,126,55
136449,430,600,431,171
136451,8,38,9,31
136453,3,7,4,5
136455,2,14,3,13
136457,32,62,33,31
136459,32,64,33,33
136461,1,5,2,5
136463,70,113,71,44
136465,2,7,3,6
136467,39,74,40,36
136469,167,226,168,60
136471,21,46,22,26
136473,1,2,2,2
136475,11,33,12,23
136477,70,98,71,29
136479,3,6,4,4
136481,4,7,5,4
136483,11,28,12,18
136485,84,171,85,88
136487,1,1,2,1
136489,1,7,2,7
136491,4,16,5,13
136493,1,2,2,2
136495,26,36,27,11
136497,21,37,22,17
136499,1,4,2,4
136501,23,52,24,30
136503,4,10,5,7
136505,0,3,1,4
136509,1,1,2,1
136511,7,15,8,9
136513,4,13,5,10
136515,12,33,13,22
136517,6,16,7,11
136519,4,10,5,7
136521,3,5,4,3
136524,0,6,1,7
136526,0,2,1,3
136528,0,8,1,9
136530,5,33,6,29
136532,1,3,2,3
136534,4,15,5,12
136536,0,13,1,14
136538,34,72,35,39
136540,4,12,5,9
136542,54,104,55,51
136544,0,2,1,3
136546,1,6,2,6
136548,4,10,5,7
136550,3,10,4,8
136552,1,7,2,7
136554,1,4,2,4
136556,26,57,27,32
136558,0,4,1,5
136560,1,2,2,2
136562,474,1172,475,699
136564,105,258,106,154
136566,0,1,1,2
136568,0,1,1,2
136572,0,1,1,2
136574,3,4,4,2
136576,6,15,7,10
136578,1,2,2,2
136580,4,15,5,12
136582,0,1,1,2
136584,0,1,1,2
136586,3,10,4,8
136588,41,92,42,52
136590,11,36,12,26
136592,1,5,2,5
136594,0,2,1,3
136596,21,40,22,20
136598,194,610,195,417
136600,1,7,2,7
136602,163,411,164,249
136604,2,9,3,8
136606,2,6,3,5
136608,1,2,2,2
136610,4,11,5,8
136612,1,4,2,4
136614,0,3,1,4
136616,0,6,1,7
136618,3,20,4,18
136620,11,21,12,11
136622,12,34,13,23
136624,11,28,12,18
136626,4,20,5,17
136628,5,15,6,11
136630,3,8,4,6
136632,2,11,3,10
136634,0,1,1,2
136636,2,30,3,29
136638,0,7,1,8
136640,0,2,1,3
136642,11,41,12,31
136644,1,3,2,3
136646,1,6,2,6
136648,3,10,4,8
136650,1,5,2,5
136652,4,15,5,12
136654,3,22,4,20
136656,6,43,7,38
136658,4,9,5,6
136660,1,6,2,6
136662,2,5,3,4
136664,2,10,3,9
136666,7,27,8,21
136668,0,2,1,3
136672,0,3,1,4
136674,0,9,1,10
136676,0,2,1,3
136678,1,7,2,7
136680,1,13,2,13
136682,0,2,1,3
136684,3,7,4,5
136686,12,28,13,17
136688,0,10,1,11
136690,0,2,1,3
136692,0,6,1,7
136694,0,8,1,9
136696,0,13,1,14
136698,4,30,5,27
136704,0,1,1,2
136706,0,2,1,3
136708,0,1,1,2
136710,0,1,1,2
136712,4,10,5,7
136714,1,1,2,1
136718,2,15,3,14
136722,7,26,8,20
136724,3,12,4,10
136726,2,5,3,4
136728,1,1,2,1
136730,0,1,1,2
136732,1,7,2,7
136734,1,1,2,1
136736,0,2,1,3
136738,1,4,2,4
136740,1,7,2,7
136742,0,1,1,2
136744,0,2,1,3
136746,3,7,4,5
136748,2,4,3,3
136750,1,1,2,1
136752,1,12,2,12
136754,7,20,8,14
136756,2,4,3,3
136758,1,2,2,2
136760,0,1,1,2
136762,0,1,1,2
136764,1,5,2,5
136766,0,1,1,2
136768,0,2,1,3
136770,1,1,2,1
136772,1,2,2,2
136774,2,7,3,6
136776,1,3,2,3
136778,2,4,3,3
136780,2,2,3,1
136782,1,1,2,1
136784,3,26,4,24
136786,6,21,7,16
136788,1,2,2,2
136792,0,3,1,4
136794,0,5,1,6
136796,1,3,2,3
136798,15,59,16,45
136800,3,37,4,35
136802,1,1,2,1
136804,1,6,2,6
136806,0,1,1,2
136808,1,2,2,2
136810,0,5,1,6
136812,1,2,2,2
136814,0,4,1,5
136816,4,14,5,11
136818,1,6,2,6
136820,1,1,2,1
136822,0,2,1,3
136824,2,2,3,1
136826,1,1,2,1
136828,0,4,1,5
136830,1,4,2,4
136832,0,1,1,2
136834,1,10,2,10
136836,1,3,2,3
136838,0,1,1,2
136840,0,2,1,3
136842,1,2,2,2
136844,1,10,2,10
136846,1,10,2,10
136848,0,5,1,6
136850,3,7,4,5
136853,1,1,2,1
136855,0,2,1,3
136857,2,20,3,19
136859,3,14,4,12
136864,564,2807,565,2244
136866,3,3,4,1
136868,1,3,2,3
136870,1,1,2,1
136872,1,1,2,1
136874,2,2,3,1
136876,1,1,2,1
136878,1,1,2,1
136880,1,2,2,2
136882,0,1,1,2
136884,2,3,3,2
136886,0,1,1,2
136888,0,1,1,2
136890,9,17,10,9
136892,4,5,5,2
136894,15,28,16,14
136896,0,3,1,4
136898,1,3,2,3
136900,1,6,2,6
136902,0,1,1,2
136904,0,6,1,7
136906,2,8,3,7
136908,4,8,5,5
136910,1,8,2,8
136912,2,10,3,9
136914,1,1,2,1
136916,2,7,3,6
136918,2,5,3,4
136920,0,19,1,20
136922,0,1,1,2
136924,0,3,1,4
136926,6,36,7,31
136928,0,1,1,2
136930,0,5,1,6
136932,6,21,7,16
136934,0,1,1,2
136936,1,11,2,11
136938,3,27,4,25
136940,2,6,3,5
136942,0,6,1,7
136944,0,1,1,2
136946,0,5,1,6
136948,2,11,3,10
136950,0,4,1,5
136952,0,7,1,8
136954,1,5,2,5
136956,10,20,11,11
136958,0,5,1,6
136960,0,6,1,7
136962,1,7,2,7
136964,0,3,1,4
136966,0,1,1,2
136968,0,1,1,2
136970,0,1,1,2
136972,8,14,9,7
136974,1,6,2,6
136976,1,6,2,6
136978,0,3,1,4
136980,1,6,2,6
136982,0,1,1,2
136986,1,7,2,7
136988,1,1,2,1
136990,1,2,2,2
136992,1,1,2,1
136994,1,3,2,3
136996,1,1,2,1
136998,1,1,2,1
137000,3,5,4,3
137002,1,6,2,6
137006,1,2,2,2
137008,2,5,3,4
137010,2,2,3,1
137012,1,4,2,4
137014,1,3,2,3
137016,1,2,2,2
137018,1,1,2,1
137020,1,2,2,2
137022,2,2,3,1
137024,1,1,2,1
137026,1,1,2,1
137028,1,2,2,2
137030,1,2,2,2
137032,1,1,2,1
137034,2,6,3,5
137036,2,6,3,5
137038,1,1,2,1
137040,2,4,3,3
137042,3,4,4,2
137044,1,2,2,2
137046,1,2,2,2
137048,1,1,2,1
137050,1,1,2,1
137052,1,1,2,1
137054,1,2,2,2
137056,1,3,2,3
137060,0,2,1,3
137062,26,47,27,22
137064,1,1,2,1
137066,2,3,3,2
137068,0,1,1,2
137070,1,4,2,4
137072,2,4,3,3
137074,0,2,1,3
137076,1,4,2,4
137078,1,1,2,1
137082,0,1,1,2
137084,0,1,1,2
137088,0,1,1,2
137090,0,9,1,10
137096,1,6,2,6
137098,0,1,1,2
137100,0,1,1,2
137102,0,3,1,4
137108,9,38,10,30
137110,0,6,1,7
137112,8,23,9,16
137114,1,6,2,6
137118,0,1,1,2
137122,0,3,1,4
137124,0,2,1,3
137126,0,1,1,2
137128,2,3,3,2
137130,1,2,2,2
137132,1,1,2,1
137134,1,2,2,2
137136,1,2,2,2
137138,1,3,2,3
137140,1,1,2,1
137142,0,5,1,6
137144,1,1,2,1
137146,3,3,4,1
137148,1,1,2,1
137150,3,4,4,2
137152,1,4,2,4
137154,6,12,7,7
137158,0,1,1,2
137162,3,3,4,1
137164,1,3,2,3
137166,1,2,2,2
137168,1,1,2,1
137170,0,1,1,2
137172,0,1,1,2
137174,2,3,3,2
137176,0,1,1,2
137178,1,1,2,1
137180,1,2,2,2
137182,1,1,2,1
137184,0,1,1,2
137186,2,3,3,2
137188,0,1,1,2
137190,0,1,1,2
137192,0,1,1,2
137194,1,1,2,1
137196,3,10,4,8
137198,1,1,2,1
137202,1,5,2,5
137206,0,2,1,3
137210,0,4,1,5
137212,0,3,1,4
137214,0,1,1,2
137218,0,2,1,3
137222,1,1,2,1
137224,1,4,2,4
137226,2,2,3,1
137228,7,11,8,5
137232,0,1,1,2
137236,0,2,1,3
137238,0,2,1,3
137240,0,1,1,2
137242,1,2,2,2
137244,1,2,2,2
137246,2,2,3,1
137250,1,2,2,2
137254,3,3,4,1
137256,1,1,2,1
137260,0,2,1,3
137262,1,5,2,5
137268,2,2,3,1
137270,1,4,2,4
137274,1,1,2,1
137276,0,1,1,2
137278,13,35,14,23
137280,1,4,2,4
137282,2,4,3,3
137284,2,2,3,1
137286,0,2,1,3
137288,0,1,1,2
137290,1,6,2,6
137292,0,1,1,2
137294,0,1,1,2
137296,18,40,19,23
137299,4,6,5,3
137301,0,2,1,3
137303,2,10,3,9
137305,0,1,1,2
137307,5,10,6,6
137309,0,2,1,3
137311,6,25,7,20
137313,1,1,2,1
137315,2,10,3,9
137317,0,3,1,4
137319,1,5,2,5
137323,0,2,1,3
137325,3,5,4,3
137327,1,3,2,3
137329,1,1,2,1
137335,2,2,3,1
137337,380,657,381,278
137339,1,2,2,2
137343,0,1,1,2
137345,0,13,1,14
137347,0,6,1,7
137349,0,1,1,2
137351,0,2,1,3
137353,3,4,4,2
137355,0,1,1,2
137359,1,1,2,1
137361,0,1,1,2
137363,1,2,2,2
137365,1,18,2,18
137367,0,8,1,9
137369,0,1,1,2
137373,0,1,1,2
137375,0,1,1,2
137377,1,10,2,10
137379,0,1,1,2
137381,0,5,1,6
137383,0,4,1,5
137385,1,11,2,11
137387,5,15,6,11
137389,2,5,3,4
137391,2,7,3,6
137393,1,6,2,6
137395,3,8,4,6
137397,0,11,1,12
137399,1,8,2,8
137401,1,1,2,1
137403,1,4,2,4
137405,0,1,1,2
137409,0,2,1,3
137417,1,1,2,1
137421,0,2,1,3
137423,1,3,2,3
137425,1,7,2,7
137427,0,1,1,2
137431,0,2,1,3
137433,1,1,2,1
137435,0,1,1,2
137437,0,1,1,2
137441,0,3,1,4
137443,1,2,2,2
137445,1,4,2,4
137447,1,2,2,2
137451,0,1,1,2
137453,1,1,2,1
137455,1,8,2,8
137457,10,49,11,40
137459,0,1,1,2
137463,2,10,3,9
137465,0,1,1,2
137467,1,1,2,1
137469,0,5,1,6
137471,2,5,3,4
137473,1,3,2,3
137475,7,17,8,11
137478,0,2,1,3
137482,3,7,4,5
137484,3,8,4,6
137486,0,4,1,5
137488,0,2,1,3
137490,2,5,3,4
137494,3,4,4,2
137496,0,4,1,5
137505,0,1,1,2
137507,1,3,2,3
137515,1,1,2,1
137517,0,9,1,10
137521,1,1,2,1
137525,1,2,2,2
137527,1,4,2,4
137529,0,1,1,2
137531,0,5,1,6
137535,1,2,2,2
137541,0,1,1,2
137543,1,5,2,5
137547,0,4,1,5
137549,1,7,2,7
137551,0,1,1,2
137553,0,6,1,7
137555,0,1,1,2
137557,2,9,3,8
137559,0,1,1,2
137561,11,21,12,11
137563,6,41,7,36
137565,1,15,2,15
137570,2,5,3,4
137572,0,2,1,3
137574,0,3,1,4
137579,5,10,6,6
137581,5,9,6,5
137583,5,10,6,6
137585,5,10,6,6
137587,5,10,6,6
137591,1,1,2,1
137593,1,1,2,1
137595,50,242,51,193
137597,0,1,1,2
137601,1,1,2,1
137610,0,1,1,2
137612,2,5,3,4
137614,4,15,5,12
137616,1,15,2,15
137618,1,3,2,3
137620,0,1,1,2
137622,0,1,1,2
137624,0,2,1,3
137626,0,1,1,2
137628,1,2,2,2
137630,0,2,1,3
137632,0,1,1,2
137634,0,1,1,2
137636,0,5,1,6
137638,0,2,1,3
137640,0,5,1,6
137642,1,4,2,4
137646,0,3,1,4
137648,0,2,1,3
137652,0,1,1,2
137654,0,2,1,3
137658,0,2,1,3
137660,1,5,2,5
137662,1,2,2,2
137666,0,2,1,3
137668,1,1,2,1
137670,2,4,3,3
137672,0,2,1,3
137682,1,3,2,3
137684,0,1,1,2
137688,1,2,2,2
137690,1,2,2,2
137694,0,2,1,3
137696,0,1,1,2
137701,0,3,1,4
137703,1,3,2,3
137705,1,5,2,5
137707,0,2,1,3
137709,0,1,1,2
137711,0,1,1,2
137715,0,3,1,4
137717,1,3,2,3
137721,0,1,1,2
137723,0,4,1,5
137727,0,1,1,2
137731,1,1,2,1
137733,1,1,2,1
137737,2,5,3,4
137739,0,1,1,2
137741,0,1,1,2
137743,1,1,2,1
137745,0,1,1,2
137747,0,2,1,3
137749,4,16,5,13
137751,1,6,2,6
137755,2,8,3,7
137757,3,9,4,7
137759,7,19,8,13
137761,20,46,21,27
137763,2,6,3,5
137765,0,3,1,4
137767,1,11,2,11
137769,1,1,2,1
137771,1,2,2,2
137773,0,2,1,3
137781,2,5,3,4
137783,0,2,1,3
137785,1,2,2,2
137787,0,1,1,2
137789,0,3,1,4
137791,0,1,1,2
137793,0,1,1,2
137797,2,5,3,4
137799,0,1,1,2
137805,1,1,2,1
137809,0,2,1,3
137813,0,1,1,2
137815,2,8,3,7
137817,0,1,1,2
137819,2,4,3,3
137821,0,1,1,2
137823,5,8,6,4
137825,1,10,2,10
137829,1,2,2,2
137833,0,2,1,3
137835,0,1,1,2
137841,0,1,1,2
137843,0,1,1,2
137847,1,5,2,5
137849,1,1,2,1
137853,2,2,3,1
137855,0,1,1,2
137857,965,2202,966,1238
137859,7,26,8,20
137863,44,102,45,59
137865,0,2,1,3
137867,2,8,3,7
137869,0,2,1,3
137871,1,2,2,2
137873,0,2,1,3
137875,0,2,1,3
137879,1,5,2,5
137885,1,2,2,2
137887,0,2,1,3
137889,0,1,1,2
137893,0,1,1,2
137895,0,1,1,2
137898,7,15,8,9
137900,2,21,3,20
137904,74,96,75,23
137906,1,18,2,18
137908,0,5,1,6
137910,0,12,1,13
137912,0,1,1,2
137914,0,1,1,2
137918,0,1,1,2
137920,2,11,3,10
137922,0,1,1,2
137924,1,4,2,4
137926,0,2,1,3
137930,0,2,1,3
137932,0,1,1,2
137934,0,1,1,2
137936,0,1,1,2
137938,2,5,3,4
137940,0,1,1,2
137942,0,1,1,2
137944,0,3,1,4
137950,1,2,2,2
137952,0,1,1,2
137958,0,4,1,5
137960,0,1,1,2
137962,0,1,1,2
137964,1,1,2,1
137966,1,1,2,1
137968,1,3,2,3
137972,1,1,2,1
137974,0,1,1,2
137980,1,2,2,2
137982,0,1,1,2
137984,0,1,1,2
137986,1,6,2,6
137992,1,2,2,2
137994,0,2,1,3
137996,0,3,1,4
137998,1,1,2,1
138000,0,2,1,3
138002,0,1,1,2
138006,0,2,1,3
138008,1,1,2,1
138010,1,5,2,5
138012,1,2,2,2
138016,0,1,1,2
138018,0,1,1,2
138020,0,4,1,5
138022,1,3,2,3
138024,5,7,6,3
138026,7,13,8,7
138028,1,2,2,2
138030,1,8,2,8
138032,5,10,6,6
138034,2,9,3,8
138036,1766,3353,1767,1588
138038,4,7,5,4
138042,0,1,1,2
138044,0,1,1,2
138054,1,2,2,2
138056,0,10,1,11
138058,0,1,1,2
138062,0,2,1,3
138066,2,5,3,4
138070,0,3,1,4
138072,1,3,2,3
138074,2,6,3,5
138078,0,1,1,2
138084,0,1,1,2
138090,0,1,1,2
138094,0,1,1,2
138096,1,2,2,2
138098,0,3,1,4
138100,1,2,2,2
138102,0,1,1,2
138104,54,132,55,79
138108,0,1,1,2
138110,1,2,2,2
138112,0,1,1,2
138118,0,2,1,3
138120,0,1,1,2
138122,1,2,2,2
138128,1,4,2,4
138132,0,1,1,2
138136,1,2,2,2
138138,0,1,1,2
138140,0,1,1,2
138142,1,1,2,1
138146,1,3,2,3
138148,0,1,1,2
138150,0,3,1,4
138152,0,7,1,8
138154,5,17,6,13
138156,0,1,1,2
138162,0,1,1,2
138166,0,2,1,3
138168,1,3,2,3
138170,0,2,1,3
138172,2,4,3,3
138174,0,2,1,3
138180,1,3,2,3
138184,2,12,3,11
138186,1,4,2,4
138188,1,1,2,1
138190,1,2,2,2
138192,1,2,2,2
138196,1,1,2,1
138198,2,3,3,2
138200,2,8,3,7
138202,8,56,9,49
138204,50,165,51,116
138206,0,3,1,4
138208,358,774,359,417
138210,454,812,455,359
138212,102,430,103,329
138214,0,3,1,4
138216,0,3,1,4
138218,0,1,1,2
138220,1,1,2,1
138222,0,3,1,4
138224,3,6,4,4
138226,2,4,3,3
138228,1,1,2,1
138230,8,63,9,56
138232,1,8,2,8
138234,1,8,2,8
138236,0,2,1,3
138240,1,2,2,2
138242,1,2,2,2
138246,0,2,1,3
138248,0,1,1,2
138254,0,1,1,2
138256,0,2,1,3
138258,3,15,4,13
138260,0,2,1,3
138272,2,2,3,1
138274,0,1,1,2
138280,1,1,2,1
138286,0,1,1,2
138290,0,1,1,2
138298,0,2,1,3
138300,1,10,2,10
138304,2,4,3,3
138308,0,3,1,4
138310,0,2,1,3
138312,1,1,2,1
138314,1,2,2,2
138318,1,2,2,2
138320,0,1,1,2
138322,0,1,1,2
138328,3,5,4,3
138334,1,2,2,2
138338,1,3,2,3
138340,0,2,1,3
138344,0,1,1,2
138346,0,5,1,6
138350,3,6,4,4
138356,0,1,1,2
138358,0,2,1,3
138360,0,2,1,3
138362,0,1,1,2
138366,1,7,2,7
138368,1,1,2,1
138370,0,3,1,4
138376,1,2,2,2
138380,0,3,1,4
138388,0,1,1,2
138396,0,2,1,3
138400,2,4,3,3
138402,1,14,2,14
138408,0,3,1,4
138412,0,2,1,3
138414,1,3,2,3
138416,14,35,15,22
138420,0,1,1,2
138422,4,10,5,7
138424,2,4,3,3
138428,4,7,5,4
138430,0,1,1,2
138432,1,4,2,4
138434,0,2,1,3
138438,0,1,1,2
138442,0,1,1,2
138444,1,2,2,2
138446,0,2,1,3
138448,0,1,1,2
138450,0,1,1,2
138454,0,1,1,2
138456,1,4,2,4
138458,1,5,2,5
138460,4,7,5,4
138462,1,3,2,3
138464,2,4,3,3
138470,0,1,1,2
138474,1,3,2,3
138476,5,9,6,5
138478,0,1,1,2
138480,3,9,4,7
138484,0,1,1,2
138486,0,1,1,2
138488,1,1,2,1
138490,0,1,1,2
138492,4,9,5,6
138494,3,9,4,7
138496,0,2,1,3
138498,0,4,1,5
138500,7,19,8,13
138504,1,3,2,3
138506,1,1,2,1
138514,0,1,1,2
138520,1,4,2,4
138522,0,1,1,2
138524,0,2,1,3
138526,3,6,4,4
138528,1,5,2,5
138532,1,7,2,7
138538,1,3,2,3
138540,0,1,1,2
138544,1,3,2,3
138546,2,7,3,6
138548,1,1,2,1
138550,0,1,1,2
138552,0,1,1,2
138554,1,1,2,1
138556,1,2,2,2
138558,1,9,2,9
138560,1,2,2,2
138562,0,1,1,2
138564,0,2,1,3
138566,1,4,2,4
138568,1,2,2,2
138570,1,4,2,4
138576,1,2,2,2
138580,3,6,4,4
138582,0,2,1,3
138586,1,2,2,2
138600,0,1,1,2
138602,0,8,1,9
138606,7,14,8,8
138608,1,3,2,3
138610,8,80,9,73
138612,1,7,2,7
138616,1,8,2,8
138618,2,3,3,2
138620,2,3,3,2
138622,0,1,1,2
138624,0,3,1,4
138626,2,3,3,2
138630,5,11,6,7
138632,7,30,8,24
138634,1,3,2,3
138636,1,6,2,6
138638,1,7,2,7
138642,0,2,1,3
138650,3,11,4,9
138652,1,2,2,2
138656,0,1,1,2
138660,2,2,3,1
138662,1,3,2,3
138664,1,1,2,1
138666,0,3,1,4
138668,0,1,1,2
138672,0,1,1,2
138674,1,3,2,3
138680,2,7,3,6
138682,1,8,2,8
138684,0,7,1,8
138686,2,4,3,3
138688,0,2,1,3
138690,0,3,1,4
138692,1,1,2,1
138694,1,2,2,2
138696,2,3,3,2
138698,1,1,2,1
138702,406,597,407,192
138706,0,2,1,3
138708,0,1,1,2
138713,1,3,2,3
138719,1,3,2,3
138724,0,2,1,3
138726,0,3,1,4
138728,0,1,1,2
138732,0,1,1,2
138734,1,1,2,1
138738,0,1,1,2
138740,1,4,2,4
138742,1,1,2,1
138744,0,1,1,2
138746,1,14,2,14
138748,0,6,1,7
138750,3,9,4,7
138752,0,2,1,3
138754,0,10,1,11
138758,0,5,1,6
138760,0,4,1,5
138770,0,1,1,2
138772,1,1,2,1
138774,1,4,2,4
138776,0,2,1,3
138778,1,2,2,2
138784,1,2,2,2
138788,0,2,1,3
138790,0,2,1,3
138792,0,2,1,3
138794,0,7,1,8
138796,1,2,2,2
138798,1,32,2,32
138800,0,4,1,5
138802,1,2,2,2
138804,0,10,1,11
138806,1,5,2,5
138808,8,41,9,34
138814,0,1,1,2
138816,2,4,3,3
138822,1,2,2,2
138824,0,2,1,3
138835,85,114,86,30
138837,0,5,1,6
138842,0,1,1,2
138846,1,3,2,3
138850,0,1,1,2
138852,2,3,3,2
138854,0,1,1,2
138863,0,2,1,3
138868,2,10,3,9
138870,5,7,6,3
138874,0,1,1,2
138876,1,3,2,3
138878,0,3,1,4
138881,0,1,1,2
138890,0,4,1,5
138892,1,4,2,4
138894,1,4,2,4
138896,0,2,1,3
138898,17,27,18,11
138904,0,2,1,3
138908,5,8,6,4
138914,0,6,1,7
138916,1,11,2,11
138921,1,5,2,5
138923,3,6,4,4
138925,1,1,2,1
138927,1,3,2,3
138929,0,2,1,3
138935,1,4,2,4
138940,1,5,2,5
138942,1,5,2,5
138944,14,34,15,21
138946,0,1,1,2
138948,0,1,1,2
138950,1,5,2,5
138952,7,26,8,20
138954,1,4,2,4
138958,0,2,1,3
138960,1,6,2,6
138962,7,12,8,6
138964,1,3,2,3
138966,3,8,4,6
138968,1,2,2,2
138972,0,1,1,2
138974,1,1,2,1
138976,0,2,1,3
138978,2,4,3,3
138980,0,1,1,2
138982,1,1,2,1
138984,1,1,2,1
138988,0,2,1,3
138990,0,1,1,2
138992,0,1,1,2
138994,0,7,1,8
139000,1,1,2,1
139002,1,2,2,2
139008,1,1,2,1
139010,0,1,1,2
139012,2,5,3,4
139014,0,3,1,4
139016,0,1,1,2
139018,0,2,1,3
139020,3,15,4,13
139022,1,2,2,2
139026,0,5,1,6
139028,4,10,5,7
139030,0,3,1,4
139032,0,5,1,6
139034,3,6,4,4
139036,1,4,2,4
139040,1,4,2,4
139042,2,8,3,7
139044,0,2,1,3
139046,10,27,11,18
139048,2,5,3,4
139050,1,3,2,3
139052,30,158,31,129
139054,0,1,1,2
139056,4,27,5,24
139058,0,1,1,2
139060,1,2,2,2
139062,0,3,1,4
139064,4,7,5,4
139066,0,1,1,2
139068,2,14,3,13
139072,0,1,1,2
139076,2,3,3,2
139078,2,3,3,2
139080,3,6,4,4
139082,0,5,1,6
139084,7,39,8,33
139086,14,28,15,15
139088,2,3,3,2
139090,45,68,46,24
139092,8,15,9,8
139096,4,5,5,2
139098,29,47,30,19
139100,31,47,32,17
139102,10,22,11,13
139104,3,4,4,2
139106,36,52,37,17
139108,18,24,19,7
139110,0,1,1,2
139112,2,3,3,2
139114,16,32,17,17
139116,19,31,20,13
139118,1,3,2,3
139120,121,213,122,93
139122,1,4,2,4
139124,15,29,16,15
139126,1,4,2,4
139128,4,10,5,7
139130,85,164,86,80
139132,1,5,2,5
139134,9,14,10,6
139136,2,5,3,4
139138,3,8,4,6
139140,5,8,6,4
139142,1,1,2,1
139144,1,2,2,2
139148,42,75,43,34
139150,4,7,5,4
139153,0,1,1,2
139157,1,5,2,5
139159,1,4,2,4
139175,0,1,1,2
139177,0,1,1,2
139181,1,2,2,2
139183,1,4,2,4
139185,1,1,2,1
139187,0,2,1,3
139189,0,1,1,2
139195,26,39,27,14
139197,0,3,1,4
139199,0,2,1,3
139201,0,2,1,3
139203,0,2,1,3
139205,20,42,21,23
139207,5,28,6,24
139209,1,4,2,4
139211,1,2,2,2
139213,6,12,7,7
139215,1,2,2,2
139217,0,3,1,4
139219,1,7,2,7
139223,1,3,2,3
139225,0,1,1,2
139229,1,4,2,4
139233,1,2,2,2
139235,0,2,1,3
139237,1,3,2,3
139239,0,3,1,4
139241,0,5,1,6
139243,1,5,2,5
139245,0,4,1,5
139249,1,4,2,4
139253,1,2,2,2
139257,0,1,1,2
139259,1,5,2,5
139263,1,3,2,3
139269,0,1,1,2
139273,0,1,1,2
139275,0,4,1,5
139277,1,3,2,3
139279,1,1,2,1
139281,1,2,2,2
139285,0,3,1,4
139287,0,2,1,3
139289,1,1,2,1
139291,0,2,1,3
139295,1,1,2,1
139299,0,3,1,4
139301,1,5,2,5
139305,0,1,1,2
139307,1,1,2,1
139309,0,5,1,6
139311,1,5,2,5
139313,0,6,1,7
139315,0,3,1,4
139317,6,42,7,37
139321,0,1,1,2
139323,1,2,2,2
139325,3,6,4,4
139327,3,10,4,8
139329,1,6,2,6
139331,1,4,2,4
139335,0,2,1,3
139341,0,3,1,4
139347,1,2,2,2
139349,1,1,2,1
139355,0,2,1,3
139361,2,5,3,4
139363,1,1,2,1
139367,1,1,2,1
139369,2,3,3,2
139371,0,3,1,4
139373,0,3,1,4
139377,0,2,1,3
139379,0,3,1,4
139383,0,4,1,5
139385,4254,7083,4255,2830
139387,1,4,2,4
139389,0,1,1,2
139393,1,1,2,1
139397,1,3,2,3
139399,0,4,1,5
139401,0,1,1,2
139403,1,3,2,3
139405,2,4,3,3
139407,1,1,2,1
139409,0,3,1,4
139411,0,1,1,2
139413,3,7,4,5
139415,135,405,136,271
139417,58,170,59,113
139419,20,40,21,21
139421,6,14,7,9
139423,3,14,4,12
139425,0,1,1,2
139429,0,2,1,3
139433,0,1,1,2
139435,0,1,1,2
139441,0,1,1,2
139445,0,3,1,4
139447,1,3,2,3
139453,1,1,2,1
139455,1,7,2,7
139457,0,1,1,2
139459,0,3,1,4
139461,1,4,2,4
139463,0,4,1,5
139467,0,2,1,3
139469,1,5,2,5
139471,0,1,1,2
139473,1,1,2,1
139475,1,1,2,1
139477,0,2,1,3
139485,1,3,2,3
139487,0,1,1,2
139489,1,2,2,2
139491,1,1,2,1
139493,1,5,2,5
139495,8,24,9,17
139497,3,7,4,5
139499,1,4,2,4
139501,2,6,3,5
139503,1,2,2,2
139505,1,4,2,4
139507,4,17,5,14
139509,1,2,2,2
139511,1,20,2,20
139513,2,8,3,7
139515,2,5,3,4
139517,4,28,5,25
139519,1,24,2,24
139521,3,22,4,20
139523,0,2,1,3
139525,63,132,64,70
139529,0,11,1,12
139531,1,2,2,2
139533,0,3,1,4
139537,2,3,3,2
139539,2,10,3,9
139541,0,2,1,3
139545,0,2,1,3
139547,2,2,3,1
139549,2,4,3,3
139551,1,1,2,1
139553,15,28,16,14
139555,1,2,2,2
139557,0,3,1,4
139559,1,4,2,4
139561,1,2,2,2
139565,1,1,2,1
139567,1,3,2,3
139569,1,3,2,3
139571,1,1,2,1
139575,54,111,55,58
139578,2,3,3,2
139580,1,4,2,4
139584,9,24,10,16
139586,0,3,1,4
139588,1,11,2,11
139590,0,1,1,2
139592,1,1,2,1
139596,0,1,1,2
139598,0,8,1,9
139600,0,1,1,2
139602,0,3,1,4
139604,1,1,2,1
139606,8,15,9,8
139608,13,41,14,29
139612,3,6,4,4
139614,0,4,1,5
139616,0,1,1,2
139618,0,1,1,2
139620,32,45,33,14
139622,2,11,3,10
139624,0,4,1,5
139626,7,13,8,7
139628,1,1,2,1
139632,0,6,1,7
139634,13,36,14,24
139636,8,17,9,10
139640,8,28,9,21
139642,393,934,394,542
139644,2693,4372,2694,1680
139647,0,1,1,2
139649,0,3,1,4
139651,0,5,1,6
139653,4,5,5,2
139655,117,303,118,187
139657,0,2,1,3
139659,0,3,1,4
139661,1,1,2,1
139663,1,7,2,7
139665,0,1,1,2
139667,0,1,1,2
139669,1,2,2,2
139675,0,1,1,2
139677,0,1,1,2
139683,1,2,2,2
139687,4,4,5,1
139689,0,1,1,2
139693,2,3,3,2
139697,0,1,1,2
139699,0,1,1,2
139701,0,3,1,4
139703,1,1,2,1
139705,1,2,2,2
139707,1,2,2,2
139711,1,2,2,2
139713,14,39,15,26
139715,3,19,4,17
139717,1,7,2,7
139719,4,6,5,3
139721,103,167,104,65
139723,3,42,4,40
139725,0,1,1,2
139727,2,10,3,9
139729,0,1,1,2
139731,2,14,3,13
139733,1,3,2,3
139735,1,1,2,1
139737,0,2,1,3
139741,0,4,1,5
139743,1,2,2,2
139745,2,3,3,2
139747,112,238,113,127
139751,1,5,2,5
139753,1,3,2,3
139755,1,1,2,1
139757,85,152,86,68
139759,4,20,5,17
139761,0,14,1,15
139763,1,3,2,3
139765,1,2,2,2
139769,2,2,3,1
139771,0,2,1,3
139773,1,1,2,1
139775,16,25,17,10
139777,0,4,1,5
139779,1,9,2,9
139781,0,1,1,2
139783,2,8,3,7
139785,0,1,1,2
139789,1,1,2,1
139793,0,4,1,5
139795,5,16,6,12
139797,1,20,2,20
139799,2,17,3,16
139801,0,7,1,8
139803,10,17,11,8
139805,1,17,2,17
139807,0,2,1,3
139811,3,8,4,6
139813,1,2,2,2
139817,2,3,3,2
139819,0,8,1,9
139821,1,2,2,2
139823,1,3,2,3
139825,3,10,4,8
139827,0,2,1,3
139829,0,4,1,5
139831,1,6,2,6
139835,2,10,3,9
139837,0,3,1,4
139839,0,1,1,2
139841,1,2,2,2
139843,0,7,1,8
139845,2,6,3,5
139847,15,47,16,33
139849,1,4,2,4
139851,0,1,1,2
139853,1,5,2,5
139855,402,799,403,398
139857,83,211,84,129
139859,52,95,53,44
139861,44,76,45,33
139863,50,85,51,36
139865,0,2,1,3
139867,0,2,1,3
139869,2,10,3,9
139871,3,7,4,5
139873,2,6,3,5
139875,0,1,1,2
139877,0,2,1,3
139879,13,21,14,9
139881,0,2,1,3
139883,0,4,1,5
139885,0,1,1,2
139889,0,2,1,3
139891,1,2,2,2
139893,0,1,1,2
139895,1,1,2,1
139897,0,2,1,3
139899,0,2,1,3
139901,0,1,1,2
139903,0,1,1,2
139905,0,1,1,2
139907,0,3,1,4
139909,0,3,1,4
139911,1,2,2,2
139913,2,10,3,9
139915,11,57,12,47
139918,3,5,4,3
139920,0,2,1,3
139922,0,1,1,2
139928,1,1,2,1
139934,0,1,1,2
139936,0,1,1,2
139938,6,7,7,2
139940,0,1,1,2
139948,1,2,2,2
139950,0,1,1,2
139952,1,1,2,1
139958,0,3,1,4
139960,0,5,1,6
139966,2,7,3,6
139970,0,1,1,2
139974,1,6,2,6
139976,4,6,5,3
139978,5,8,6,4
139980,0,2,1,3
139982,4,9,5,6
139986,2,4,3,3
139988,1,2,2,2
139992,1,4,2,4
139994,3,6,4,4
139996,1,3,2,3
140000,5,10,6,6
140004,1,2,2,2
140006,2,4,3,3
140012,1,7,2,7
140014,1,1,2,1
140016,3,14,4,12
140018,0,1,1,2
140024,2,4,3,3
140026,0,1,1,2
140032,0,1,1,2
140034,1,8,2,8
140036,4,15,5,12
140038,34,51,35,18
140040,0,3,1,4
140042,2,4,3,3
140046,1,2,2,2
140048,0,1,1,2
140054,3,7,4,5
140056,0,5,1,6
140068,1,2,2,2
140070,0,3,1,4
140072,0,1,1,2
140074,9,58,10,50
140076,4,6,5,3
140078,3,11,4,9
140080,4,9,5,6
140082,0,4,1,5
140084,5,7,6,3
140086,1,2,2,2
140088,4,7,5,4
140090,0,2,1,3
140092,0,1,1,2
140094,0,1,1,2
140096,2,10,3,9
140098,1,5,2,5
140100,0,2,1,3
140102,1,4,2,4
140104,1,6,2,6
140106,51,87,52,37
140108,3,19,4,17
140110,1661,3109,1662,1449
140112,1,4,2,4
140115,2,24,3,23
140119,0,1,1,2
140121,1,2,2,2
140123,0,2,1,3
140125,0,2,1,3
140127,2,3,3,2
140131,19,90,20,72
140133,3,15,4,13
140135,1,5,2,5
140137,2,4,3,3
140140,2,3,3,2
140142,0,3,1,4
140144,1,5,2,5
140146,9,32,10,24
140148,5,10,6,6
140150,2,13,3,12
140152,3,8,4,6
140154,1,4,2,4
140156,0,2,1,3
140158,1,2,2,2
140160,42,112,43,71
140162,101,248,102,148
140164,0,1,1,2
140166,1,2,2,2
140168,1,3,2,3
140170,2,3,3,2
140174,2677,3832,2678,1156
140178,0,1,1,2
140182,1,3,2,3
140184,1,4,2,4
140186,0,10,1,11
140188,4,8,5,5
140190,4,15,5,12
140192,1,1,2,1
140194,2,2,3,1
140196,4,16,5,13
140198,1,4,2,4
140204,1,9,2,9
140206,1,1,2,1
140208,4,9,5,6
140210,2,3,3,2
140212,10,48,11,39
140214,0,10,1,11
140216,1,1,2,1
140218,0,1,1,2
140220,0,1,1,2
140222,0,1,1,2
140224,3,4,4,2
140226,0,1,1,2
140228,6,20,7,15
140233,1,1,2,1
140235,0,3,1,4
140237,3,30,4,28
140239,7,18,8,12
140241,0,2,1,3
140243,0,2,1,3
140245,7,15,8,9
140247,494,1199,495,706
140249,1,4,2,4
140253,0,1,1,2
140257,1,2,2,2
140259,1,1,2,1
140261,1,9,2,9
140263,1,2,2,2
140265,120,171,121,52
140267,966,1764,967,799
140269,10,16,11,7
140271,3,3,4,1
140273,1,1,2,1
140275,10,17,11,8
140279,4,13,5,10
140281,0,5,1,6
140283,1,10,2,10
140289,31,70,32,40
140291,12,34,13,23
140293,2,7,3,6
140295,6,9,7,4
140297,5,11,6,7
140299,11,14,12,4
140301,18,65,19,48
140303,0,1,1,2
140305,0,1,1,2
140307,1,1,2,1
140309,4,22,5,19
140311,4,16,5,13
140313,2,3,3,2
140315,13,23,14,11
140317,1,2,2,2
140319,2,5,3,4
140321,2,6,3,5
140323,3,7,4,5
140325,5,8,6,4
140327,1,3,2,3
140329,2,12,3,11
140331,1,2,2,2
140333,3,7,4,5
140335,0,5,1,6
140339,13,46,14,34
140341,45,113,46,69
140343,0,2,1,3
140345,4,9,5,6
140347,2,6,3,5
140349,15,30,16,16
140351,3,5,4,3
140353,1,3,2,3
140355,2,6,3,5
140357,1,5,2,5
140361,3,7,4,5
140363,1,2,2,2
140365,8,20,9,13
140367,17,33,18,17
140369,2,2,3,1
140371,1,3,2,3
140373,0,1,1,2
140375,0,4,1,5
140377,2,2,3,1
140379,1,5,2,5
140381,2,5,3,4
140383,12,39,13,28
140385,2,2,3,1
140387,0,1,1,2
140389,1,1,2,1
140391,5,5,6,1
140393,4,10,5,7
140395,2,3,3,2
140397,3,24,4,22
140399,3,10,4,8
140401,2,3,3,2
140403,1,4,2,4
140405,2,7,3,6
140407,1,3,2,3
140411,0,3,1,4
140413,2,4,3,3
140415,1,4,2,4
140417,2,5,3,4
140419,0,2,1,3
140421,0,2,1,3
140423,3,9,4,7
140425,0,2,1,3
140427,1,1,2,1
140429,1,2,2,2
140431,1,2,2,2
140433,0,1,1,2
140435,1,8,2,8
140437,0,1,1,2
140439,0,1,1,2
140441,9,21,10,13
140443,1,5,2,5
140445,1,3,2,3
140447,6,11,7,6
140449,1,2,2,2
140451,2,7,3,6
140453,1,4,2,4
140455,0,1,1,2
140457,1,5,2,5
140459,2,9,3,8
140461,4,13,5,10
140463,1,1,2,1
140465,3,7,4,5
140467,0,1,1,2
140469,0,7,1,8
140471,2,4,3,3
140473,1,6,2,6
140475,2,9,3,8
140477,4,12,5,9
140479,0,1,1,2
140481,81,189,82,109
140483,0,1,1,2
140485,0,1,1,2
140487,1,3,2,3
140489,1,2,2,2
140491,11,23,12,13
140493,1,3,2,3
140495,0,1,1,2
140497,0,2,1,3
140499,2,5,3,4
140501,0,3,1,4
140503,1,2,2,2
140505,0,1,1,2
140507,1,6,2,6
140509,0,1,1,2
140511,16,43,17,28
140513,0,1,1,2
140515,2,9,3,8
140517,1,3,2,3
140519,0,4,1,5
140521,1,7,2,7
140523,239,759,240,521
140525,44,155,45,112
140527,0,5,1,6
140529,61,224,62,164
140531,0,1,1,2
140533,1,4,2,4
140535,2,5,3,4
140537,1,6,2,6
140539,2,13,3,12
140541,2,13,3,12
140545,11,26,12,16
140547,1,10,2,10
140549,4,12,5,9
140551,1,22,2,22
140553,7,21,8,15
140555,1,4,2,4
140557,1,5,2,5
140559,4,9,5,6
140561,7,14,8,8
140563,0,2,1,3
140565,5,18,6,14
140567,0,2,1,3
140569,0,3,1,4
140571,1,6,2,6
140573,0,2,1,3
140575,1,3,2,3
140577,1,2,2,2
140579,11,16,12,6
140581,18,43,19,26
140583,1,1,2,1
140585,0,1,1,2
140587,0,2,1,3
140589,1,1,2,1
140591,0,1,1,2
140593,0,3,1,4
140597,0,1,1,2
140605,0,1,1,2
140607,0,1,1,2
140615,0,1,1,2
140617,0,12,1,13
140619,2,11,3,10
140621,4,8,5,5
140623,2,3,3,2
140627,26,54,27,29
140629,1,7,2,7
140631,2,16,3,15
140633,1,1,2,1
140635,1,7,2,7
140637,0,2,1,3
140639,0,1,1,2
140641,1,2,2,2
140645,0,1,1,2
140647,1,3,2,3
140649,3,6,4,4
140651,2,3,3,2
140653,4,8,5,5
140655,5,7,6,3
140657,0,1,1,2
140659,1,6,2,6
140665,0,1,1,2
140667,1,2,2,2
140669,0,1,1,2
140679,1,2,2,2
140681,2,3,3,2
140683,0,2,1,3
140685,0,1,1,2
140687,1,2,2,2
140689,0,10,1,11
140693,0,2,1,3
140695,0,1,1,2
140697,0,1,1,2
140699,5,9,6,5
140701,8,40,9,33
140703,6,12,7,7
140705,0,2,1,3
140707,1,10,2,10
140709,6,23,7,18
140711,232,809,233,578
140713,98,298,99,201
140715,791,1420,792,630
140717,2,4,3,3
140719,2,3,3,2
140721,0,4,1,5
140723,1,2,2,2
140725,54,186,55,133
140729,0,3,1,4
140731,1,5,2,5
140733,0,8,1,9
140737,224,305,225,82
140739,2,4,3,3
140741,1,3,2,3
140743,3,7,4,5
140745,1,3,2,3
140747,14,50,15,37
140749,1,4,2,4
140751,1,8,2,8
140753,1,5,2,5
140755,1,4,2,4
140757,1,8,2,8
140759,9,16,10,8
140761,1,1,2,1
140763,1,4,2,4
140765,0,3,1,4
140767,0,2,1,3
140769,40,65,41,26
140771,0,1,1,2
140773,14,29,15,16
140775,1,1,2,1
140777,3,14,4,12
140779,0,2,1,3
140785,0,2,1,3
140787,3,10,4,8
140789,1,7,2,7
140791,0,4,1,5
140793,1,3,2,3
140795,7,14,8,8
140797,7,13,8,7
140799,7,15,8,9
140801,0,1,1,2
140803,0,1,1,2
140805,23,87,24,65
140807,12,26,13,15
140809,16,32,17,17
140811,14,25,15,12
140814,1,5,2,5
140816,155,312,156,158
140818,1,6,2,6
140820,11,80,12,70
140822,0,6,1,7
140828,0,1,1,2
140830,1,7,2,7
140832,0,4,1,5
140834,0,1,1,2
140836,1,2,2,2
140838,4,14,5,11
140840,5,8,6,4
140842,4,7,5,4
140844,7,21,8,15
140846,2,11,3,10
140848,1,7,2,7
140850,3,20,4,18
140852,5,14,6,10
140854,2,4,3,3
140856,4,14,5,11
140858,0,2,1,3
140860,2,4,3,3
140862,13,42,14,30
140864,2,3,3,2
140866,2,4,3,3
140868,7,19,8,13
140870,0,5,1,6
140872,1,4,2,4
140874,2,11,3,10
140876,1,3,2,3
140878,8,19,9,12
140880,2,10,3,9
140882,1,7,2,7
140884,1,3,2,3
140888,0,1,1,2
140890,1,2,2,2
140896,1,2,2,2
140904,0,1,1,2
140908,0,1,1,2
140910,0,1,1,2
140912,1,2,2,2
140916,3,8,4,6
140922,1,2,2,2
140924,0,1,1,2
140926,0,4,1,5
140928,268,844,269,577
140932,5,15,6,11
140934,1,3,2,3
140936,0,4,1,5
140938,6,14,7,9
140940,2,17,3,16
140942,19,52,20,34
140944,4,19,5,16
140946,5,22,6,18
140948,0,1,1,2
140954,4,6,5,3
140956,1143,2441,1144,1299
140958,5,10,6,6
140960,0,2,1,3
140962,3,14,4,12
140964,0,1,1,2
140972,1,2,2,2
140974,0,3,1,4
140976,0,3,1,4
140978,0,2,1,3
140984,1,3,2,3
140986,1,1,2,1
140988,1,1,2,1
140990,0,4,1,5
140992,0,1,1,2
140994,0,2,1,3
140996,1,4,2,4
141000,1,3,2,3
141002,1,5,2,5
141004,58,308,59,251
141006,7,15,8,9
141008,2,4,3,3
141010,3,3,4,1
141012,2,3,3,2
141014,0,2,1,3
141016,1,2,2,2
141018,3,11,4,9
141020,0,1,1,2
141022,0,1,1,2
141026,0,1,1,2
141028,0,1,1,2
141032,0,2,1,3
141036,5,11,6,7
141038,7,39,8,33
141040,1,1,2,1
141042,0,1,1,2
141044,1,1,2,1
141046,2,8,3,7
141050,16,47,17,32
141052,0,1,1,2
141054,1,5,2,5
141056,1,5,2,5
141058,22,36,23,15
141060,19,38,20,20
141062,0,4,1,5
141064,1,1,2,1
141068,1,1,2,1
141072,0,10,1,11
141078,0,2,1,3
141084,1,3,2,3
141088,0,1,1,2
141090,0,1,1,2
141092,0,2,1,3
141094,0,1,1,2
141096,0,2,1,3
141098,8,16,9,9
141100,1,3,2,3
141102,0,2,1,3
141104,7,14,8,8
141106,2,2,3,1
141108,1,4,2,4
141110,2,4,3,3
141112,1,3,2,3
141114,2,10,3,9
141116,2,5,3,4
141118,1,2,2,2
141120,2,8,3,7
141122,0,1,1,2
141124,2,5,3,4
141126,3,5,4,3
141129,6,11,7,6
141131,7,78,8,72
141133,7,13,8,7
141135,15,24,16,10
141137,3,6,4,4
141139,12,35,13,24
141149,2,2,3,1
141152,1,3,2,3
141154,1,3,2,3
141156,0,1,1,2
141158,7,12,8,6
141162,5,14,6,10
141166,10,55,11,46
141168,0,1,1,2
141170,0,1,1,2
141175,0,3,1,4
141177,0,2,1,3
141179,1,4,2,4
141181,0,1,1,2
141185,0,2,1,3
141189,0,3,1,4
141191,0,3,1,4
141193,0,1,1,2
141195,0,4,1,5
141197,1,1,2,1
141199,1,9,2,9
141201,2,3,3,2
141203,2,4,3,3
141205,1,2,2,2
141207,2,2,3,1
141214,1,3,2,3
141216,0,5,1,6
141219,2,4,3,3
141242,1,5,2,5
141245,0,1,1,2
141251,30,49,31,20
141260,0,2,1,3
141262,1,1,2,1
141264,0,1,1,2
141269,0,2,1,3
141271,0,4,1,5
141273,0,1,1,2
141275,1,1,2,1
141283,0,2,1,3
141286,0,1,1,2
141288,0,1,1,2
141292,0,1,1,2
141294,0,1,1,2
141297,1,1,2,1
141299,3,10,4,8
141301,1,3,2,3
141303,0,2,1,3
141305,1,3,2,3
141307,0,1,1,2
141309,1,7,2,7
141311,4,7,5,4
141313,1,1,2,1
141315,2,8,3,7
141317,0,2,1,3
141319,0,3,1,4
141321,2,7,3,6
141323,1,3,2,3
141327,0,7,1,8
141329,0,1,1,2
141333,2,4,3,3
141341,0,3,1,4
141345,0,2,1,3
141347,0,1,1,2
141349,0,3,1,4
141353,1,2,2,2
141355,2,4,3,3
141357,1,3,2,3
141359,2,5,3,4
141361,3,11,4,9
141363,3,12,4,10
141365,0,3,1,4
141367,4,7,5,4
141369,0,4,1,5
141371,1,6,2,6
141373,8,15,9,8
141375,1,4,2,4
141377,0,1,1,2
141379,2,5,3,4
141381,0,1,1,2
141383,0,3,1,4
141385,2,6,3,5
141387,0,3,1,4
141389,2,5,3,4
141391,1,2,2,2
141393,8,31,9,24
141395,6,35,7,30
141397,35,131,36,97
141400,2,6,3,5
141402,21,56,22,36
141404,0,1,1,2
141406,0,1,1,2
141408,70,239,71,170
141410,0,2,1,3
141412,6,9,7,4
141414,4,6,5,3
141416,5,12,6,8
141418,2,25,3,24
141420,33,84,34,52
141422,102,242,103,141
141424,2,4,3,3
141426,1,4,2,4
141428,9,24,10,16
141430,1,4,2,4
141432,33,68,34,36
141434,1,2,2,2
141436,1,1,2,1
141438,1,3,2,3
141440,2,8,3,7
141442,1,1,2,1
141444,0,4,1,5
141446,2,4,3,3
141448,0,7,1,8
141450,0,4,1,5
141452,6,16,7,11
141454,0,1,1,2
141456,2,10,3,9
141458,1,1,2,1
141460,0,1,1,2
141462,1,11,2,11
141464,0,1,1,2
141466,2,3,3,2
141468,4,6,5,3
141470,3,3,4,1
141472,0,3,1,4
141474,2,11,3,10
141478,0,2,1,3
141480,0,7,1,8
141483,1,1,2,1
141485,6,10,7,5
141487,1,11,2,11
141491,1,2,2,2
141493,10,47,11,38
141495,2,13,3,12
141497,2,5,3,4
141501,0,8,1,9
141505,16,24,17,9
141509,3,15,4,13
141511,2,4,3,3
141513,4,9,5,6
141515,3,8,4,6
141517,2,9,3,8
141520,12,21,13,10
141522,1,6,2,6
141524,0,2,1,3
141526,5,8,6,4
141528,0,1,1,2
141530,2,5,3,4
141532,1,2,2,2
141534,1,2,2,2
141536,12,30,13,19
141538,13,36,14,24
141542,3,5,4,3
141544,121,281,122,161
141546,7,16,8,10
141550,1,10,2,10
141552,2,15,3,14
141554,1,5,2,5
141556,2,6,3,5
141558,4,8,5,5
141560,0,2,1,3
141564,0,3,1,4
141570,0,2,1,3
141573,0,1,1,2
141575,1,1,2,1
141578,1,1,2,1
141580,0,1,1,2
141583,1,3,2,3
141588,5,7,6,3
141590,1,6,2,6
141592,0,2,1,3
141594,0,1,1,2
141598,0,2,1,3
141602,0,2,1,3
141606,0,2,1,3
141608,1,6,2,6
141610,0,3,1,4
141614,0,2,1,3
141616,1,2,2,2
141620,0,1,1,2
141622,3,9,4,7
141628,0,6,1,7
141630,5,13,6,9
141632,1,2,2,2
141634,7,14,8,8
141636,7,11,8,5
141638,0,2,1,3
141642,4,22,5,19
141644,4,14,5,11
141646,2,6,3,5
141648,51,138,52,88
141650,1,4,2,4
141652,0,2,1,3
141654,0,2,1,3
141656,2,4,3,3
141658,1,4,2,4
141660,0,3,1,4
141662,1,3,2,3
141664,0,2,1,3
141666,1,6,2,6
141668,39,74,40,36
141670,0,13,1,14
141672,1,3,2,3
141674,12,26,13,15
141676,28,94,29,67
141678,0,1,1,2
141680,0,1,1,2
141682,0,2,1,3
141684,6,14,7,9
141686,0,1,1,2
141688,244,688,245,445
141690,7,27,8,21
141692,4,17,5,14
141694,0,3,1,4
141698,10,23,11,14
141700,2,3,3,2
141702,44,74,45,31
141704,1,9,2,9
141706,0,2,1,3
141708,0,1,1,2
141710,1,4,2,4
141712,3,24,4,22
141714,15,52,16,38
141716,1,4,2,4
141718,53,156,54,104
141722,0,2,1,3
141725,4,10,5,7
141727,0,4,1,5
141729,5,8,6,4
141731,2,2,3,1
141733,1,2,2,2
141735,3,9,4,7
141737,1,2,2,2
141739,2,2,3,1
141741,0,2,1,3
141743,0,2,1,3
141745,1,2,2,2
141747,0,1,1,2
141749,393,848,394,456
141751,2,5,3,4
141755,1,2,2,2
141757,0,3,1,4
141761,5,57,6,53
141763,0,1,1,2
141765,1,2,2,2
141767,1,3,2,3
141769,0,1,1,2
141771,0,2,1,3
141773,0,1,1,2
141777,1,1,2,1
141779,0,2,1,3
141785,1,1,2,1
141795,1,5,2,5
141797,1,9,2,9
141799,19,137,20,119
141801,0,1,1,2
141804,6,14,7,9
141806,25,40,26,16
141808,1,2,2,2
141810,36,61,37,26
141812,28,53,29,26
141814,1,3,2,3
141816,64,100,65,37
141818,87,121,88,35
141820,19,29,20,11
141822,31,48,32,18
141824,3,10,4,8
141826,48,73,49,26
141828,1,4,2,4
141830,43,80,44,38
141832,10,15,11,6
141834,7,26,8,20
141836,26,45,27,20
141838,0,5,1,6
141840,11,31,12,21
141842,2,3,3,2
141844,95,148,96,54
141846,31,88,32,58
141848,1,1,2,1
141850,2,7,3,6
141852,4,9,5,6
141854,2,17,3,16
141856,0,5,1,6
141858,1,1,2,1
141860,1,3,2,3
141862,1,5,2,5
141864,0,8,1,9
141866,550,1060,551,511
141868,5,16,6,12
141870,4,11,5,8
141872,0,2,1,3
141874,21,43,22,23
141880,2,5,3,4
141882,1,1,2,1
141884,1,9,2,9
141886,4,15,5,12
141888,0,3,1,4
141890,453,745,454,293
141894,1,2,2,2
141896,1,4,2,4
141898,2,3,3,2
141900,1,2,2,2
141902,4,7,5,4
141904,3,4,4,2
141908,0,6,1,7
141910,3,5,4,3
141912,3,23,4,21
141916,2,10,3,9
141918,5,16,6,12
141920,0,4,1,5
141922,2,4,3,3
141924,58,168,59,111
141926,16,41,17,26
141928,12,35,13,24
141930,1,7,2,7
141932,1,3,2,3
141934,1,4,2,4
141936,1,2,2,2
141938,0,2,1,3
141940,2,8,3,7
141942,6,25,7,20
141944,1,5,2,5
141946,80,128,81,49
141948,0,1,1,2
141950,17,46,18,30
141952,3,8,4,6
141954,4,22,5,19
141956,6,26,7,21
141958,4,5,5,2
141960,0,18,1,19
141962,2,7,3,6
141964,2,24,3,23
141968,8,16,9,9
141970,3,13,4,11
141972,1,8,2,8
141974,0,2,1,3
141976,5,18,6,14
141978,1,3,2,3
141980,1,2,2,2
141982,9,17,10,9
141984,2,7,3,6
141986,3,9,4,7
141988,2,12,3,11
141990,1,10,2,10
141992,0,3,1,4
141994,1,19,2,19
141996,0,3,1,4
141998,1,3,2,3
142002,0,2,1,3
142004,0,1,1,2
142008,0,1,1,2
142012,0,4,1,5
142016,1,1,2,1
142018,0,2,1,3
142020,22,37,23,16
142022,1,3,2,3
142028,0,2,1,3
142030,0,1,1,2
142032,60,187,61,128
142034,0,1,1,2
142038,1,9,2,9
142040,0,3,1,4
142042,1,5,2,5
142044,0,3,1,4
142046,1,2,2,2
142048,0,1,1,2
142050,0,5,1,6
142052,9,18,10,10
142054,3,4,4,2
142056,2,17,3,16
142058,56,98,57,43
142060,1,7,2,7
142062,4,15,5,12
142064,0,13,1,14
142066,2,14,3,13
142068,2,5,3,4
142070,8,43,9,36
142072,5,28,6,24
142074,30,244,31,215
142076,1,4,2,4
142078,2,4,3,3
142080,3,5,4,3
142082,21,57,22,37
142084,25,63,26,39
142086,3,20,4,18
142088,0,2,1,3
142090,4,6,5,3
142092,0,2,1,3
142094,0,5,1,6
142096,2,8,3,7
142098,1,3,2,3
142100,1,3,2,3
142106,8,13,9,6
142108,0,3,1,4
142110,5,33,6,29
142113,11,40,12,30
142115,468,564,469,97
142117,5,16,6,12
142119,0,1,1,2
142124,3,6,4,4
142126,3,5,4,3
142128,0,1,1,2
142136,0,1,1,2
142138,1,1,2,1
142142,0,5,1,6
142146,1,4,2,4
142148,8,16,9,9
142150,4,16,5,13
142152,2,7,3,6
142154,2,5,3,4
142156,1,4,2,4
142158,31,69,32,39
142160,1,1,2,1
142162,0,3,1,4
142164,1,2,2,2
142168,1,2,2,2
142170,0,2,1,3
142172,3,5,4,3
142174,0,1,1,2
142176,0,1,1,2
142178,1,3,2,3
142180,0,1,1,2
142182,5,13,6,9
142184,27,42,28,16
142186,0,3,1,4
142188,0,5,1,6
142190,1,7,2,7
142192,1,5,2,5
142194,0,2,1,3
142196,3,11,4,9
142198,1,17,2,17
142200,0,8,1,9
142202,1,3,2,3
142204,14,33,15,20
142206,1,6,2,6
142210,17,33,18,17
142212,5,27,6,23
142214,1,4,2,4
142216,1,1,2,1
142218,2,11,3,10
142222,267,568,268,302
142224,1,1,2,1
142226,9,27,10,19
142228,4,27,5,24
142230,0,3,1,4
142232,1,4,2,4
142234,1,3,2,3
142236,2,11,3,10
142238,0,5,1,6
142240,10,17,11,8
142242,1,2,2,2
142244,1,3,2,3
142246,1,6,2,6
142248,0,5,1,6
142250,0,2,1,3
142252,0,2,1,3
142254,1,2,2,2
142256,0,1,1,2
142258,40,59,41,20
142260,2,4,3,3
142262,0,2,1,3
142264,0,5,1,6
142266,3,14,4,12
142268,0,4,1,5
142270,0,1,1,2
142272,1,6,2,6
142274,0,2,1,3
142276,0,2,1,3
142278,0,1,1,2
142280,1,3,2,3
142284,0,1,1,2
142286,0,13,1,14
142288,1,1,2,1
142292,0,1,1,2
142294,0,2,1,3
142300,0,2,1,3
142302,0,4,1,5
142308,1,2,2,2
142314,0,2,1,3
142318,0,2,1,3
142326,0,2,1,3
142330,0,1,1,2
142332,0,2,1,3
142334,1,2,2,2
142336,0,8,1,9
142338,1,7,2,7
142342,1,4,2,4
142344,0,2,1,3
142346,0,6,1,7
142348,3,9,4,7
142352,0,5,1,6
142354,1,5,2,5
142356,3,6,4,4
142358,3,6,4,4
142360,1,6,2,6
142362,4,6,5,3
142364,7,28,8,22
142366,13,52,14,40
142370,0,3,1,4
142372,24,101,25,78
142374,8,33,9,26
142376,0,6,1,7
142378,0,1,1,2
142380,1,1,2,1
142382,7,23,8,17
142384,3,16,4,14
142386,30,100,31,71
142388,4,22,5,19
142396,0,3,1,4
142408,1,6,2,6
142412,0,3,1,4
142414,1,2,2,2
142416,2,4,3,3
142418,1,2,2,2
142420,93,354,94,262
142422,82,305,83,224
142424,24,126,25,103
142426,6,27,7,22
142428,0,1,1,2
142432,2,5,3,4
142434,0,2,1,3
142436,1,13,2,13
142438,1,1,2,1
142440,1,6,2,6
142442,1,9,2,9
142444,5,19,6,15
142446,0,1,1,2
142448,444,1141,445,698
142450,43,68,44,26
142452,64,91,65,28
142454,0,1,1,2
142456,116,231,117,116
142458,1,3,2,3
142460,3,7,4,5
142462,1,1,2,1
142464,0,1,1,2
142466,0,2,1,3
142468,0,2,1,3
142470,0,3,1,4
142472,6,20,7,15
142474,0,5,1,6
142476,0,2,1,3
142478,0,1,1,2
142482,5,20,6,16
142484,0,1,1,2
142486,3,12,4,10
142488,3977,5390,3978,1414
142490,5,12,6,8
142492,148,272,149,125
142494,0,1,1,2
142496,0,2,1,3
142498,0,1,1,2
142503,11,70,12,60
142505,1,5,2,5
142507,137,298,138,162
142509,250,652,251,403
142511,0,2,1,3
142513,4,9,5,6
142515,3,6,4,4
142517,0,2,1,3
142519,2,6,3,5
142521,1,1,2,1
142523,0,3,1,4
142525,1,2,2,2
142527,3,5,4,3
142529,0,4,1,5
142532,2,3,3,2
142534,19,28,20,10
142536,162,500,163,339
142538,6,37,7,32
142540,6,54,7,49
142542,7,16,8,10
142544,0,1,1,2
142546,6,15,7,10
142548,2,2,3,1
142550,2,18,3,17
142552,1,1,2,1
142554,0,1,1,2
142556,1,1,2,1
142558,2,9,3,8
142560,1,5,2,5
142562,1,7,2,7
142564,3,6,4,4
142566,10,30,11,21
142568,4,12,5,9
142570,4,6,5,3
142572,0,4,1,5
142574,6,40,7,35
142576,2,5,3,4
142578,0,14,1,15
142582,0,1,1,2
142584,0,5,1,6
142586,1,2,2,2
142588,1,2,2,2
142590,2,9,3,8
142596,3,11,4,9
142598,39,130,40,92
142600,1,4,2,4
142602,16,57,17,42
142604,12,73,13,62
142606,1,11,2,11
142608,10,16,11,7
142610,0,1,1,2
142612,0,1,1,2
142614,4,6,5,3
142616,0,2,1,3
142618,6,14,7,9
142620,0,2,1,3
142624,0,1,1,2
142626,0,1,1,2
142628,23,44,24,22
142630,0,1,1,2
142632,1,7,2,7
142634,0,1,1,2
142636,1,2,2,2
142638,1,2,2,2
142640,0,1,1,2
142642,0,1,1,2
142644,1,6,2,6
142650,0,1,1,2
142652,0,9,1,10
142654,1,4,2,4
142656,0,1,1,2
142659,1,1,2,1
142663,0,7,1,8
142665,0,1,1,2
142667,0,8,1,9
142669,0,2,1,3
142675,4,17,5,14
142677,12,25,13,14
142679,3,4,4,2
142681,0,1,1,2
142683,1,8,2,8
142685,1,4,2,4
142689,1,3,2,3
142691,0,16,1,17
142695,0,7,1,8
142697,0,2,1,3
142699,1,1,2,1
142701,0,2,1,3
142703,0,1,1,2
142705,0,1,1,2
142707,3,4,4,2
142709,1,2,2,2
142717,1,6,2,6
142721,4,13,5,10
142723,1,3,2,3
142727,4,10,5,7
142731,0,3,1,4
142733,0,2,1,3
142740,1,6,2,6
142742,1,6,2,6
142744,0,2,1,3
142746,5,10,6,6
142748,0,1,1,2
142751,0,1,1,2
142754,1,4,2,4
142758,2,3,3,2
142761,1,1,2,1
142763,0,1,1,2
142765,16,66,17,51
142767,0,2,1,3
142770,0,4,1,5
142778,1,2,2,2
142780,1,6,2,6
142782,1,1,2,1
142788,1,3,2,3
142791,9,21,10,13
142793,1,1,2,1
142795,1,2,2,2
142797,3,8,4,6
142799,8,28,9,21
142801,2,6,3,5
142803,2,12,3,11
142805,2,4,3,3
142807,1,2,2,2
142809,1,1,2,1
142811,2,14,3,13
142813,8,12,9,5
142815,1,1,2,1
142817,2,10,3,9
142819,9,17,10,9
142821,3,7,4,5
142823,11,21,12,11
142825,2,2,3,1
142827,9,14,10,6
142829,4,14,5,11
142831,6,19,7,14
142833,7,16,8,10
142835,1,6,2,6
142837,2,7,3,6
142839,8,14,9,7
142841,6,9,7,4
142843,20,44,21,25
142845,4,5,5,2
142847,2,9,3,8
142849,2,8,3,7
142851,0,5,1,6
142853,0,1,1,2
142855,0,1,1,2
142857,8,17,9,10
142859,0,2,1,3
142861,9,28,10,20
142863,1,9,2,9
142865,5,9,6,5
142867,9,36,10,28
142869,9,10,10,2
142871,10,14,11,5
142873,9,9,10,1
142875,10,19,11,10
142877,0,2,1,3
142879,1,6,2,6
142881,1,1,2,1
142883,1,6,2,6
142885,5,9,6,5
142887,0,3,1,4
142889,0,1,1,2
142891,2,3,3,2
142893,0,2,1,3
142895,0,1,1,2
142897,8,14,9,7
142899,1,2,2,2
142901,3,8,4,6
142903,1,2,2,2
142905,1,5,2,5
142907,3,4,4,2
142909,9,21,10,13
142911,10,33,11,24
142913,0,4,1,5
142915,0,4,1,5
142917,7,15,8,9
142919,1,3,2,3
142921,1,3,2,3
142923,0,4,1,5
142925,15,66,16,52
142927,5,13,6,9
142929,9,27,10,19
142933,0,1,1,2
142935,1,11,2,11
142937,2,3,3,2
142939,0,1,1,2
142941,0,1,1,2
142943,2,9,3,8
142945,1,5,2,5
142947,0,10,1,11
142949,1,7,2,7
142951,0,1,1,2
142953,0,17,1,18
142955,1,5,2,5
142959,1,3,2,3
142961,6,16,7,11
142963,2,11,3,10
142965,1,2,2,2
142967,0,2,1,3
142969,19,36,20,18
142971,1,2,2,2
142973,3,7,4,5
142975,2,25,3,24
142977,0,2,1,3
142979,1,6,2,6
142981,1,3,2,3
142983,0,4,1,5
142985,0,2,1,3
142987,0,1,1,2
142989,0,3,1,4
142991,6,10,7,5
142993,20,45,21,26
142995,1,6,2,6
142997,533,1234,534,702
142999,51,131,52,81
143001,2,8,3,7
143003,2,8,3,7
143005,1,6,2,6
143007,3,3,4,1
143009,10,25,11,16
143011,3,7,4,5
143013,1,5,2,5
143015,1,3,2,3
143017,1,3,2,3
143019,0,2,1,3
143021,0,1,1,2
143023,4,9,5,6
143025,1,8,2,8
143027,5,18,6,14
143029,11,25,12,15
143031,9,44,10,36
143033,8,26,9,19
143035,6,36,7,31
143037,1,2,2,2
143039,0,2,1,3
143041,3,6,4,4
143043,6,11,7,6
143045,1,2,2,2
143047,2,5,3,4
143049,1,2,2,2
143053,11,19,12,9
143055,1,3,2,3
143057,0,3,1,4
143059,0,1,1,2
143061,2,9,3,8
143063,0,2,1,3
143065,1,5,2,5
143067,1,1,2,1
143069,11,26,12,16
143071,1,6,2,6
143076,1,5,2,5
143082,0,3,1,4
143086,2,2,3,1
143089,1,2,2,2
143091,1,4,2,4
143096,0,2,1,3
143098,2,4,3,3
143103,1,3,2,3
143105,0,1,1,2
143108,0,1,1,2
143111,0,1,1,2
143113,4,7,5,4
143115,1,5,2,5
143117,0,1,1,2
143119,0,1,1,2
143126,0,2,1,3
143128,0,2,1,3
143133,0,1,1,2
143137,1,1,2,1
143141,1,4,2,4
143152,0,1,1,2
143154,1,3,2,3
143156,1,3,2,3
143158,1,3,2,3
143160,1,6,2,6
143162,1,1,2,1
143164,0,1,1,2
143168,2,6,3,5
143178,2,5,3,4
143180,3,6,4,4
143183,0,2,1,3
143185,1,3,2,3
143187,0,1,1,2
143192,1,2,2,2
143194,0,2,1,3
143197,0,9,1,10
143199,6,26,7,21
143201,1,2,2,2
143203,5,13,6,9
143205,1,3,2,3
143207,3,4,4,2
143209,11,64,12,54
143211,0,1,1,2
143215,0,1,1,2
143217,0,1,1,2
143223,1,1,2,1
143231,5,14,6,10
143233,0,6,1,7
143235,1,1,2,1
143237,22,55,23,34
143239,6,52,7,47
143243,0,2,1,3
143245,292,531,293,240
143247,3,5,4,3
143249,7,24,8,18
143251,0,1,1,2
143253,3,7,4,5
143255,2,13,3,12
143257,37,104,38,68
143259,3,8,4,6
143261,1,1,2,1
143263,0,4,1,5
143265,0,1,1,2
143267,0,4,1,5
143269,1,1,2,1
143271,66,110,67,45
143273,4,15,5,12
143275,6,46,7,41
143277,1,1,2,1
143279,0,1,1,2
143281,0,1,1,2
143283,1,4,2,4
143285,0,2,1,3
143287,0,2,1,3
143295,0,2,1,3
143297,0,2,1,3
143299,3,4,4,2
143301,1,2,2,2
143303,0,1,1,2
143305,0,4,1,5
143307,0,2,1,3
143309,35,56,36,22
143311,1,5,2,5
143315,0,2,1,3
143317,6,17,7,12
143319,2,6,3,5
143321,0,2,1,3
143323,0,1,1,2
143327,0,2,1,3
143329,0,1,1,2
143331,0,2,1,3
143333,3,4,4,2
143335,2,4,3,3
143337,0,1,1,2
143339,0,1,1,2
143341,3,8,4,6
143345,238,644,239,407
143347,301,952,302,652
143355,2085,4099,2086,2015
143361,6,35,7,30
143363,0,11,1,12
143365,99,585,100,487
143367,279,606,280,328
143369,19,49,20,31
143371,0,1,1,2
143373,0,3,1,4
143377,18,29,19,12
143379,0,4,1,5
143381,0,1,1,2
143383,1,4,2,4
143385,2134,3782,2135,1649
143387,92,304,93,213
143389,41,58,42,18
143391,2,3,3,2
143395,0,1,1,2
143397,0,1,1,2
143404,9,19,10,11
143406,3,5,4,3
143408,3,9,4,7
143410,19,41,20,23
143412,1,9,2,9
143414,0,4,1,5
143416,1,7,2,7
143418,1,4,2,4
143420,3,15,4,13
143422,2,2,3,1
143424,1,1,2,1
143426,0,3,1,4
143428,0,1,1,2
143430,2,5,3,4
143432,0,4,1,5
143434,1,3,2,3
143436,6,9,7,4
143438,2,2,3,1
143440,25,52,26,28
143442,0,1,1,2
143444,45,136,46,92
143446,0,2,1,3
143448,0,1,1,2
143450,1,3,2,3
143452,2,4,3,3
143454,0,3,1,4
143456,1,2,2,2
143458,15,27,16,13
143460,0,1,1,2
143462,17,39,18,23
143464,5,10,6,6
143466,5,11,6,7
143468,2,2,3,1
143470,2,5,3,4
143472,3,35,4,33
143474,4,10,5,7
143476,136,252,137,117
143478,1,3,2,3
143480,0,3,1,4
143482,0,2,1,3
143486,0,1,1,2
143492,1,3,2,3
143494,0,1,1,2
143496,1,4,2,4
143500,1,8,2,8
143502,0,1,1,2
143506,7,19,8,13
143508,0,1,1,2
143511,67,88,68,22
143515,9,22,10,14
143517,5,15,6,11
143519,7,23,8,17
143521,0,3,1,4
143523,4,13,5,10
143525,1,2,2,2
143527,2,5,3,4
143529,0,2,1,3
143531,10,29,11,20
143535,1,1,2,1
143539,1,1,2,1
143541,0,2,1,3
143543,0,2,1,3
143545,3,6,4,4
143547,32,42,33,11
143549,2,2,3,1
143551,0,2,1,3
143553,0,16,1,17
143559,2,6,3,5
143561,1,4,2,4
143565,1,2,2,2
143567,1,1,2,1
143571,2,2,3,1
143575,0,2,1,3
143577,0,3,1,4
143581,0,3,1,4
143583,1,3,2,3
143585,2,4,3,3
143587,0,7,1,8
143595,1,4,2,4
143599,2,9,3,8
143611,0,1,1,2
143613,1,1,2,1
143615,0,1,1,2
143617,0,1,1,2
143621,0,2,1,3
143623,0,2,1,3
143625,0,1,1,2
143627,0,1,1,2
143629,0,2,1,3
143631,0,1,1,2
143633,0,2,1,3
143635,0,4,1,5
143637,0,7,1,8
143639,1,2,2,2
143641,2,5,3,4
143643,1,2,2,2
143645,2,7,3,6
143647,24,47,25,24
143649,1,4,2,4
143651,1,3,2,3
143653,4,16,5,13
143655,1,2,2,2
143657,291,729,292,439
143659,1,2,2,2
143661,0,1,1,2
143663,3,5,4,3
143666,1,2,2,2
143668,1,4,2,4
143679,0,3,1,4
143681,1,4,2,4
143683,0,1,1,2
143685,1,4,2,4
143687,0,1,1,2
143689,0,7,1,8
143691,0,2,1,3
143695,4,12,5,9
143697,1,2,2,2
143699,1,1,2,1
143701,1,1,2,1
143703,1,10,2,10
143705,0,2,1,3
143707,0,3,1,4
143709,12,23,13,12
143711,0,2,1,3
143713,7,22,8,16
143715,3,15,4,13
143717,1,2,2,2
143719,0,1,1,2
143721,1,1,2,1
143723,0,1,1,2
143725,1,2,2,2
143727,0,1,1,2
143729,0,2,1,3
143733,0,1,1,2
143739,0,1,1,2
143741,1,1,2,1
143747,0,1,1,2
143749,0,1,1,2
143753,1,2,2,2
143755,1,4,2,4
143757,1,3,2,3
143759,0,1,1,2
143761,0,1,1,2
143769,0,1,1,2
143773,1,1,2,1
143775,0,2,1,3
143777,0,2,1,3
143779,0,2,1,3
143781,0,1,1,2
143783,0,1,1,2
143787,0,2,1,3
143789,0,3,1,4
143791,1,4,2,4
143795,0,1,1,2
143797,0,2,1,3
143799,0,2,1,3
143801,0,1,1,2
143803,3,5,4,3
143805,0,2,1,3
143807,1,3,2,3
143809,0,1,1,2
143811,0,1,1,2
143813,0,2,1,3
143815,2,4,3,3
143819,1,1,2,1
143821,1,2,2,2
143823,0,2,1,3
143825,0,2,1,3
143827,0,1,1,2
143829,2,3,3,2
143831,1,5,2,5
143833,1,1,2,1
143835,1,5,2,5
143849,0,2,1,3
143853,1,3,2,3
143855,1,1,2,1
143857,2,2,3,1
143859,405,1301,406,897
143861,0,3,1,4
143863,5,14,6,10
143866,1,9,2,9
143868,23,46,24,24
143870,3,7,4,5
143872,1,3,2,3
143874,3,9,4,7
143876,0,3,1,4
143878,2,6,3,5
143880,4,10,5,7
143882,1,7,2,7
143884,7,15,8,9
143886,2,19,3,18
143888,1,1,2,1
143890,3,13,4,11
143892,4,5,5,2
143894,1,5,2,5
143896,4,13,5,10
143898,5,13,6,9
143900,0,1,1,2
143902,1,2,2,2
143906,1,2,2,2
143910,2,3,3,2
143912,1,3,2,3
143914,0,3,1,4
143919,0,1,1,2
143930,0,1,1,2
143932,1,1,2,1
143935,0,2,1,3
143937,1,3,2,3
143942,0,1,1,2
143946,0,1,1,2
143948,0,1,1,2
143957,0,5,1,6
143959,1,7,2,7
143961,0,3,1,4
143963,0,1,1,2
143965,0,1,1,2
143969,138,323,139,186
143972,2,3,3,2
143974,1,8,2,8
143976,0,1,1,2
143980,0,4,1,5
143986,0,4,1,5
143990,42,57,43,16
143994,1,1,2,1
143998,0,8,1,9
144003,0,1,1,2
144005,0,7,1,8
144008,1,2,2,2
144013,0,3,1,4
144015,0,1,1,2
144017,2,2,3,1
144020,1,2,2,2
144022,4,9,5,6
144025,0,1,1,2
144027,0,3,1,4
144029,0,4,1,5
144031,1,2,2,2
144033,1,1,2,1
144035,0,3,1,4
144037,0,1,1,2
144048,0,2,1,3
144050,26,35,27,10
144052,1,5,2,5
144054,1,1,2,1
144056,0,2,1,3
144058,7,16,8,10
144060,3,5,4,3
144062,6,11,7,6
144064,14,31,15,18
144066,10,26,11,17
144068,0,5,1,6
144070,0,11,1,12
144072,0,16,1,17
144074,1,1,2,1
144082,0,1,1,2
144084,1,3,2,3
144088,1,3,2,3
144092,2,4,3,3
144094,0,6,1,7
144096,0,2,1,3
144098,0,1,1,2
144102,0,1,1,2
144108,0,1,1,2
144110,0,1,1,2
144112,0,2,1,3
144118,0,1,1,2
144124,0,1,1,2
144128,0,1,1,2
144132,0,1,1,2
144134,3,27,4,25
144136,2,4,3,3
144138,28,43,29,16
144140,1,4,2,4
144142,1,2,2,2
144144,1,1,2,1
144146,0,4,1,5
144148,3,3,4,1
144150,5,9,6,5
144152,2,9,3,8
144154,4,9,5,6
144158,4,11,5,8
144160,0,1,1,2
144162,0,2,1,3
144164,0,2,1,3
144166,0,1,1,2
144168,0,3,1,4
144170,1,5,2,5
144172,30,103,31,74
144174,4,11,5,8
144176,2,3,3,2
144178,1,2,2,2
144180,0,3,1,4
144182,14,29,15,16
144184,1,1,2,1
144186,0,9,1,10
144188,0,2,1,3
144190,1,4,2,4
144192,3,3,4,1
144194,1,15,2,15
144196,4,22,5,19
144198,4,12,5,9
144200,1,1,2,1
144202,1,2,2,2
144204,6,13,7,8
144206,5,13,6,9
144208,1,1,2,1
144210,5,7,6,3
144212,2,13,3,12
144214,0,2,1,3
144216,5,22,6,18
144218,1,3,2,3
144220,0,2,1,3
144222,3,18,4,16
144224,14,63,15,50
144226,1,5,2,5
144228,1,13,2,13
144230,1,7,2,7
144234,0,1,1,2
144236,0,1,1,2
144238,0,1,1,2
144240,0,2,1,3
144242,0,1,1,2
144244,0,1,1,2
144246,0,1,1,2
144248,3,7,4,5
144250,2,3,3,2
144254,3,8,4,6
144256,0,10,1,11
144258,2,13,3,12
144260,0,10,1,11
144262,10,43,11,34
144264,3,13,4,11
144266,3,15,4,13
144268,0,20,1,21
144270,1,13,2,13
144272,0,10,1,11
144274,2,14,3,13
144276,2,17,3,16
144278,0,9,1,10
144280,1,14,2,14
144282,2,14,3,13
144284,0,15,1,16
144286,0,14,1,15
144288,0,16,1,17
144290,10,11,11,2
144292,2,15,3,14
144294,1,20,2,20
144296,0,20,1,21
144298,8,22,9,15
144300,0,9,1,10
144302,8,22,9,15
144304,0,10,1,11
144306,0,9,1,10
144308,0,11,1,12
144310,2,12,3,11
144312,0,11,1,12
144314,0,9,1,10
144316,0,9,1,10
144318,0,9,1,10
144320,0,9,1,10
144322,0,10,1,11
144324,1,11,2,11
144326,0,9,1,10
144328,0,11,1,12
144330,0,10,1,11
144332,0,10,1,11
144334,1,10,2,10
144336,0,4,1,5
144338,0,9,1,10
144340,1,11,2,11
144342,0,9,1,10
144344,0,10,1,11
144346,0,9,1,10
144348,6,28,7,23
144350,1,14,2,14
144352,7,27,8,21
144354,4,16,5,13
144356,2,14,3,13
144358,0,13,1,14
144360,1,14,2,14
144362,4,18,5,15
144364,1,11,2,11
144366,0,15,1,16
144368,0,10,1,11
144370,2,14,3,13
144372,0,9,1,10
144374,3,19,4,17
144376,1,11,2,11
144378,2,14,3,13
144380,10,13,11,4
144382,30,34,31,5
144384,0,9,1,10
144386,0,9,1,10
144388,0,7,1,8
144390,0,9,1,10
144392,0,9,1,10
144394,0,9,1,10
144396,0,9,1,10
144398,17,28,18,12
144400,1,12,2,12
144402,1,18,2,18
144404,10,12,11,3
144406,0,15,1,16
144408,2,17,3,16
144410,2,18,3,17
144412,4,20,5,17
144414,1,12,2,12
144416,3,19,4,17
144418,3,17,4,15
144420,2,15,3,14
144422,3,23,4,21
144424,1,18,2,18
144426,1,36,2,36
144428,0,11,1,12
144430,13,22,14,10
144432,3,14,4,12
144434,0,12,1,13
144436,0,17,1,18
144438,1,13,2,13
144440,1,14,2,14
144442,2,14,3,13
144444,11,17,12,7
144450,0,1,1,2
144452,0,1,1,2
144460,0,2,1,3
144464,2,11,3,10
144466,2,7,3,6
144468,0,9,1,10
144470,0,10,1,11
144472,0,13,1,14
144474,0,9,1,10
144476,0,2,1,3
144478,4,11,5,8
144480,0,3,1,4
144482,164,458,165,295
144484,0,2,1,3
144486,3,9,4,7
144488,0,10,1,11
144490,0,12,1,13
144492,0,12,1,13
144494,1,13,2,13
144496,3,14,4,12
144498,1,16,2,16
144500,3,19,4,17
144502,0,15,1,16
144504,2,16,3,15
144506,1,11,2,11
144508,3,16,4,14
144510,10,14,11,5
144512,5,20,6,16
144514,2,16,3,15
144516,1,17,2,17
144518,2,14,3,13
144520,0,10,1,11
144522,1,16,2,16
144524,9,27,10,19
144526,2,14,3,13
144528,0,1,1,2
144530,11,13,12,3
144532,24,38,25,15
144534,4,15,5,12
144536,0,13,1,14
144538,3,18,4,16
144540,14,37,15,24
144542,4,16,5,13
144544,1,11,2,11
144546,0,13,1,14
144548,1,12,2,12
144550,1,14,2,14
144552,0,9,1,10
144554,1,11,2,11
144556,4,20,5,17
144558,0,10,1,11
144560,0,10,1,11
144562,10,13,11,4
144564,1,10,2,10
144566,0,9,1,10
144568,0,17,1,18
144570,0,10,1,11
144572,0,10,1,11
144574,1,14,2,14
144576,0,10,1,11
144578,1,12,2,12
144580,7,31,8,25
144582,1,11,2,11
144584,0,9,1,10
144586,1,11,2,11
144588,0,11,1,12
144590,0,11,1,12
144592,0,2,1,3
144594,9,10,10,2
144596,0,9,1,10
144598,0,10,1,11
144600,0,9,1,10
144602,1,10,2,10
144604,1,14,2,14
144606,86,239,87,154
144608,0,10,1,11
144610,0,11,1,12
144612,2,15,3,14
144614,6,21,7,16
144616,0,4,1,5
144618,13,34,14,22
144620,115,527,116,413
144622,3,8,4,6
144626,4,7,5,4
144630,0,1,1,2
144632,43,112,44,70
144634,6,24,7,19
144636,11,29,12,19
144640,0,8,1,9
144642,0,9,1,10
144644,1,11,2,11
144646,0,2,1,3
144648,2,4,3,3
144650,1,10,2,10
144652,0,2,1,3
144654,3,6,4,4
144656,17,37,18,21
144658,0,4,1,5
144660,2,2,3,1
144662,3,4,4,2
144664,4,7,5,4
144666,0,1,1,2
144668,1,6,2,6
144670,3,6,4,4
144672,1,5,2,5
144674,0,2,1,3
144676,0,2,1,3
144678,3,6,4,4
144680,5,8,6,4
144682,1,8,2,8
144684,1,4,2,4
144686,10,16,11,7
144688,7,20,8,14
144690,6,15,7,10
144692,0,4,1,5
144694,1,8,2,8
144696,5,16,6,12
144698,17,61,18,45
144700,3,9,4,7
144702,0,1,1,2
144704,2,7,3,6
144706,3,5,4,3
144708,1,12,2,12
144710,3,6,4,4
144712,4,5,5,2
144714,5,27,6,23
144716,18,82,19,65
144718,2,3,3,2
144720,0,1,1,2
144722,0,1,1,2
144724,0,2,1,3
144728,0,2,1,3
144734,26,84,27,59
144736,0,2,1,3
144738,7,22,8,16
144740,0,1,1,2
144742,3,3,4,1
144744,1,1,2,1
144746,4,9,5,6
144748,0,2,1,3
144750,4,4,5,1
144752,0,6,1,7
144754,1,2,2,2
144756,0,10,1,11
144758,1,6,2,6
144760,10,46,11,37
144762,10,68,11,59
144764,1,6,2,6
144766,0,1,1,2
144768,0,2,1,3
144770,4,6,5,3
144772,0,4,1,5
144774,0,2,1,3
144776,0,2,1,3
144778,1,2,2,2
144780,0,1,1,2
144782,2,29,3,28
144784,17,34,18,18
144786,1,8,2,8
144790,0,4,1,5
144792,0,1,1,2
144798,0,1,1,2
144800,0,1,1,2
144804,1,2,2,2
144812,0,1,1,2
144814,0,1,1,2
144816,0,1,1,2
144820,0,1,1,2
144826,0,1,1,2
144828,0,1,1,2
144832,0,1,1,2
144834,0,1,1,2
144842,0,1,1,2
144846,0,1,1,2
144848,0,3,1,4
144850,0,2,1,3
144852,0,1,1,2
144858,4,10,5,7
144860,1,2,2,2
144862,0,1,1,2
144866,1,1,2,1
144876,0,1,1,2
144880,2,3,3,2
144882,0,1,1,2
144884,0,1,1,2
144886,0,1,1,2
144888,0,1,1,2
144890,0,1,1,2
144894,1,6,2,6
144896,0,2,1,3
144902,0,1,1,2
144906,0,1,1,2
144910,6,21,7,16
144912,0,2,1,3
144914,1,3,2,3
144916,0,3,1,4
144918,1,1,2,1
144920,2,4,3,3
144922,1,2,2,2
144924,1,2,2,2
144926,0,3,1,4
144928,1,2,2,2
144930,1,4,2,4
144932,1,2,2,2
144934,5,18,6,14
144936,0,2,1,3
144938,5,11,6,7
144940,1,4,2,4
144942,0,2,1,3
144950,0,5,1,6
144952,0,2,1,3
144956,4,11,5,8
144958,0,1,1,2
144962,7,18,8,12
144964,3,9,4,7
144966,3,8,4,6
144968,2,3,3,2
144970,2,4,3,3
144972,2,4,3,3
144974,1,4,2,4
144976,303,652,304,350
144980,0,4,1,5
144982,23,133,24,111
144984,7,17,8,11
144986,3,6,4,4
144988,1,4,2,4
144990,2,4,3,3
144992,3,4,4,2
144994,3,4,4,2
145004,0,5,1,6
145006,0,3,1,4
145008,0,1,1,2
145010,0,7,1,8
145012,0,1,1,2
145014,2,10,3,9
145022,1,5,2,5
145024,0,1,1,2
145026,1,1,2,1
145028,9,44,10,36
145030,36,111,37,76
145032,0,4,1,5
145034,4,6,5,3
145036,1,2,2,2
145038,0,1,1,2
145040,0,1,1,2
145042,0,1,1,2
145044,0,1,1,2
145046,0,1,1,2
145048,1,4,2,4
145050,1,3,2,3
145052,2,5,3,4
145054,0,2,1,3
145056,1,11,2,11
145058,6,14,7,9
145060,1,1,2,1
145062,1,2,2,2
145064,40,77,41,38
145066,21,54,22,34
145070,39,105,40,67
145072,3,8,4,6
145074,1,3,2,3
145076,0,1,1,2
145078,0,2,1,3
145080,8,29,9,22
145082,1,5,2,5
145084,1,3,2,3
145088,2,19,3,18
145090,0,1,1,2
145092,0,2,1,3
145094,7,52,8,46
145096,5,59,6,55
145098,0,1,1,2
145100,4,9,5,6
145102,0,2,1,3
145106,0,2,1,3
145108,0,5,1,6
145110,1,6,2,6
145112,8,18,9,11
145114,2,3,3,2
145116,1,3,2,3
145118,5,14,6,10
145120,0,7,1,8
145122,0,2,1,3
145126,0,3,1,4
145130,1,2,2,2
145132,7,18,8,12
145136,0,1,1,2
145140,23,50,24,28
145142,7,43,8,37
145144,1,3,2,3
145146,7,31,8,25
145148,0,1,1,2
145150,122,250,123,129
145156,1,1,2,1
145158,1,2,2,2
145160,0,4,1,5
145162,1,9,2,9
145168,10,24,11,15
145170,4,13,5,10
145172,7,16,8,10
145174,2,8,3,7
145176,7,13,8,7
145178,3,9,4,7
145180,16,31,17,16
145182,0,5,1,6
145184,3,10,4,8
145186,4,11,5,8
145188,5,11,6,7
145190,0,4,1,5
145192,5,17,6,13
145194,6,15,7,10
145196,3,9,4,7
145198,3,10,4,8
145200,6,13,7,8
145202,5,9,6,5
145204,0,5,1,6
145206,5,17,6,13
145208,1,8,2,8
145212,0,1,1,2
145216,0,1,1,2
145218,8,24,9,17
145220,0,3,1,4
145222,0,1,1,2
145224,0,2,1,3
145226,1,3,2,3
145228,0,2,1,3
145230,0,2,1,3
145232,1,1,2,1
145235,2,9,3,8
145237,0,2,1,3
145240,0,1,1,2
145242,1,3,2,3
145244,0,1,1,2
145246,2,4,3,3
145250,0,1,1,2
145255,0,2,1,3
145260,0,1,1,2
145264,0,2,1,3
145275,0,1,1,2
145277,0,3,1,4
145279,1,5,2,5
145281,0,4,1,5
145283,4,10,5,7
145285,0,4,1,5
145299,2,11,3,10
145303,0,1,1,2
145307,1,10,2,10
145312,0,4,1,5
145315,0,1,1,2
145317,0,1,1,2
145320,3,5,4,3
145322,0,1,1,2
145324,0,1,1,2
145326,0,2,1,3
145330,1,1,2,1
145333,0,4,1,5
145335,0,5,1,6
145340,2,6,3,5
145342,3,6,4,4
145344,2,12,3,11
145346,0,1,1,2
145360,0,4,1,5
145362,0,4,1,5
145364,1,6,2,6
145370,0,1,1,2
145372,1,11,2,11
145374,1,4,2,4
145376,0,1,1,2
145378,0,1,1,2
145380,1,3,2,3
145382,1,1,2,1
145384,21,48,22,28
145388,0,9,1,10
145390,1,11,2,11
145392,0,1,1,2
145394,0,11,1,12
145396,0,2,1,3
145398,0,3,1,4
145400,0,6,1,7
145402,1,5,2,5
145404,0,2,1,3
145406,0,1,1,2
145408,0,1,1,2
145410,0,1,1,2
145412,0,1,1,2
145414,0,2,1,3
145416,0,1,1,2
145418,286,614,287,329
145420,0,3,1,4
145422,0,1,1,2
145424,0,2,1,3
145426,0,1,1,2
145428,1,2,2,2
145432,1,3,2,3
145434,0,2,1,3
145438,0,1,1,2
145440,0,1,1,2
145442,0,1,1,2
145444,0,2,1,3
145446,0,1,1,2
145450,0,1,1,2
145452,0,1,1,2
145456,0,1,1,2
145462,0,1,1,2
145466,0,4,1,5
145468,6,25,7,20
145470,0,1,1,2
145474,0,5,1,6
145476,0,1,1,2
145482,0,1,1,2
145487,2,10,3,9
145489,9,26,10,18
145491,7,26,8,20
145493,8,25,9,18
145496,0,4,1,5
145498,1,1,2,1
145500,3,4,4,2
145502,0,7,1,8
145504,1,5,2,5
145506,3,6,4,4
145508,2,3,3,2
145510,0,9,1,10
145512,0,2,1,3
145514,7,32,8,26
145518,0,1,1,2
145520,0,14,1,15
145522,0,11,1,12
145524,0,7,1,8
145532,0,1,1,2
145534,0,1,1,2
145538,0,1,1,2
145546,0,1,1,2
145556,0,1,1,2
145558,3,5,4,3
145562,0,1,1,2
145564,0,3,1,4
145566,0,2,1,3
145570,0,4,1,5
145572,0,10,1,11
145574,0,1,1,2
145576,0,4,1,5
145578,0,4,1,5
145584,7,24,8,18
145586,3,6,4,4
145590,0,2,1,3
145592,0,1,1,2
145596,3,9,4,7
145598,1,4,2,4
145600,1,1,2,1
145602,0,1,1,2
145604,0,1,1,2
145606,1,5,2,5
145610,0,1,1,2
145612,0,1,1,2
145614,0,1,1,2
145616,0,1,1,2
145620,1,1,2,1
145624,1,4,2,4
145636,0,2,1,3
145638,0,1,1,2
145640,0,1,1,2
145648,0,1,1,2
145650,0,1,1,2
145656,0,1,1,2
145668,2,3,3,2
145674,0,1,1,2
145676,0,1,1,2
145694,0,1,1,2
145700,1,3,2,3
145702,0,4,1,5
145704,1,1,2,1
145712,0,1,1,2
145718,0,1,1,2
145724,1,6,2,6
145728,1,2,2,2
145731,4,6,5,3
145733,2,6,3,5
145735,0,2,1,3
145737,0,1,1,2
145739,4,10,5,7
145741,1,2,2,2
145743,0,2,1,3
145745,0,3,1,4
145747,0,1,1,2
145749,0,1,1,2
145751,0,4,1,5
145753,5,9,6,5
145755,3,9,4,7
145759,0,11,1,12
145761,3,15,4,13
145763,1,2,2,2
145765,10,20,11,11
145769,0,3,1,4
145771,7,21,8,15
145773,1,7,2,7
145775,10,17,11,8
145781,0,1,1,2
145783,0,1,1,2
145785,0,2,1,3
145787,1,10,2,10
145789,1,1,2,1
145793,0,2,1,3
145799,0,3,1,4
145809,0,4,1,5
145817,0,3,1,4
145823,0,1,1,2
145827,0,2,1,3
145829,0,1,1,2
145831,1,3,2,3
145837,2,7,3,6
145839,232,481,233,250
145841,0,3,1,4
145851,0,1,1,2
145857,2,15,3,14
145859,0,1,1,2
145861,0,2,1,3
145863,1,1,2,1
145869,1,1,2,1
145871,1,1,2,1
145873,0,1,1,2
145875,0,1,1,2
145881,0,3,1,4
145885,0,1,1,2
145889,0,1,1,2
145893,2,4,3,3
145897,0,1,1,2
145901,0,2,1,3
145903,0,2,1,3
145905,1,2,2,2
145909,1,1,2,1
145915,3,28,4,26
145917,0,2,1,3
145919,0,1,1,2
145921,2,8,3,7
145923,0,2,1,3
145925,0,1,1,2
145927,0,3,1,4
145929,0,1,1,2
145931,1,2,2,2
145933,1,2,2,2
145935,144,420,145,277
145937,1,2,2,2
145939,1,2,2,2
145941,1,10,2,10
145943,0,3,1,4
145947,1,5,2,5
145949,0,1,1,2
145951,1,6,2,6
145953,1,6,2,6
145955,1,6,2,6
145958,1,2,2,2
145960,0,7,1,8
145962,0,1,1,2
145964,0,1,1,2
145966,0,2,1,3
145968,2,2,3,1
145972,1,4,2,4
145974,0,5,1,6
145976,1,3,2,3
145978,5,10,6,6
145984,1,1,2,1
145988,3,3,4,1
145992,9,12,10,4
145994,56,80,57,25
145996,0,2,1,3
145998,1,8,2,8
146000,2,6,3,5
146002,48,73,49,26
146004,3,18,4,16
146006,29,39,30,11
146008,1,2,2,2
146010,0,1,1,2
146012,10,13,11,4
146014,0,2,1,3
146016,1,3,2,3
146018,14,28,15,15
146020,2,3,3,2
146022,6,11,7,6
146024,47,75,48,29
146026,0,1,1,2
146028,163,211,164,49
146030,8,24,9,17
146032,0,2,1,3
146034,3,4,4,2
146036,7,16,8,10
146038,4,16,5,13
146040,34,55,35,22
146042,3,7,4,5
146044,1,5,2,5
146046,5,15,6,11
146048,16,38,17,23
146050,19,35,20,17
146052,0,13,1,14
146054,1,5,2,5
146056,1,6,2,6
146058,0,2,1,3
146060,0,1,1,2
146062,0,1,1,2
146064,0,1,1,2
146066,0,3,1,4
146068,0,1,1,2
146070,0,1,1,2
146072,1,3,2,3
146074,0,2,1,3
146076,0,1,1,2
146078,0,3,1,4
146080,0,1,1,2
146082,0,1,1,2
146084,0,1,1,2
146086,0,1,1,2
146088,0,1,1,2
146090,0,1,1,2
146092,0,1,1,2
146094,0,1,1,2
146096,0,1,1,2
146098,0,1,1,2
146100,0,1,1,2
146102,0,1,1,2
146104,1,2,2,2
146106,0,1,1,2
146108,1,1,2,1
146110,9,16,10,8
146112,2,4,3,3
146114,5,9,6,5
146116,0,2,1,3
146118,0,1,1,2
146120,0,3,1,4
146122,0,1,1,2
146124,0,1,1,2
146126,0,2,1,3
146128,1,3,2,3
146130,0,1,1,2
146132,1,2,2,2
146134,5,12,6,8
146136,2,4,3,3
146138,0,1,1,2
146140,0,1,1,2
146142,0,2,1,3
146144,0,1,1,2
146146,1,3,2,3
146148,1,2,2,2
146150,0,1,1,2
146152,1,8,2,8
146154,0,2,1,3
146156,12,21,13,10
146158,1,3,2,3
146160,0,1,1,2
146162,0,1,1,2
146164,3,8,4,6
146166,0,2,1,3
146168,0,1,1,2
146170,2,8,3,7
146172,0,3,1,4
146174,0,1,1,2
146176,0,2,1,3
146178,6,14,7,9
146180,0,3,1,4
146182,3,15,4,13
146184,0,3,1,4
146186,2,4,3,3
146188,1,5,2,5
146190,0,6,1,7
146192,0,2,1,3
146194,0,1,1,2
146196,30,65,31,36
146198,1,7,2,7
146200,1,4,2,4
146202,0,2,1,3
146204,0,1,1,2
146206,1,6,2,6
146208,0,1,1,2
146210,11,55,12,45
146212,2,13,3,12
146214,0,5,1,6
146216,0,2,1,3
146218,0,1,1,2
146220,0,3,1,4
146222,0,1,1,2
146224,0,2,1,3
146226,0,1,1,2
146228,0,1,1,2
146230,1,4,2,4
146232,1,3,2,3
146234,0,16,1,17
146236,0,3,1,4
146238,0,1,1,2
146240,2,5,3,4
146242,6,15,7,10
146244,14,24,15,11
146246,0,1,1,2
146248,1,7,2,7
146250,2,7,3,6
146252,1,5,2,5
146254,1,6,2,6
146256,0,9,1,10
146258,0,3,1,4
146260,3,9,4,7
146262,1,4,2,4
146264,4,11,5,8
146266,0,5,1,6
146268,2,8,3,7
146270,2,17,3,16
146272,0,1,1,2
146275,4,10,5,7
146277,0,2,1,3
146279,8,35,9,28
146291,0,2,1,3
146295,0,4,1,5
146301,5,11,6,7
146303,2,5,3,4
146305,14,20,15,7
146307,24,95,25,72
146309,144,238,145,95
146311,2,5,3,4
146313,2,8,3,7
146317,6,15,7,10
146323,4,8,5,5
146325,1,4,2,4
146327,107,139,108,33
146329,31,59,32,29
146331,0,2,1,3
146333,2,8,3,7
146335,1,2,2,2
146337,0,3,1,4
146342,1,4,2,4
146344,0,5,1,6
146346,1,5,2,5
146348,5,13,6,9
146350,5,22,6,18
146352,3,4,4,2
146354,0,3,1,4
146356,0,2,1,3
146358,5,18,6,14
146360,2,15,3,14
146362,0,3,1,4
146364,0,1,1,2
146366,6,10,7,5
146368,0,3,1,4
146370,0,2,1,3
146372,0,7,1,8
146374,1,6,2,6
146376,0,2,1,3
146378,0,1,1,2
146380,0,2,1,3
146382,0,2,1,3
146384,0,9,1,10
146386,0,1,1,2
146388,0,1,1,2
146390,0,7,1,8
146392,1,7,2,7
146394,0,6,1,7
146396,0,6,1,7
146398,0,2,1,3
146400,0,5,1,6
146402,1,3,2,3
146404,0,1,1,2
146406,0,3,1,4
146408,0,8,1,9
146410,0,1,1,2
146412,0,2,1,3
146414,4,8,5,5
146417,1,3,2,3
146419,0,1,1,2
146421,3,12,4,10
146423,5,35,6,31
146427,1,3,2,3
146429,1,1,2,1
146431,0,1,1,2
146433,1,5,2,5
146435,2,6,3,5
146437,1,3,2,3
146439,0,3,1,4
146441,0,1,1,2
146443,7,13,8,7
146449,2,7,3,6
146455,0,1,1,2
146463,2,2,3,1
146466,1,2,2,2
146470,0,1,1,2
146475,1,1,2,1
146477,0,2,1,3
146481,0,2,1,3
146487,1,1,2,1
146489,1,1,2,1
146491,2,6,3,5
146497,0,1,1,2
146499,0,3,1,4
146501,2,12,3,11
146509,0,4,1,5
146511,1,4,2,4
146520,1,5,2,5
146523,0,2,1,3
146530,0,1,1,2
146532,2,2,3,1
146536,0,1,1,2
146540,0,1,1,2
146544,3,9,4,7
146548,0,1,1,2
146550,0,1,1,2
146552,2,4,3,3
146554,2,2,3,1
146558,0,1,1,2
146560,1,2,2,2
146562,0,3,1,4
146564,2,4,3,3
146568,0,1,1,2
146570,1,1,2,1
146574,0,1,1,2
146578,1,2,2,2
146580,0,1,1,2
146582,1,8,2,8
146584,0,2,1,3
146586,1,2,2,2
146588,1,5,2,5
146590,0,1,1,2
146592,0,6,1,7
146595,0,2,1,3
146600,0,3,1,4
146604,21,51,22,31
146606,4,10,5,7
146608,0,1,1,2
146610,0,1,1,2
146614,0,1,1,2
146624,0,1,1,2
146630,0,2,1,3
146632,3,7,4,5
146634,0,3,1,4
146636,1,5,2,5
146638,0,2,1,3
146640,0,2,1,3
146642,19,56,20,38
146644,1,5,2,5
146648,0,3,1,4
146650,2,2,3,1
146654,4,11,5,8
146656,991,1937,992,947
146660,3,4,4,2
146662,49,98,50,50
146664,2,5,3,4
146666,4,4,5,1
146668,13,36,14,24
146670,8,31,9,24
146672,23,62,24,40
146674,13,38,14,26
146676,1,1,2,1
146678,1,6,2,6
146680,2,10,3,9
146682,28,55,29,28
146684,17,55,18,39
146686,0,1,1,2
146688,54,177,55,124
146690,0,5,1,6
146692,0,2,1,3
146694,0,1,1,2
146696,3,11,4,9
146698,0,3,1,4
146700,2,4,3,3
146702,6,21,7,16
146704,0,2,1,3
146706,0,3,1,4
146708,2,8,3,7
146710,1,6,2,6
146712,0,11,1,12
146714,0,2,1,3
146716,0,5,1,6
146718,0,5,1,6
146720,0,4,1,5
146722,0,1,1,2
146724,1,3,2,3
146726,1,2,2,2
146728,2,3,3,2
146730,3,9,4,7
146732,5,12,6,8
146734,1,4,2,4
146736,1,2,2,2
146740,0,1,1,2
146742,0,1,1,2
146748,0,1,1,2
146750,1,1,2,1
146752,0,1,1,2
146760,1,3,2,3
146762,0,2,1,3
146764,0,1,1,2
146766,0,1,1,2
146768,0,1,1,2
146770,0,1,1,2
146772,1,3,2,3
146774,0,1,1,2
146776,0,3,1,4
146780,1,1,2,1
146786,0,1,1,2
146788,0,1,1,2
146800,0,2,1,3
146802,0,1,1,2
146804,0,1,1,2
146806,1,2,2,2
146810,1,1,2,1
146812,0,1,1,2
146816,0,1,1,2
146820,0,2,1,3
146830,0,1,1,2
146832,0,1,1,2
146836,0,1,1,2
146838,0,2,1,3
146840,0,2,1,3
146842,0,1,1,2
146848,1,3,2,3
146852,0,1,1,2
146854,0,2,1,3
146856,0,2,1,3
146858,0,2,1,3
146860,0,1,1,2
146862,0,1,1,2
146864,0,1,1,2
146866,23,63,24,41
146870,10,16,11,7
146872,0,3,1,4
146874,2,10,3,9
146876,0,1,1,2
146878,15,32,16,18
146880,0,1,1,2
146882,1,3,2,3
146890,0,3,1,4
146896,1,2,2,2
146898,0,2,1,3
146900,26,93,27,68
146902,2,15,3,14
146904,11,36,12,26
146906,1,6,2,6
146908,0,3,1,4
146910,2,6,3,5
146912,1,5,2,5
146914,1,2,2,2
146916,0,1,1,2
146918,3,3,4,1
146920,0,7,1,8
146922,6,19,7,14
146924,2,5,3,4
146926,4,57,5,54
146928,6,14,7,9
146930,1,2,2,2
146932,0,3,1,4
146934,1,4,2,4
146936,0,1,1,2
146938,0,1,1,2
146940,0,1,1,2
146942,1,4,2,4
146944,3,15,4,13
146946,1,1,2,1
146948,0,2,1,3
146950,0,1,1,2
146952,0,1,1,2
146954,0,2,1,3
146958,0,1,1,2
146960,0,1,1,2
146966,0,1,1,2
146968,0,1,1,2
146970,1,3,2,3
146972,0,2,1,3
146974,0,1,1,2
146976,0,3,1,4
146978,0,3,1,4
146980,0,1,1,2
146982,2,10,3,9
146984,1,10,2,10
146986,1,7,2,7
146988,2,8,3,7
146990,1,5,2,5
146992,1,5,2,5
146996,1,3,2,3
146998,1,3,2,3
147000,0,2,1,3
147002,5,20,6,16
147004,2,9,3,8
147006,8,13,9,6
147008,8,18,9,11
147010,12,20,13,9
147012,1,3,2,3
147014,1,3,2,3
147016,10,16,11,7
147018,1,10,2,10
147022,21,76,22,56
147024,3,15,4,13
147026,4,9,5,6
147028,0,7,1,8
147030,0,3,1,4
147033,11,15,12,5
147035,3,3,4,1
147037,2,6,3,5
147039,0,2,1,3
147041,2,10,3,9
147043,1,3,2,3
147045,2,5,3,4
147047,7,16,8,10
147049,2,7,3,6
147051,7,11,8,5
147053,1,3,2,3
147055,0,2,1,3
147057,2,6,3,5
147060,1,2,2,2
147062,3,5,4,3
147064,2,3,3,2
147066,0,1,1,2
147070,3,4,4,2
147074,0,3,1,4
147076,0,1,1,2
147078,0,1,1,2
147084,0,2,1,3
147086,0,1,1,2
147088,1,2,2,2
147090,0,1,1,2
147092,0,4,1,5
147094,0,3,1,4
147100,0,6,1,7
147102,0,1,1,2
147104,2,3,3,2
147106,1,3,2,3
147108,9,17,10,9
147110,1,3,2,3
147112,1,3,2,3
147114,0,1,1,2
147116,3,5,4,3
147118,1,4,2,4
147120,1,3,2,3
147122,2,6,3,5
147124,26,29,27,4
147126,5,6,6,2
147128,1,3,2,3
147130,2,6,3,5
147132,1,3,2,3
147134,1,4,2,4
147136,1,5,2,5
147138,0,4,1,5
147140,2,5,3,4
147142,7,12,8,6
147144,10,13,11,4
147158,0,1,1,2
147164,1,1,2,1
147176,0,1,1,2
147178,1,4,2,4
147184,4,7,5,4
147186,14,29,15,16
147188,17,38,18,22
147190,1,7,2,7
147192,1,2,2,2
147194,14,27,15,14
147196,57,81,58,25
147198,8,20,9,13
147200,11,16,12,6
147202,1,5,2,5
147204,5,9,6,5
147206,7,29,8,23
147208,0,8,1,9
147210,3,14,4,12
147212,18,34,19,17
147214,1,2,2,2
147216,3,11,4,9
147218,1,3,2,3
147220,0,1,1,2
147222,0,1,1,2
147224,0,1,1,2
147226,0,1,1,2
147228,5,17,6,13
147230,15,21,16,7
147232,21,36,22,16
147234,4,12,5,9
147236,10,20,11,11
147238,8,19,9,12
147240,12,28,13,17
147242,11,21,12,11
147244,29,46,30,18
147246,29,50,30,22
147248,0,1,1,2
147250,117,147,118,31
147252,10,23,11,14
147254,1,5,2,5
147256,0,2,1,3
147258,0,1,1,2
147260,12,36,13,25
147262,8,37,9,30
147264,6,12,7,7
147266,0,2,1,3
147268,12,19,13,8
147270,1,2,2,2
147272,3,4,4,2
147274,0,2,1,3
147276,0,2,1,3
147280,1,8,2,8
147282,37,75,38,39
147284,0,1,1,2
147288,0,1,1,2
147290,47,62,48,16
147292,1,2,2,2
147294,1,3,2,3
147296,0,2,1,3
147298,0,1,1,2
147300,76,113,77,38
147302,0,1,1,2
147304,1,3,2,3
147306,10,16,11,7
147308,0,4,1,5
147310,0,1,1,2
147312,0,2,1,3
147314,0,3,1,4
147316,0,3,1,4
147318,0,1,1,2
147320,0,1,1,2
147322,4,12,5,9
147324,1,6,2,6
147326,96,131,97,36
147328,121,159,122,39
147330,125,168,126,44
147332,3,11,4,9
147334,0,1,1,2
147336,8,17,9,10
147338,0,4,1,5
147340,0,7,1,8
147342,0,3,1,4
147344,0,3,1,4
147346,0,13,1,14
147348,2,16,3,15
147350,0,1,1,2
147352,0,5,1,6
147354,1,16,2,16
147356,1,3,2,3
147358,1,2,2,2
147360,0,8,1,9
147362,2,20,3,19
147364,0,15,1,16
147366,0,1,1,2
147368,0,6,1,7
147370,2,11,3,10
147386,0,5,1,6
147388,0,3,1,4
147390,0,3,1,4
147392,0,4,1,5
147394,0,3,1,4
147396,1,6,2,6
147398,5,16,6,12
147400,3,5,4,3
147402,1,1,2,1
147404,0,6,1,7
147408,0,2,1,3
147410,49,101,50,53
147414,0,8,1,9
147418,0,2,1,3
147426,3,10,4,8
147428,4,6,5,3
147430,0,1,1,2
147432,16,25,17,10
147434,12,22,13,11
147436,1,5,2,5
147441,17,26,18,10
147448,2,5,3,4
147450,1,1,2,1
147452,5,11,6,7
147454,0,2,1,3
147456,0,2,1,3
147458,0,3,1,4
147460,0,3,1,4
147462,0,1,1,2
147464,0,2,1,3
147466,0,1,1,2
147469,0,1,1,2
147471,7,12,8,6
147475,1,1,2,1
147493,0,2,1,3
147495,0,1,1,2
147512,0,1,1,2
147517,1,2,2,2
147524,0,2,1,3
147531,1,2,2,2
147536,1,2,2,2
147542,1,1,2,1
147548,1,3,2,3
147562,1,1,2,1
147573,0,1,1,2
147578,0,1,1,2
147584,1,2,2,2
147586,0,1,1,2
147591,0,1,1,2
147597,2,10,3,9
147600,1,2,2,2
147603,6,10,7,5
147605,3,5,4,3
147607,6,15,7,10
147609,2,2,3,1
147611,1,6,2,6
147613,6,9,7,4
147615,1,1,2,1
147617,1,5,2,5
147619,0,1,1,2
147621,3,4,4,2
147624,1,2,2,2
147631,1,5,2,5
147637,1,1,2,1
147640,1,3,2,3
147642,0,1,1,2
147644,0,1,1,2
147651,0,1,1,2
147653,0,1,1,2
147657,1,7,2,7
147662,0,5,1,6
147668,0,3,1,4
147670,0,2,1,3
147674,1,1,2,1
147678,1,2,2,2
147680,2,4,3,3
147682,4,11,5,8
147692,2,11,3,10
147694,1,8,2,8
147698,0,2,1,3
147702,2,4,3,3
147714,0,1,1,2
147718,0,1,1,2
147720,0,2,1,3
147722,0,1,1,2
147726,10,34,11,25
147728,1,1,2,1
147730,0,9,1,10
147732,0,6,1,7
147734,1,1,2,1
147736,1,3,2,3
147738,5,15,6,11
147740,0,3,1,4
147742,0,1,1,2
147744,4,16,5,13
147746,1,7,2,7
147748,4,9,5,6
147750,49,91,50,43
147752,0,4,1,5
147754,0,2,1,3
147766,1,2,2,2
147768,2,2,3,1
147770,0,2,1,3
147775,2,5,3,4
147779,8,15,9,8
147781,5,14,6,10
147783,0,1,1,2
147785,0,1,1,2
147789,2,3,3,2
147817,2,4,3,3
147819,0,1,1,2
147821,0,1,1,2
147823,0,1,1,2
147825,11,15,12,5
147827,2,5,3,4
147829,2,6,3,5
147831,33,56,34,24
147833,21,28,22,8
147835,0,8,1,9
147837,0,1,1,2
147839,1,1,2,1
147841,2,2,3,1
147843,0,2,1,3
147845,3,26,4,24
147847,40,183,41,144
147855,1,5,2,5
147859,1,4,2,4
147863,1,1,2,1
147865,2,6,3,5
147869,1,1,2,1
147873,0,1,1,2
147881,0,2,1,3
147887,0,1,1,2
147889,0,4,1,5
147891,0,2,1,3
147895,11,25,12,15
147897,5,17,6,13
147899,6,15,7,10
147901,6,18,7,13
147903,1,2,2,2
147905,4,9,5,6
147907,0,1,1,2
147909,3,13,4,11
147911,17,40,18,24
147913,2,11,3,10
147915,2,7,3,6
147917,4,13,5,10
147921,4,14,5,11
147923,6,17,7,12
147927,18,32,19,15
147932,3,8,4,6
147934,2,7,3,6
147936,1,5,2,5
147938,2,5,3,4
147940,19,39,20,21
147942,18,28,19,11
147946,0,1,1,2
147964,0,1,1,2
147966,1,1,2,1
147980,0,1,1,2
147982,0,1,1,2
147986,2,7,3,6
147988,0,5,1,6
147990,0,11,1,12
147992,0,8,1,9
147994,1,5,2,5
147998,0,1,1,2
148000,0,1,1,2
148002,0,1,1,2
148004,0,1,1,2
148010,0,1,1,2
148024,0,1,1,2
148026,0,1,1,2
148030,4,10,5,7
148032,2,5,3,4
148034,2,15,3,14
148036,62,92,63,31
148038,0,1,1,2
148040,1,16,2,16
148042,0,14,1,15
148044,1,15,2,15
148046,0,10,1,11
148048,4,22,5,19
148050,1,20,2,20
148052,0,6,1,7
148054,7,18,8,12
148056,3,11,4,9
148058,26,41,27,16
148060,2,2,3,1
148062,11,20,12,10
148064,0,14,1,15
148066,1,2,2,2
148070,2,11,3,10
148074,0,6,1,7
148076,1,3,2,3
148078,0,2,1,3
148080,2,13,3,12
148082,1,6,2,6
148084,1,1,2,1
148087,2,2,3,1
148089,0,4,1,5
148091,0,4,1,5
148093,0,2,1,3
148095,16,23,17,8
148097,0,6,1,7
148101,2,6,3,5
148104,0,2,1,3
148106,5,7,6,3
148108,4,15,5,12
148110,3,11,4,9
148112,0,3,1,4
148114,2,2,3,1
148116,0,2,1,3
148118,0,1,1,2
148122,1,1,2,1
148126,1,1,2,1
148130,0,1,1,2
148134,0,1,1,2
148136,0,1,1,2
148138,1,1,2,1
148140,0,2,1,3
148142,0,1,1,2
148146,1,3,2,3
148148,1,1,2,1
148154,0,5,1,6
148158,0,1,1,2
148160,0,1,1,2
148162,0,11,1,12
148164,1,1,2,1
148166,21,60,22,40
148168,9,18,10,10
148170,2,4,3,3
148172,146,552,147,407
148176,1,4,2,4
148178,1,4,2,4
148180,1,2,2,2
148186,2,8,3,7
148188,0,2,1,3
148190,0,1,1,2
148192,0,4,1,5
148194,1,3,2,3
148196,0,2,1,3
148198,1,2,2,2
148202,0,1,1,2
148204,1,3,2,3
148206,0,7,1,8
148210,0,1,1,2
148222,1,1,2,1
148224,0,5,1,6
148228,1,5,2,5
148232,1,3,2,3
148238,28,267,29,240
148240,0,6,1,7
148242,8,20,9,13
148244,5,17,6,13
148246,0,1,1,2
148248,2,11,3,10
148250,0,1,1,2
148252,0,1,1,2
148254,1,1,2,1
148260,3,3,4,1
148262,1,1,2,1
148264,1,1,2,1
148266,1,1,2,1
148268,1,1,2,1
148270,0,1,1,2
148272,0,5,1,6
148274,1,1,2,1
148276,0,4,1,5
148278,1,1,2,1
148280,31,60,32,30
148282,0,8,1,9
148284,1,7,2,7
148286,8,35,9,28
148288,2,5,3,4
148290,1,3,2,3
148294,3,6,4,4
148298,3,3,4,1
148301,1,1,2,1
148308,1,1,2,1
148316,0,2,1,3
148320,0,1,1,2
148324,0,1,1,2
148326,1,2,2,2
148333,0,2,1,3
148335,0,1,1,2
148337,0,1,1,2
148339,0,1,1,2
148341,0,1,1,2
148344,1,2,2,2
148355,0,1,1,2
148357,1,2,2,2
148359,0,5,1,6
148361,0,2,1,3
148365,12,16,13,5
148367,21,43,22,23
148369,43,145,44,103
148372,5,24,6,20
148374,3,14,4,12
148376,6,11,7,6
148378,0,6,1,7
148380,0,1,1,2
148382,2,5,3,4
148384,2,3,3,2
148386,0,3,1,4
148388,2,13,3,12
148390,0,1,1,2
148392,0,4,1,5
148394,0,3,1,4
148396,1,6,2,6
148398,0,3,1,4
148400,1,1,2,1
148402,1,4,2,4
148404,10,15,11,6
148406,4,7,5,4
148408,0,1,1,2
148410,0,14,1,15
148412,0,1,1,2
148414,0,5,1,6
148416,0,1,1,2
148418,0,1,1,2
148420,1,6,2,6
148422,2,9,3,8
148424,18,80,19,63
148426,9,30,10,22
148428,2,6,3,5
148430,5,15,6,11
148432,2,6,3,5
148434,2,11,3,10
148438,4,6,5,3
148440,10,31,11,22
148442,4,16,5,13
148444,0,3,1,4
148446,1,5,2,5
148448,3,11,4,9
148450,0,1,1,2
148452,0,4,1,5
148454,2,4,3,3
148456,1,2,2,2
148458,3,5,4,3
148460,4,8,5,5
148462,0,9,1,10
148464,2,2,3,1
148466,9,24,10,16
148468,10,22,11,13
148470,7,17,8,11
148472,3,14,4,12
148474,10,17,11,8
148476,5,7,6,3
148478,5,12,6,8
148480,3,18,4,16
148482,30,90,31,61
148484,2,6,3,5
148486,2,17,3,16
148488,0,1,1,2
148490,1,2,2,2
148512,0,2,1,3
148526,0,2,1,3
148540,0,2,1,3
148548,0,1,1,2
148550,1,3,2,3
148556,0,1,1,2
148560,0,3,1,4
148562,0,1,1,2
148584,0,1,1,2
148586,0,1,1,2
148590,0,1,1,2
148592,0,7,1,8
148598,0,1,1,2
148602,0,1,1,2
148606,0,1,1,2
148612,0,5,1,6
148614,0,2,1,3
148616,0,1,1,2
148618,0,2,1,3
148620,8,19,9,12
148622,0,3,1,4
148624,2,7,3,6
148626,5228,7380,5229,2153
148628,1,8,2,8
148630,0,6,1,7
148632,3,10,4,8
148634,2,28,3,27
148636,2,3,3,2
148638,1,4,2,4
148640,3,9,4,7
148642,4,5,5,2
148644,1,5,2,5
148646,0,2,1,3
148650,0,2,1,3
148652,36,295,37,260
148654,0,1,1,2
148657,0,1,1,2
148659,1,3,2,3
148661,1,3,2,3
148663,2,2,3,1
148665,5,21,6,17
148667,210,297,211,88
148669,0,2,1,3
148671,500,826,501,327
148673,4,11,5,8
148675,4,15,5,12
148677,3,7,4,5
148679,6,23,7,18
148681,1,2,2,2
148683,6,42,7,37
148685,10,31,11,22
148687,5,9,6,5
148689,7,25,8,19
148691,0,1,1,2
148693,7,15,8,9
148695,2,4,3,3
148697,1,13,2,13
148699,4,8,5,5
148701,7,20,8,14
148703,0,8,1,9
148705,0,5,1,6
148707,1,2,2,2
148709,3,14,4,12
148711,2,10,3,9
148713,0,1,1,2
148715,0,1,1,2
148717,0,2,1,3
148719,1,5,2,5
148721,0,2,1,3
148725,0,2,1,3
148727,10,42,11,33
148729,1,2,2,2
148731,0,1,1,2
148735,2,6,3,5
148737,0,2,1,3
148739,0,1,1,2
148741,1,1,2,1
148749,0,1,1,2
148751,0,3,1,4
148753,1,3,2,3
148755,0,1,1,2
148761,2,5,3,4
148763,2,2,3,1
148765,0,2,1,3
148767,0,2,1,3
148769,1,4,2,4
148771,0,2,1,3
148773,1,5,2,5
148775,36,101,37,66
148777,0,1,1,2
148779,0,8,1,9
148781,1,4,2,4
148783,0,1,1,2
148785,0,1,1,2
148789,12,22,13,11
148791,2,5,3,4
148793,0,3,1,4
148795,0,3,1,4
148797,2,4,3,3
148799,1,2,2,2
148801,0,3,1,4
148803,1,8,2,8
148805,0,2,1,3
148807,3,5,4,3
148809,0,1,1,2
148811,4,9,5,6
148814,0,1,1,2
148816,0,2,1,3
148818,0,6,1,7
148820,0,11,1,12
148824,0,2,1,3
148826,0,1,1,2
148828,0,1,1,2
148830,2,5,3,4
148836,5,6,6,2
148838,12,22,13,11
148842,2,3,3,2
148844,1,8,2,8
148846,0,2,1,3
148848,2,4,3,3
148850,4,13,5,10
148853,5,10,6,6
148855,24,61,25,38
148857,7,13,8,7
148859,6,12,7,7
148861,1,2,2,2
148863,0,3,1,4
148865,3,9,4,7
148867,3,46,4,44
148869,0,1,1,2
148871,1,1,2,1
148875,1,1,2,1
148877,0,5,1,6
148879,0,2,1,3
148881,276,382,277,107
148884,3,6,4,4
148886,1,4,2,4
148888,59,540,60,482
148890,1,4,2,4
148892,1,4,2,4
148894,0,1,1,2
148898,0,2,1,3
148902,1,3,2,3
148904,3,5,4,3
148906,1,2,2,2
148909,2,3,3,2
148911,0,3,1,4
148913,0,1,1,2
148915,1,7,2,7
148917,1,2,2,2
148919,1,5,2,5
148921,6,22,7,17
148923,3,4,4,2
148926,1,8,2,8
148928,2,7,3,6
148930,0,3,1,4
148932,3,11,4,9
148934,0,2,1,3
148936,0,1,1,2
148938,2,7,3,6
148940,3,12,4,10
148942,1,4,2,4
148944,0,1,1,2
148946,2,15,3,14
148948,0,2,1,3
148950,0,2,1,3
148952,1,16,2,16
148954,9,15,10,7
148956,134,462,135,329
148958,0,2,1,3
148960,1,5,2,5
148962,0,2,1,3
148964,5,22,6,18
148966,4,6,5,3
148968,1,10,2,10
148970,3,17,4,15
148972,0,8,1,9
148974,2,7,3,6
148976,4,21,5,18
148978,13,24,14,12
148980,13,44,14,32
148982,1,4,2,4
148984,20,43,21,24
148986,1,2,2,2
148988,1,7,2,7
149001,0,3,1,4
149004,0,5,1,6
149009,1,1,2,1
149011,56,158,57,103
149020,0,1,1,2
149026,1,3,2,3
149028,1,1,2,1
149030,0,5,1,6
149032,0,1,1,2
149034,1,5,2,5
149038,0,1,1,2
149041,0,2,1,3
149043,0,3,1,4
149045,0,1,1,2
149047,0,2,1,3
149068,0,2,1,3
149070,0,3,1,4
149072,0,3,1,4
149075,0,3,1,4
149077,0,4,1,5
149080,0,1,1,2
149082,1,8,2,8
149084,3,12,4,10
149086,1,3,2,3
149088,5,8,6,4
149090,5,16,6,12
149092,0,3,1,4
149096,2,12,3,11
149100,1,1,2,1
149102,0,1,1,2
149104,0,2,1,3
149106,2,7,3,6
149108,0,3,1,4
149110,1,13,2,13
149112,1,11,2,11
149114,0,2,1,3
149116,2,6,3,5
149118,1,1,2,1
149120,1,3,2,3
149122,1,1,2,1
149124,0,4,1,5
149128,1,2,2,2
149130,6,17,7,12
149132,1,5,2,5
149134,0,2,1,3
149136,0,1,1,2
149138,0,1,1,2
149144,6,15,7,10
149146,5,11,6,7
149148,0,2,1,3
149150,0,1,1,2
149152,1,1,2,1
149154,0,5,1,6
149156,0,5,1,6
149158,0,9,1,10
149160,1,10,2,10
149162,1,11,2,11
149164,0,9,1,10
149166,0,8,1,9
149168,1,9,2,9
149170,0,1,1,2
149172,0,4,1,5
149174,0,7,1,8
149176,1,10,2,10
149178,1,9,2,9
149180,0,8,1,9
149182,0,2,1,3
149184,1,3,2,3
149186,6,63,7,58
149188,0,1,1,2
149210,1,1,2,1
149218,2,3,3,2
149234,1,2,2,2
149240,3,5,4,3
149242,1,2,2,2
149246,2,2,3,1
149248,0,1,1,2
149260,1,3,2,3
149262,0,1,1,2
149264,0,1,1,2
149268,1,1,2,1
149272,0,1,1,2
149278,0,1,1,2
149288,0,1,1,2
149292,0,4,1,5
149294,0,1,1,2
149296,1,5,2,5
149300,1,3,2,3
149302,0,1,1,2
149306,5,7,6,3
149308,3,5,4,3
149310,0,3,1,4
149314,1,1,2,1
149316,2,2,3,1
149318,6,10,7,5
149320,4,8,5,5
149322,1,5,2,5
149324,5,11,6,7
149326,0,3,1,4
149328,2,4,3,3
149330,1,4,2,4
149332,2,5,3,4
149334,1012,1716,1013,705
149336,0,1,1,2
149338,3,8,4,6
149340,0,4,1,5
149342,1,3,2,3
149344,4,8,5,5
149346,5,7,6,3
149348,0,6,1,7
149350,3,11,4,9
149352,210,689,211,480
149354,118,539,119,422
149356,0,1,1,2
149358,0,1,1,2
149360,1,4,2,4
149362,0,1,1,2
149364,3,10,4,8
149366,2,8,3,7
149368,5,19,6,15
149370,3,13,4,11
149372,2,11,3,10
149374,2,3,3,2
149376,3,10,4,8
149378,3,5,4,3
149380,3,11,4,9
149382,6,16,7,11
149384,3,9,4,7
149386,3,11,4,9
149388,3,8,4,6
149390,2,9,3,8
149392,3,9,4,7
149394,7,18,8,12
149396,1,3,2,3
149398,5,6,6,2
149400,1,6,2,6
149402,0,6,1,7
149404,1,2,2,2
149406,763,1665,764,903
149408,0,4,1,5
149410,2,6,3,5
149412,13,18,14,6
149416,0,2,1,3
149418,12,21,13,10
149420,1,1,2,1
149424,1,1,2,1
149426,1,5,2,5
149428,1,4,2,4
149430,0,2,1,3
149432,0,3,1,4
149434,1,1,2,1
149438,0,3,1,4
149440,2,3,3,2
149442,2,5,3,4
149444,1,4,2,4
149446,0,1,1,2
149448,0,1,1,2
149450,2,5,3,4
149452,0,1,1,2
149454,1,1,2,1
149456,1,4,2,4
149458,1,3,2,3
149460,0,1,1,2
149464,0,1,1,2
149468,0,1,1,2
149470,0,1,1,2
149472,1,4,2,4
149476,0,2,1,3
149478,1,5,2,5
149482,0,2,1,3
149484,4,4,5,1
149486,0,2,1,3
149488,0,5,1,6
149490,0,2,1,3
149494,1,1,2,1
149496,0,2,1,3
149498,1,7,2,7
149500,3,6,4,4
149502,1,2,2,2
149504,0,3,1,4
149506,3,6,4,4
149508,5,19,6,15
149510,0,1,1,2
149514,3,5,4,3
149516,2,6,3,5
149518,0,3,1,4
149520,3,6,4,4
149522,1,11,2,11
149524,0,4,1,5
149526,1,2,2,2
149530,1,6,2,6
149532,17,38,18,22
149534,4,7,5,4
149536,3,4,4,2
149540,1,2,2,2
149542,0,2,1,3
149546,3,9,4,7
149548,1,2,2,2
149550,1,3,2,3
149552,27,58,28,32
149554,1,4,2,4
149556,0,2,1,3
149558,1,1,2,1
149560,2,9,3,8
149562,1,3,2,3
149564,2,4,3,3
149566,4,11,5,8
149568,3,7,4,5
149570,4,11,5,8
149572,7,22,8,16
149574,3,10,4,8
149576,1,1,2,1
149578,3,4,4,2
149580,4,9,5,6
149582,0,3,1,4
149584,4,7,5,4
149586,1,4,2,4
149588,1,6,2,6
149590,10,35,11,26
149594,2,4,3,3
149598,1,2,2,2
149600,0,1,1,2
149602,0,2,1,3
149606,19,42,20,24
149608,0,1,1,2
149610,0,1,1,2
149612,1,4,2,4
149614,6,15,7,10
149616,4,6,5,3
149618,0,8,1,9
149620,1,4,2,4
149626,1,8,2,8
149630,0,1,1,2
149632,0,2,1,3
149634,0,1,1,2
149636,0,3,1,4
149638,2,5,3,4
149640,1,4,2,4
149642,0,4,1,5
149644,5,6,6,2
149646,0,2,1,3
149648,0,2,1,3
149650,32,82,33,51
149652,10,13,11,4
149654,0,1,1,2
149656,0,1,1,2
149658,17,35,18,19
149660,0,1,1,2
149662,3,9,4,7
149664,0,3,1,4
149666,0,5,1,6
149668,2,4,3,3
149670,13,32,14,20
149672,1,2,2,2
149674,1,1,2,1
149676,0,8,1,9
149678,1,2,2,2
149681,0,2,1,3
149683,0,1,1,2
149686,4,15,5,12
149688,7,12,8,6
149690,1,1,2,1
149692,5,8,6,4
149694,3,6,4,4
149696,0,2,1,3
149698,3,11,4,9
149700,1,3,2,3
149702,0,3,1,4
149704,1,9,2,9
149706,0,3,1,4
149709,2,9,3,8
149711,4,10,5,7
149713,1,6,2,6
149715,0,2,1,3
149717,2,3,3,2
149719,1,7,2,7
149721,0,4,1,5
149723,24,49,25,26
149725,0,1,1,2
149727,2,2,3,1
149729,1,2,2,2
149731,1,7,2,7
149733,1,2,2,2
149735,0,4,1,5
149737,0,1,1,2
149739,2,7,3,6
149741,1,2,2,2
149745,1,2,2,2
149747,4,7,5,4
149749,0,2,1,3
149753,1,6,2,6
149755,3,6,4,4
149759,1,11,2,11
149761,2,11,3,10
149764,1,3,2,3
149766,2,5,3,4
149768,0,2,1,3
149770,0,4,1,5
149772,0,3,1,4
149774,0,1,1,2
149776,0,3,1,4
149778,0,2,1,3
149780,1,1,2,1
149782,0,5,1,6
149784,1,1,2,1
149786,2,5,3,4
149788,0,3,1,4
149790,1,6,2,6
149792,0,1,1,2
149794,1,4,2,4
149796,3,10,4,8
149798,0,1,1,2
149800,1,4,2,4
149802,1,3,2,3
149804,1,5,2,5
149806,1,1,2,1
149808,4,7,5,4
149810,1,5,2,5
149814,0,3,1,4
149816,0,1,1,2
149818,0,2,1,3
149820,0,1,1,2
149822,13,19,14,7
149824,0,1,1,2
149826,2,5,3,4
149828,2,5,3,4
149830,68,302,69,235
149832,0,1,1,2
149834,3,4,4,2
149836,2,2,3,1
149840,1,3,2,3
149842,1,2,2,2
149850,1,1,2,1
149854,1,6,2,6
149856,0,2,1,3
149858,2,5,3,4
149860,0,4,1,5
149864,0,2,1,3
149866,1,3,2,3
149868,1,3,2,3
149875,3,3,4,1
149877,0,2,1,3
149879,1,1,2,1
149883,1,1,2,1
149888,0,10,1,11
149890,0,1,1,2
149894,0,1,1,2
149898,0,2,1,3
149900,0,2,1,3
149902,2,4,3,3
149910,1,2,2,2
149913,0,2,1,3
149917,0,1,1,2
149919,0,1,1,2
149925,0,3,1,4
149927,0,1,1,2
149929,1,1,2,1
149936,2,3,3,2
149938,0,2,1,3
149946,1,8,2,8
149948,0,3,1,4
149950,0,2,1,3
149965,0,2,1,3
149967,0,3,1,4
149971,1,2,2,2
149978,0,3,1,4
149980,0,2,1,3
149982,1,2,2,2
149984,0,1,1,2
149986,2,4,3,3
149988,1,4,2,4
149990,0,1,1,2
149992,4,8,5,5
149994,0,1,1,2
149996,0,11,1,12
149998,0,2,1,3
150000,0,1,1,2
150002,1,4,2,4
150004,0,1,1,2
150006,1,4,2,4
150008,0,2,1,3
150010,1,4,2,4
150012,1,6,2,6
150014,0,4,1,5
150016,0,4,1,5
150018,0,3,1,4
150020,0,1,1,2
150022,1,3,2,3
150024,0,2,1,3
150026,0,1,1,2
150028,1,3,2,3
150030,0,2,1,3
150032,1,3,2,3
150034,1,6,2,6
150036,0,1,1,2
150038,0,2,1,3
150040,0,2,1,3
150042,0,3,1,4
150044,0,1,1,2
150046,0,2,1,3
150048,0,4,1,5
150050,1,2,2,2
150052,0,2,1,3
150054,1,4,2,4
150056,0,1,1,2
150058,0,1,1,2
150060,0,4,1,5
150062,0,1,1,2
150064,0,1,1,2
150066,1,2,2,2
150068,0,1,1,2
150070,0,2,1,3
150072,0,4,1,5
150074,0,2,1,3
150076,0,4,1,5
150078,0,2,1,3
150080,0,1,1,2
150082,0,1,1,2
150084,0,2,1,3
150088,0,1,1,2
150090,0,2,1,3
150092,5,9,6,5
150096,0,1,1,2
150104,0,1,1,2
150116,0,2,1,3
150118,0,1,1,2
150122,0,3,1,4
150126,0,2,1,3
150132,0,1,1,2
150136,1,2,2,2
150138,1,3,2,3
150140,4,9,5,6
150142,1,1,2,1
150144,1,1,2,1
150146,0,2,1,3
150148,0,1,1,2
150150,0,1,1,2
150152,0,3,1,4
150154,1,2,2,2
150156,0,3,1,4
150162,0,1,1,2
150164,0,1,1,2
150166,0,1,1,2
150178,0,1,1,2
150190,0,2,1,3
150194,15,47,16,33
150196,0,2,1,3
150198,0,1,1,2
150202,0,2,1,3
150204,0,1,1,2
150206,0,1,1,2
150210,0,3,1,4
150212,0,1,1,2
150218,1,2,2,2
150224,0,1,1,2
150226,1,1,2,1
150228,5,8,6,4
150230,1,19,2,19
150232,3,9,4,7
150234,10,25,11,16
150236,7,19,8,13
150238,0,3,1,4
150240,4,11,5,8
150242,0,3,1,4
150244,4,11,5,8
150246,1,2,2,2
150248,4,9,5,6
150250,0,2,1,3
150252,5,7,6,3
150254,30,109,31,80
150256,0,1,1,2
150258,12,79,13,68
150260,5,10,6,6
150262,23,69,24,47
150264,2,3,3,2
150266,3,5,4,3
150268,5,26,6,22
150270,6,22,7,17
150272,2,20,3,19
150274,1,6,2,6
150276,0,6,1,7
150278,5,27,6,23
150280,0,4,1,5
150282,2,6,3,5
150284,1,6,2,6
150286,1,10,2,10
150292,1,4,2,4
150294,20,163,21,144
150296,5,17,6,13
150298,3,5,4,3
150300,2,6,3,5
150302,0,2,1,3
150304,0,1,1,2
150306,0,1,1,2
150308,0,1,1,2
150312,5,14,6,10
150316,1,9,2,9
150318,0,2,1,3
150320,0,12,1,13
150322,12,22,13,11
150324,4,39,5,36
150334,2,19,3,18
150336,0,1,1,2
150338,0,2,1,3
150340,4,11,5,8
150342,14,27,15,14
150344,5,18,6,14
150346,2,4,3,3
150348,0,9,1,10
150350,1,5,2,5
150352,3,7,4,5
150354,3,11,4,9
150356,1,4,2,4
150358,1,2,2,2
150360,0,4,1,5
150364,4,11,5,8
150367,2,5,3,4
150369,0,1,1,2
150371,0,3,1,4
150373,3,6,4,4
150375,2,5,3,4
150377,4,7,5,4
150379,1,7,2,7
150381,1,5,2,5
150383,0,2,1,3
150385,0,1,1,2
150387,3,11,4,9
150389,0,1,1,2
150391,1,2,2,2
150393,1,2,2,2
150395,2,10,3,9
150397,0,1,1,2
150399,0,4,1,5
150401,6,18,7,13
150407,0,2,1,3
150413,0,1,1,2
150417,0,2,1,3
150419,0,1,1,2
150421,1,2,2,2
150425,0,2,1,3
150433,1,2,2,2
150441,0,5,1,6
150443,1,6,2,6
150445,0,1,1,2
150457,0,1,1,2
150459,1,4,2,4
150465,0,1,1,2
150473,0,3,1,4
150477,0,2,1,3
150479,0,2,1,3
150483,0,1,1,2
150523,2,7,3,6
150534,7,11,8,5
150536,2,5,3,4
150538,1,17,2,17
150540,1,6,2,6
150542,0,1,1,2
150544,0,10,1,11
150546,0,2,1,3
150550,0,2,1,3
150552,5,19,6,15
150554,4,4,5,1
150556,1,3,2,3
150558,1,2,2,2
150560,0,7,1,8
150562,0,1,1,2
150564,0,1,1,2
150566,1,3,2,3
150568,2,6,3,5
150570,2,8,3,7
150572,0,1,1,2
150580,0,2,1,3
150582,0,1,1,2
150584,1,3,2,3
150586,1,1,2,1
150588,0,1,1,2
150590,1,2,2,2
150592,2,4,3,3
150594,0,2,1,3
150598,0,3,1,4
150600,2,6,3,5
150602,9,43,10,35
150604,10,69,11,60
150606,2,7,3,6
150608,2,9,3,8
150610,0,1,1,2
150612,1,1,2,1
150615,1,2,2,2
150617,1,4,2,4
150619,3,4,4,2
150621,4,8,5,5
150623,1,1,2,1
150629,1,2,2,2
150631,1,3,2,3
150633,0,2,1,3
150635,1,1,2,1
150637,2,3,3,2
150645,0,1,1,2
150649,0,1,1,2
150651,0,1,1,2
150653,1,2,2,2
150655,1,9,2,9
150657,7,21,8,15
150659,2,3,3,2
150661,0,1,1,2
150663,1,4,2,4
150665,1,3,2,3
150667,0,1,1,2
150669,0,2,1,3
150671,0,2,1,3
150680,1,1,2,1
150682,1,2,2,2
150684,0,6,1,7
150686,0,1,1,2
150688,5,14,6,10
150694,13,42,14,30
150696,12,16,13,5
150698,1,1,2,1
150700,0,4,1,5
150704,0,2,1,3
150708,1,1,2,1
150710,0,1,1,2
150716,1,4,2,4
150718,2,3,3,2
150722,2,4,3,3
150724,1,6,2,6
150726,3,7,4,5
150728,0,2,1,3
150730,5,12,6,8
150732,0,4,1,5
150734,0,1,1,2
150736,1,2,2,2
150738,0,1,1,2
150742,1,4,2,4
150744,0,2,1,3
150748,0,2,1,3
150750,0,1,1,2
150756,0,1,1,2
150760,1,2,2,2
150762,0,1,1,2
150766,1,1,2,1
150768,4,8,5,5
150772,3,13,4,11
150774,4,15,5,12
150776,10,42,11,33
150778,5,10,6,6
150780,2,2,3,1
150782,0,2,1,3
150784,0,1,1,2
150786,1,12,2,12
150788,2,4,3,3
150790,2,7,3,6
150792,1,2,2,2
150794,0,2,1,3
150796,0,1,1,2
150798,0,3,1,4
150800,0,3,1,4
150802,0,1,1,2
150808,0,1,1,2
150810,0,1,1,2
150818,0,1,1,2
150820,0,1,1,2
150836,0,1,1,2
150838,1,3,2,3
150840,1,3,2,3
150842,1,6,2,6
150844,1,2,2,2
150846,0,2,1,3
150848,2,21,3,20
150850,1,7,2,7
150852,1,8,2,8
150854,2,3,3,2
150858,0,2,1,3
150860,1,2,2,2
150862,1,1,2,1
150864,1,5,2,5
150866,2,3,3,2
150868,0,1,1,2
150870,0,12,1,13
150872,2,3,3,2
150874,1,2,2,2
150876,3,9,4,7
150878,1,2,2,2
150880,0,3,1,4
150882,1,2,2,2
150884,0,5,1,6
150886,0,3,1,4
150888,0,1,1,2
150890,1,3,2,3
150892,5,12,6,8
150894,12,27,13,16
150896,1,13,2,13
150898,1,2,2,2
150900,13,17,14,5
150902,0,2,1,3
150904,0,1,1,2
150906,0,5,1,6
150908,0,1,1,2
150910,5,15,6,11
150914,0,1,1,2
150916,2,4,3,3
150918,0,1,1,2
150922,0,4,1,5
150931,8,18,9,11
150933,0,1,1,2
150939,0,3,1,4
150941,0,1,1,2
150950,0,1,1,2
150952,2,3,3,2
150954,6,11,7,6
150956,2,5,3,4
150962,0,1,1,2
150964,1,6,2,6
150976,1,3,2,3
150986,0,2,1,3
150988,0,2,1,3
150993,5,22,6,18
150995,5,19,6,15
151001,0,1,1,2
151011,0,1,1,2
151021,0,1,1,2
151023,0,1,1,2
151027,6,9,7,4
151030,2,6,3,5
151032,0,3,1,4
151036,0,1,1,2
151038,0,2,1,3
151040,1,4,2,4
151044,1,3,2,3
151046,3,3,4,1
151050,1,1,2,1
151052,0,1,1,2
151054,2,4,3,3
151060,1,1,2,1
151062,1,6,2,6
151068,0,1,1,2
151070,0,1,1,2
151074,0,1,1,2
151076,0,1,1,2
151078,2,8,3,7
151080,0,1,1,2
151084,0,3,1,4
151091,1,1,2,1
151094,3,8,4,6
151099,1,1,2,1
151105,0,4,1,5
151107,1,2,2,2
151113,233,340,234,108
151117,0,1,1,2
151123,0,1,1,2
151137,0,1,1,2
151139,0,1,1,2
151145,0,1,1,2
151149,0,1,1,2
151151,1,2,2,2
151189,3,4,4,2
151191,1,3,2,3
151193,1,7,2,7
151195,0,1,1,2
151197,1,3,2,3
151199,18,50,19,33
151202,0,1,1,2
151208,0,1,1,2
151210,1,7,2,7
151214,0,6,1,7
151216,0,2,1,3
151222,0,4,1,5
151224,2,6,3,5
151226,0,9,1,10
151228,0,4,1,5
151230,0,5,1,6
151271,0,1,1,2
151273,1,1,2,1
151275,1,1,2,1
151277,4,5,5,2
151279,2,6,3,5
151281,1,3,2,3
151305,0,1,1,2
151307,1,9,2,9
151309,8,24,9,17
151311,14,68,15,55
151313,2,38,3,37
151315,90,231,91,142
151317,23,111,24,89
151319,1,5,2,5
151321,2,3,3,2
151325,0,2,1,3
151327,0,2,1,3
151335,0,1,1,2
151337,0,1,1,2
151341,0,1,1,2
151343,3,7,4,5
151345,61,154,62,94
151347,0,1,1,2
151349,2,7,3,6
151351,0,1,1,2
151353,0,1,1,2
151355,3,7,4,5
151357,9,18,10,10
151359,0,2,1,3
151361,0,1,1,2
151363,0,1,1,2
151365,0,2,1,3
151367,1,1,2,1
151369,2,4,3,3
151371,2,5,3,4
151373,1,1,2,1
151377,1,2,2,2
151379,0,1,1,2
151382,1,1,2,1
151384,3,5,4,3
151404,1,2,2,2
151410,2,3,3,2
151412,1,4,2,4
151414,4,10,5,7
151416,0,4,1,5
151418,0,2,1,3
151420,1,2,2,2
151426,0,2,1,3
151431,2,6,3,5
151433,0,9,1,10
151437,1,3,2,3
151439,0,2,1,3
151441,8,10,9,3
151443,1,2,2,2
151445,0,1,1,2
151447,0,1,1,2
151449,0,4,1,5
151451,2,9,3,8
151453,0,3,1,4
151455,252,541,253,290
151457,0,1,1,2
151459,28,60,29,33
151461,3,13,4,11
151463,1,2,2,2
151465,1,2,2,2
151467,1,3,2,3
151469,0,1,1,2
151471,1,2,2,2
151473,0,1,1,2
151479,2,4,3,3
151483,14,24,15,11
151485,0,3,1,4
151487,1,4,2,4
151489,1,6,2,6
151491,0,2,1,3
151493,0,4,1,5
151495,0,1,1,2
151497,0,1,1,2
151499,1,2,2,2
151501,3,49,4,47
151503,1,4,2,4
151505,1,3,2,3
151507,6,44,7,39
151509,0,1,1,2
151513,3,11,4,9
151515,19,36,20,18
151517,1,1,2,1
151519,1,1,2,1
151521,1,2,2,2
151523,1,2,2,2
151525,0,1,1,2
151527,0,3,1,4
151537,0,4,1,5
151543,2,3,3,2
151545,0,2,1,3
151547,3,6,4,4
151549,1,6,2,6
151551,0,2,1,3
151555,0,1,1,2
151557,4,17,5,14
151559,2,10,3,9
151561,2,7,3,6
151563,3,6,4,4
151565,1,11,2,11
151567,0,1,1,2
151569,1,1,2,1
151571,0,1,1,2
151573,12,35,13,24
151575,1,2,2,2
151577,2,16,3,15
151579,0,1,1,2
151581,0,1,1,2
151583,4,9,5,6
151585,11,18,12,8
151587,12,20,13,9
151589,2,4,3,3
151591,0,8,1,9
151593,7,48,8,42
151595,2,8,3,7
151597,18,37,19,20
151599,1,4,2,4
151601,5,8,6,4
151603,0,8,1,9
151605,53,155,54,103
151607,0,2,1,3
151609,1,8,2,8
151611,3,9,4,7
151613,2,8,3,7
151615,1,2,2,2
151617,0,1,1,2
151619,2,3,3,2
151621,2,5,3,4
151623,2,4,3,3
151625,1,1,2,1
151627,0,3,1,4
151629,2,5,3,4
151631,9,13,10,5
151633,3,7,4,5
151635,0,3,1,4
151637,0,8,1,9
151639,102,381,103,280
151641,2,9,3,8
151643,0,5,1,6
151645,4,47,5,44
151647,8,15,9,8
151649,1,4,2,4
151651,2,3,3,2
151653,1,6,2,6
151655,0,5,1,6
151657,2,5,3,4
151659,0,2,1,3
151661,0,6,1,7
151663,2,4,3,3
151667,0,1,1,2
151669,1,2,2,2
151671,3,16,4,14
151673,0,2,1,3
151675,7,62,8,56
151677,0,2,1,3
151679,0,2,1,3
151681,8,11,9,4
151683,2,2,3,1
151685,1,4,2,4
151687,26,79,27,54
151689,0,2,1,3
151691,0,1,1,2
151693,15,42,16,28
151695,52,122,53,71
151697,2,6,3,5
151701,1,1,2,1
151703,15,32,16,18
151707,24,48,25,25
151709,0,1,1,2
151711,4,5,5,2
151715,3,8,4,6
151717,17,37,18,21
151719,1,6,2,6
151721,1,2,2,2
151723,2,9,3,8
151725,4,6,5,3
151727,1,4,2,4
151729,3,4,4,2
151731,25,71,26,47
151733,12,16,13,5
151735,4,60,5,57
151737,0,2,1,3
151739,155,554,156,400
151741,0,3,1,4
151743,0,5,1,6
151745,0,21,1,22
151749,1,3,2,3
151753,0,4,1,5
151755,3,8,4,6
151757,1,1,2,1
151759,149,226,150,78
151761,0,2,1,3
151763,56,87,57,32
151765,33,51,34,19
151767,7,16,8,10
151769,74,107,75,34
151771,1,7,2,7
151773,6,14,7,9
151775,1,2,2,2
151777,77,231,78,155
151781,64,108,65,45
151783,1,3,2,3
151785,1,1,2,1
151787,0,1,1,2
151789,0,23,1,24
151791,2,5,3,4
151793,2,2,3,1
151795,3,7,4,5
151797,1,6,2,6
151799,0,6,1,7
151802,3,7,4,5
151804,0,3,1,4
151806,0,2,1,3
151808,0,1,1,2
151810,8,13,9,6
151813,1,2,2,2
151815,0,1,1,2
151819,1,2,2,2
151827,0,1,1,2
151829,0,2,1,3
151831,0,2,1,3
151833,0,1,1,2
151837,1,1,2,1
151839,0,2,1,3
151845,1,1,2,1
151847,0,1,1,2
151849,0,2,1,3
151851,0,3,1,4
151854,1,1,2,1
151861,0,1,1,2
151879,0,6,1,7
151881,2,3,3,2
151885,0,2,1,3
151890,0,2,1,3
151892,0,1,1,2
151898,0,4,1,5
151900,3,18,4,16
151903,0,4,1,5
151905,5,12,6,8
151907,1,1,2,1
151909,1,2,2,2
151911,9,24,10,16
151913,0,24,1,25
151915,5,6,6,2
151917,0,1,1,2
151919,0,1,1,2
151921,0,2,1,3
151923,0,2,1,3
151925,0,1,1,2
151927,12,30,13,19
151929,0,1,1,2
151931,1,1,2,1
151933,29,76,30,48
151935,0,1,1,2
151941,5,14,6,10
151945,0,1,1,2
151947,0,2,1,3
151949,0,1,1,2
151951,23,41,24,19
151953,3,7,4,5
151955,0,1,1,2
151957,1,3,2,3
151961,0,4,1,5
151963,2,11,3,10
151965,0,7,1,8
151967,0,4,1,5
151969,2,11,3,10
151971,1,6,2,6
151973,0,5,1,6
151975,0,4,1,5
151977,1,8,2,8
151979,1,4,2,4
151981,1,5,2,5
151983,0,1,1,2
151985,0,3,1,4
151987,0,7,1,8
151989,1,1,2,1
151991,0,2,1,3
151993,0,3,1,4
151997,7,13,8,7
151999,0,1,1,2
152001,4,7,5,4
152003,1,3,2,3
152005,0,1,1,2
152007,0,1,1,2
152009,3,6,4,4
152011,6,18,7,13
152013,0,1,1,2
152015,1,5,2,5
152017,554,1092,555,539
152019,8,19,9,12
152021,0,1,1,2
152023,1,4,2,4
152025,13,28,14,16
152027,2,7,3,6
152029,8,16,9,9
152031,2,24,3,23
152033,0,2,1,3
152035,2,4,3,3
152037,30,88,31,59
152039,2,3,3,2
152041,4,7,5,4
152043,6,8,7,3
152045,1,9,2,9
152047,1,7,2,7
152049,0,2,1,3
152051,0,6,1,7
152053,4,12,5,9
152055,2,46,3,45
152057,13,60,14,48
152059,29,126,30,98
152061,51,254,52,204
152063,108,572,109,465
152065,87,138,88,52
152067,15,32,16,18
152069,0,2,1,3
152071,54,124,55,71
152073,2,3,3,2
152075,1,2,2,2
152077,1973,3660,1974,1688
152079,228,871,229,644
152081,5551,8688,5552,3138
152083,138,461,139,324
152085,8,31,9,24
152087,4,9,5,6
152089,4,14,5,11
152091,117,482,118,366
152093,1,2,2,2
152095,0,2,1,3
152097,1,3,2,3
152099,5,17,6,13
152101,0,1,1,2
152103,2,10,3,9
152105,3,9,4,7
152107,2,10,3,9
152109,2,9,3,8
152115,2,10,3,9
152117,2,4,3,3
152119,5,13,6,9
152121,4,10,5,7
152123,17,38,18,22
152125,4,10,5,7
152127,0,1,1,2
152129,1,3,2,3
152131,11,19,12,9
152133,1,4,2,4
152135,1,2,2,2
152137,2,4,3,3
152139,0,2,1,3
152141,1,5,2,5
152143,5,14,6,10
152145,2,2,3,1
152147,1,2,2,2
152149,0,3,1,4
152151,2,11,3,10
152153,2,6,3,5
152157,1,1,2,1
152163,21,56,22,36
152165,2,13,3,12
152167,0,1,1,2
152169,0,2,1,3
152171,6,26,7,21
152175,2,8,3,7
152177,2,5,3,4
152179,1,4,2,4
152181,1,4,2,4
152183,3,12,4,10
152185,7,11,8,5
152187,0,3,1,4
152189,5,10,6,6
152192,3,6,4,4
152194,1,5,2,5
152198,4,28,5,25
152200,0,3,1,4
152202,0,2,1,3
152208,6,10,7,5
152210,0,2,1,3
152212,1,3,2,3
152214,3,6,4,4
152216,0,1,1,2
152218,0,2,1,3
152220,1,3,2,3
152222,1,1,2,1
152224,0,1,1,2
152226,2,2,3,1
152228,8,36,9,29
152230,1,4,2,4
152232,1,9,2,9
152234,1,1,2,1
152236,1,2,2,2
152238,9,18,10,10
152240,1,1,2,1
152242,5,16,6,12
152244,0,2,1,3
152246,0,1,1,2
152248,7,10,8,4
152250,1,7,2,7
152252,0,1,1,2
152254,10,19,11,10
152256,0,6,1,7
152258,5,10,6,6
152262,2,8,3,7
152264,2,6,3,5
152266,0,4,1,5
152268,0,2,1,3
152270,2,7,3,6
152272,1,8,2,8
152274,1,1,2,1
152278,2,2,3,1
152280,3,22,4,20
152282,1,2,2,2
152284,43,73,44,31
152286,2,7,3,6
152288,1,4,2,4
152290,31,54,32,24
152292,1,17,2,17
152296,0,1,1,2
152298,1,3,2,3
152302,2,6,3,5
152304,0,1,1,2
152310,0,1,1,2
152316,0,1,1,2
152318,0,1,1,2
152320,1,1,2,1
152322,0,3,1,4
152326,1,3,2,3
152328,0,1,1,2
152330,1,4,2,4
152332,0,1,1,2
152334,0,2,1,3
152336,1,2,2,2
152338,0,4,1,5
152340,0,4,1,5
152342,0,1,1,2
152344,0,3,1,4
152346,0,3,1,4
152348,1,9,2,9
152350,1,6,2,6
152352,2,5,3,4
152354,0,3,1,4
152356,1,7,2,7
152358,0,8,1,9
152360,0,1,1,2
152362,5,15,6,11
152364,3,10,4,8
152366,2,7,3,6
152370,0,8,1,9
152372,54,161,55,108
152374,2,12,3,11
152376,1,5,2,5
152381,3,7,4,5
152387,0,1,1,2
152389,0,1,1,2
152391,1,1,2,1
152397,1,1,2,1
152415,0,1,1,2
152417,0,1,1,2
152421,0,4,1,5
152425,0,1,1,2
152427,0,1,1,2
152431,0,1,1,2
152435,0,1,1,2
152439,1,3,2,3
152441,0,1,1,2
152443,0,4,1,5
152445,0,5,1,6
152447,0,1,1,2
152449,0,1,1,2
152451,0,6,1,7
152453,2,4,3,3
152455,3,5,4,3
152457,12,22,13,11
152459,3,5,4,3
152461,0,6,1,7
152465,0,2,1,3
152467,1,3,2,3
152471,0,1,1,2
152473,0,3,1,4
152475,0,2,1,3
152477,0,1,1,2
152479,4,8,5,5
152481,1,2,2,2
152483,1,3,2,3
152487,0,1,1,2
152489,2,5,3,4
152491,1,2,2,2
152493,0,1,1,2
152495,2,2,3,1
152497,0,1,1,2
152499,0,6,1,7
152501,1,6,2,6
152503,0,1,1,2
152507,0,4,1,5
152511,2,3,3,2
152513,0,3,1,4
152515,7,59,8,53
152517,1,5,2,5
152521,3,12,4,10
152523,0,1,1,2
152535,0,1,1,2
152539,0,1,1,2
152541,0,1,1,2
152543,2,5,3,4
152545,10,41,11,32
152547,0,5,1,6
152549,2,5,3,4
152553,0,1,1,2
152555,1,6,2,6
152557,0,2,1,3
152559,1,1,2,1
152561,0,1,1,2
152563,0,1,1,2
152565,1,3,2,3
152567,1,3,2,3
152569,7,11,8,5
152571,1,6,2,6
152575,6,15,7,10
152577,0,3,1,4
152579,10,26,11,17
152581,6,12,7,7
152583,5,12,6,8
152585,0,1,1,2
152587,1,6,2,6
152589,0,2,1,3
152591,171,367,172,197
152593,3,15,4,13
152595,0,2,1,3
152597,1,2,2,2
152599,1,7,2,7
152601,0,6,1,7
152603,0,2,1,3
152605,4,7,5,4
152607,0,2,1,3
152609,0,2,1,3
152613,3,12,4,10
152615,0,2,1,3
152617,3,5,4,3
152619,1,1,2,1
152621,1,2,2,2
152623,0,4,1,5
152627,1,1,2,1
152631,0,1,1,2
152633,1,4,2,4
152635,1,3,2,3
152637,5,9,6,5
152641,1,1,2,1
152647,3,4,4,2
152649,0,2,1,3
152656,1,4,2,4
152658,0,1,1,2
152660,1,13,2,13
152662,1,3,2,3
152664,7,17,8,11
152666,1,3,2,3
152670,1,1,2,1
152672,0,1,1,2
152674,3,5,4,3
152676,1,5,2,5
152678,2,3,3,2
152680,3,16,4,14
152682,1,2,2,2
152686,5,13,6,9
152689,0,7,1,8
152701,1,2,2,2
152705,0,1,1,2
152711,1,1,2,1
152713,0,2,1,3
152715,1,3,2,3
152717,3,7,4,5
152719,1,2,2,2
152721,1,2,2,2
152723,1,2,2,2
152725,1,2,2,2
152727,0,1,1,2
152729,0,1,1,2
152731,1,1,2,1
152733,1,2,2,2
152735,0,1,1,2
152737,0,2,1,3
152739,0,1,1,2
152741,1,2,2,2
152743,0,2,1,3
152747,0,3,1,4
152749,1,3,2,3
152751,2,3,3,2
152753,1,6,2,6
152755,0,11,1,12
152757,0,8,1,9
152759,0,8,1,9
152763,1,1,2,1
152765,1,1,2,1
152767,3,4,4,2
152769,3,6,4,4
152772,3,4,4,2
152776,1,2,2,2
152778,0,1,1,2
152780,0,2,1,3
152782,4,9,5,6
152790,0,1,1,2
152793,0,1,1,2
152798,0,2,1,3
152801,1,2,2,2
152804,2,3,3,2
152806,0,1,1,2
152808,0,2,1,3
152810,0,5,1,6
152812,0,4,1,5
152814,0,1,1,2
152816,0,2,1,3
152818,0,3,1,4
152820,0,2,1,3
152822,0,4,1,5
152824,2,7,3,6
152826,0,1,1,2
152828,2,7,3,6
152830,0,4,1,5
152832,2,7,3,6
152834,1,3,2,3
152836,12,23,13,12
152838,7,40,8,34
152840,2,3,3,2
152842,14,20,15,7
152844,5,6,6,2
152846,1,8,2,8
152848,5,13,6,9
152850,2,8,3,7
152852,0,1,1,2
152854,0,2,1,3
152856,1,3,2,3
152858,0,1,1,2
152862,0,1,1,2
152864,2,4,3,3
152866,17,48,18,32
152868,1,6,2,6
152870,3,16,4,14
152872,0,6,1,7
152874,0,2,1,3
152876,0,5,1,6
152878,0,4,1,5
152880,3,10,4,8
152882,0,8,1,9
152884,0,3,1,4
152886,3,8,4,6
152888,0,3,1,4
152890,2,6,3,5
152892,1,3,2,3
152894,0,2,1,3
152896,1,17,2,17
152898,0,5,1,6
152900,0,3,1,4
152902,0,6,1,7
152904,1,4,2,4
152906,0,3,1,4
152908,1,4,2,4
152910,0,4,1,5
152912,1,3,2,3
152914,1,4,2,4
152916,1,5,2,5
152918,1,5,2,5
152920,1,3,2,3
152922,1,5,2,5
152924,1,3,2,3
152926,0,2,1,3
152928,0,3,1,4
152930,1,2,2,2
152932,0,2,1,3
152934,2,3,3,2
152936,0,1,1,2
152938,1,1,2,1
152940,2,13,3,12
152944,4,7,5,4
152946,1,1,2,1
152948,3,4,4,2
152952,1,3,2,3
152956,0,1,1,2
152960,3,6,4,4
152962,5,6,6,2
152964,1,3,2,3
152966,0,2,1,3
152968,0,1,1,2
152970,1193,1660,1194,468
152972,0,5,1,6
152974,2,14,3,13
152976,13,57,14,45
152978,0,6,1,7
152980,1,6,2,6
152982,0,9,1,10
152984,5,14,6,10
152986,2,3,3,2
152988,1,11,2,11
152990,1,7,2,7
152992,0,5,1,6
152994,0,3,1,4
152996,0,1,1,2
152998,0,4,1,5
153000,0,6,1,7
153002,1,2,2,2
153006,0,4,1,5
153008,1,2,2,2
153010,3,7,4,5
153012,0,2,1,3
153014,1,2,2,2
153016,0,8,1,9
153018,3,5,4,3
153020,2,11,3,10
153022,1,3,2,3
153024,1,2,2,2
153026,1,2,2,2
153028,0,2,1,3
153030,1,7,2,7
153032,0,6,1,7
153034,0,1,1,2
153036,2,2,3,1
153038,2,2,3,1
153040,1,2,2,2
153042,0,1,1,2
153044,1,4,2,4
153046,1,6,2,6
153048,2,4,3,3
153050,2,3,3,2
153052,0,1,1,2
153054,1,3,2,3
153056,1,3,2,3
153058,2,3,3,2
153060,2,3,3,2
153062,2,2,3,1
153064,2,4,3,3
153066,1,3,2,3
153068,2,3,3,2
153070,30,78,31,49
153072,1,2,2,2
153074,2,9,3,8
153076,2,7,3,6
153080,0,1,1,2
153082,0,2,1,3
153084,2,6,3,5
153086,4,9,5,6
153088,0,2,1,3
153090,1,2,2,2
153092,0,2,1,3
153094,1,2,2,2
153096,0,2,1,3
153098,0,2,1,3
153100,1,3,2,3
153102,0,2,1,3
153104,0,1,1,2
153106,0,1,1,2
153108,0,2,1,3
153110,1,3,2,3
153112,0,4,1,5
153114,1,3,2,3
153116,0,3,1,4
153118,1,4,2,4
153120,0,3,1,4
153122,1,4,2,4
153124,4,11,5,8
153126,0,3,1,4
153128,0,2,1,3
153130,0,2,1,3
153132,1,7,2,7
153134,1,3,2,3
153136,1,5,2,5
153138,2,5,3,4
153140,0,2,1,3
153142,0,5,1,6
153144,3,5,4,3
153146,0,3,1,4
153148,0,2,1,3
153150,1,3,2,3
153152,1,2,2,2
153154,1,5,2,5
153156,0,2,1,3
153158,1,5,2,5
153160,1,2,2,2
153162,0,3,1,4
153164,2,4,3,3
153166,0,3,1,4
153168,4,5,5,2
153170,2,5,3,4
153172,0,2,1,3
153174,2,5,3,4
153176,0,6,1,7
153178,1,5,2,5
153180,1,2,2,2
153182,2,5,3,4
153184,1,2,2,2
153186,0,2,1,3
153188,1,6,2,6
153190,1,4,2,4
153192,1,2,2,2
153194,0,3,1,4
153196,0,2,1,3
153198,1,3,2,3
153200,0,7,1,8
153202,1,3,2,3
153204,1,4,2,4
153206,2,8,3,7
153208,2,5,3,4
153210,0,3,1,4
153212,0,2,1,3
153214,0,1,1,2
153216,0,2,1,3
153218,0,3,1,4
153220,0,3,1,4
153222,6,9,7,4
153224,0,2,1,3
153226,0,2,1,3
153228,1,3,2,3
153230,0,1,1,2
153232,1,2,2,2
153234,1,3,2,3
153236,3,10,4,8
153238,0,4,1,5
153240,0,4,1,5
153242,1,4,2,4
153244,0,2,1,3
153246,0,4,1,5
153248,0,3,1,4
153250,0,2,1,3
153252,0,3,1,4
153254,1,3,2,3
153256,0,1,1,2
153258,1,4,2,4
153260,0,3,1,4
153262,0,1,1,2
153264,0,2,1,3
153266,0,2,1,3
153268,0,3,1,4
153270,5,8,6,4
153272,0,2,1,3
153274,0,2,1,3
153276,0,2,1,3
153278,2,5,3,4
153280,0,2,1,3
153282,0,2,1,3
153284,1,5,2,5
153286,1,4,2,4
153288,0,1,1,2
153290,0,3,1,4
153292,0,2,1,3
153294,0,1,1,2
153296,1,3,2,3
153298,0,3,1,4
153300,1,7,2,7
153302,0,3,1,4
153304,0,3,1,4
153306,0,6,1,7
153308,0,1,1,2
153310,0,2,1,3
153312,1,5,2,5
153314,0,2,1,3
153316,0,1,1,2
153318,0,1,1,2
153320,1,3,2,3
153322,0,2,1,3
153324,0,1,1,2
153326,0,3,1,4
153328,0,1,1,2
153330,1,4,2,4
153332,0,2,1,3
153334,0,1,1,2
153336,0,2,1,3
153338,0,2,1,3
153340,0,2,1,3
153342,1,5,2,5
153344,0,3,1,4
153346,1,2,2,2
153348,0,3,1,4
153350,1,6,2,6
153352,1,5,2,5
153354,0,3,1,4
153356,1,3,2,3
153358,1,6,2,6
153362,3,4,4,2
153364,4,5,5,2
153366,0,2,1,3
153368,1,3,2,3
153370,0,2,1,3
153372,0,2,1,3
153374,2,6,3,5
153376,2,4,3,3
153378,0,2,1,3
153380,1,3,2,3
153382,0,3,1,4
153384,2,3,3,2
153386,3,6,4,4
153388,0,1,1,2
153390,0,2,1,3
153392,0,3,1,4
153394,1,11,2,11
153396,0,1,1,2
153398,3,7,4,5
153400,0,1,1,2
153402,0,1,1,2
153404,0,3,1,4
153406,1,3,2,3
153408,4,9,5,6
153410,0,1,1,2
153412,1,4,2,4
153414,1,4,2,4
153416,1,3,2,3
153418,1,4,2,4
153420,2,4,3,3
153422,1,4,2,4
153424,2,7,3,6
153426,0,2,1,3
153428,0,1,1,2
153430,2,5,3,4
153432,1,3,2,3
153434,1,4,2,4
153436,0,3,1,4
153438,0,2,1,3
153440,0,2,1,3
153442,0,2,1,3
153444,0,4,1,5
153446,1,5,2,5
153448,1,8,2,8
153450,0,1,1,2
153452,1,5,2,5
153454,2,13,3,12
153456,0,3,1,4
153458,2,6,3,5
153460,1,4,2,4
153462,1,3,2,3
153464,0,4,1,5
153468,1,3,2,3
153472,0,1,1,2
153474,0,1,1,2
153476,0,1,1,2
153478,0,3,1,4
153482,0,4,1,5
153484,2,5,3,4
153486,0,4,1,5
153488,0,1,1,2
153490,1,4,2,4
153492,2,3,3,2
153494,0,4,1,5
153496,0,1,1,2
153504,0,1,1,2
153506,0,1,1,2
153516,2,7,3,6
153518,0,6,1,7
153520,1,6,2,6
153522,2,2,3,1
153524,3,7,4,5
153526,0,1,1,2
153528,0,3,1,4
153530,1,9,2,9
153532,0,1,1,2
153534,0,1,1,2
153536,4,9,5,6
153538,2,6,3,5
153540,0,2,1,3
153542,1,7,2,7
153544,3,13,4,11
153546,0,4,1,5
153548,1,7,2,7
153550,2,6,3,5
153552,4,15,5,12
153554,2,9,3,8
153556,1,2,2,2
153558,0,5,1,6
153560,0,2,1,3
153562,0,1,1,2
153564,0,3,1,4
153566,1,14,2,14
153568,0,1,1,2
153570,4,8,5,5
153572,1,6,2,6
153574,0,1,1,2
153576,0,4,1,5
153578,0,4,1,5
153580,0,2,1,3
153582,3,8,4,6
153584,5,11,6,7
153586,1,5,2,5
153588,0,2,1,3
153590,0,2,1,3
153592,0,1,1,2
153594,1,5,2,5
153596,0,1,1,2
153598,1,2,2,2
153600,0,2,1,3
153602,0,1,1,2
153604,1,3,2,3
153606,3,6,4,4
153608,0,3,1,4
153610,4,6,5,3
153612,0,1,1,2
153614,0,7,1,8
153616,0,1,1,2
153618,1,4,2,4
153620,0,1,1,2
153622,0,1,1,2
153624,0,3,1,4
153626,1,4,2,4
153628,0,1,1,2
153630,1,3,2,3
153632,1,4,2,4
153634,0,1,1,2
153636,1,3,2,3
153638,0,2,1,3
153640,3,6,4,4
153642,0,1,1,2
153644,0,2,1,3
153646,4,12,5,9
153648,5,18,6,14
153650,0,2,1,3
153652,0,1,1,2
153654,0,4,1,5
153656,0,1,1,2
153660,1,2,2,2
153662,0,1,1,2
153664,0,1,1,2
153666,0,1,1,2
153668,3,6,4,4
153670,0,1,1,2
153672,4,15,5,12
153674,0,3,1,4
153676,0,1,1,2
153678,0,1,1,2
153680,1,4,2,4
153682,0,1,1,2
153684,0,1,1,2
153690,0,2,1,3
153692,0,2,1,3
153694,3,7,4,5
153696,0,2,1,3
153698,3,8,4,6
153700,0,1,1,2
153702,0,1,1,2
153704,0,2,1,3
153706,0,2,1,3
153708,0,1,1,2
153710,0,3,1,4
153712,0,4,1,5
153714,0,1,1,2
153716,0,2,1,3
153718,2,5,3,4
153720,0,2,1,3
153722,1,4,2,4
153726,0,1,1,2
153728,1,2,2,2
153730,2,5,3,4
153734,0,1,1,2
153736,2,4,3,3
153738,1,1,2,1
153740,1,1,2,1
153742,0,5,1,6
153744,5,11,6,7
153746,1,1,2,1
153750,0,7,1,8
153752,0,1,1,2
153754,0,3,1,4
153756,4,11,5,8
153758,8,22,9,15
153762,2,13,3,12
153764,0,3,1,4
153766,12,28,13,17
153768,4,12,5,9
153770,1,4,2,4
153772,0,4,1,5
153774,0,2,1,3
153776,0,4,1,5
153778,0,9,1,10
153780,13,22,14,10
153782,1,4,2,4
153784,1,10,2,10
153786,2,5,3,4
153788,14,35,15,22
153790,2,23,3,22
153792,6,28,7,23
153794,11,42,12,32
153796,0,7,1,8
153798,10,20,11,11
153800,1,5,2,5
153802,0,1,1,2
153804,2,15,3,14
153806,3,10,4,8
153808,0,4,1,5
153810,0,8,1,9
153812,1,3,2,3
153814,3,4,4,2
153816,0,8,1,9
153818,1,3,2,3
153820,0,3,1,4
153822,0,4,1,5
153824,0,3,1,4
153826,1,2,2,2
153828,7,12,8,6
153830,0,6,1,7
153832,4,8,5,5
153834,2,3,3,2
153836,5,12,6,8
153838,1,12,2,12
153840,1,2,2,2
153842,0,3,1,4
153845,0,2,1,3
153847,3,9,4,7
153849,0,1,1,2
153851,1,4,2,4
153853,0,1,1,2
153855,0,1,1,2
153857,1,3,2,3
153859,0,2,1,3
153861,0,2,1,3
153863,0,1,1,2
153865,3,6,4,4
153867,0,2,1,3
153869,0,8,1,9
153871,0,2,1,3
153873,3,6,4,4
153875,0,2,1,3
153877,0,2,1,3
153879,1,11,2,11
153881,0,1,1,2
153883,0,2,1,3
153885,0,1,1,2
153887,0,3,1,4
153889,0,2,1,3
153891,0,1,1,2
153893,1,4,2,4
153895,1,6,2,6
153897,0,3,1,4
153899,4,10,5,7
153901,4,10,5,7
153903,2,7,3,6
153905,6,11,7,6
153907,4,6,5,3
153909,6,10,7,5
153911,2,5,3,4
153913,1,1,2,1
153915,0,6,1,7
153917,2,3,3,2
153919,4,8,5,5
153921,4,7,5,4
153923,4,13,5,10
153925,0,4,1,5
153927,1,3,2,3
153929,4,7,5,4
153931,15,31,16,17
153933,4,6,5,3
153935,4,9,5,6
153937,2,5,3,4
153939,3,12,4,10
153941,1,7,2,7
153945,0,1,1,2
153947,0,1,1,2
153949,0,1,1,2
153953,0,3,1,4
153955,0,1,1,2
153957,3,4,4,2
153959,32,79,33,48
153961,1,1,2,1
153963,1,2,2,2
153965,0,5,1,6
153967,0,1,1,2
153969,0,3,1,4
153971,5,13,6,9
153973,0,1,1,2
153975,0,1,1,2
153977,0,2,1,3
153979,0,2,1,3
153981,0,1,1,2
153983,0,1,1,2
153985,0,2,1,3
153987,0,4,1,5
153989,1,2,2,2
153991,0,3,1,4
153993,0,2,1,3
153995,0,1,1,2
153996,0,9,1,10
153999,1,4,2,4
154001,0,3,1,4
154003,0,1,1,2
154005,0,1,1,2
154007,0,1,1,2
154009,0,1,1,2
154011,0,6,1,7
154013,1,5,2,5
154015,1,3,2,3
154017,0,1,1,2
154023,0,1,1,2
154035,1,1,2,1
154037,1,1,2,1
154045,0,1,1,2
154051,25,53,26,29
154063,0,2,1,3
154065,2,20,3,19
154067,7,12,8,6
154069,6,13,7,8
154071,0,1,1,2
154073,2,3,3,2
154075,3,23,4,21
154077,2,12,3,11
154079,3,18,4,16
154081,3,14,4,12
154083,4,7,5,4
154085,0,1,1,2
154092,4,9,5,6
154094,0,2,1,3
154096,2,7,3,6
154100,0,1,1,2
154108,0,1,1,2
154126,0,1,1,2
154128,0,3,1,4
154132,0,1,1,2
154134,0,2,1,3
154140,1,2,2,2
154142,0,1,1,2
154154,1,1,2,1
154156,1,4,2,4
154158,6,13,7,8
154160,5,19,6,15
154162,0,9,1,10
154164,0,2,1,3
154166,0,1,1,2
154168,0,5,1,6
154170,0,1,1,2
154172,1,1,2,1
154176,1,2,2,2
154178,1,5,2,5
154180,4,9,5,6
154182,0,4,1,5
154184,0,3,1,4
154186,2,5,3,4
154188,0,1,1,2
154190,0,3,1,4
154192,0,1,1,2
154194,0,2,1,3
154196,1,7,2,7
154198,1,2,2,2
154200,2,4,3,3
154202,0,1,1,2
154204,0,2,1,3
154206,0,2,1,3
154208,0,1,1,2
154210,0,1,1,2
154212,2,4,3,3
154214,4,14,5,11
154216,0,3,1,4
154218,5,12,6,8
154220,3,5,4,3
154222,0,3,1,4
154224,1,9,2,9
154226,1,3,2,3
154228,0,3,1,4
154230,0,1,1,2
154232,0,2,1,3
154234,0,3,1,4
154236,0,1,1,2
154238,0,1,1,2
154240,0,2,1,3
154242,0,1,1,2
154244,1,4,2,4
154246,0,2,1,3
154248,0,1,1,2
154250,0,6,1,7
154252,0,2,1,3
154254,0,1,1,2
154256,1,3,2,3
154258,0,1,1,2
154260,0,2,1,3
154262,1,6,2,6
154264,1,1,2,1
154266,0,3,1,4
154268,4,27,5,24
154270,2,2,3,1
154272,2,7,3,6
154274,0,2,1,3
154276,5,12,6,8
154278,3,7,4,5
154280,1,3,2,3
154284,1,2,2,2
154286,0,1,1,2
154288,0,2,1,3
154290,1,5,2,5
154303,0,3,1,4
154305,2,4,3,3
154307,0,1,1,2
154309,0,1,1,2
154311,1,4,2,4
154315,0,1,1,2
154317,1,3,2,3
154319,0,2,1,3
154321,0,4,1,5
154323,0,1,1,2
154325,0,6,1,7
154327,1,11,2,11
154329,0,9,1,10
154331,1,8,2,8
154337,0,3,1,4
154339,0,2,1,3
154341,1,2,2,2
154344,0,2,1,3
154346,0,8,1,9
154348,7,21,8,15
154350,1,9,2,9
154352,0,8,1,9
154354,4,15,5,12
154356,1,1,2,1
154358,57,84,58,28
154360,0,1,1,2
154362,0,3,1,4
154364,1,5,2,5
154366,0,2,1,3
154368,0,1,1,2
154370,0,1,1,2
154372,0,4,1,5
154374,0,1,1,2
154376,0,1,1,2
154378,9,16,10,8
154380,0,3,1,4
154382,0,1,1,2
154384,0,1,1,2
154386,0,1,1,2
154388,1,7,2,7
154390,0,2,1,3
154392,0,3,1,4
154394,0,3,1,4
154396,0,3,1,4
154398,0,6,1,7
154400,2,10,3,9
154402,1,4,2,4
154404,2,4,3,3
154406,0,4,1,5
154408,0,1,1,2
154410,0,1,1,2
154412,0,1,1,2
154414,2,5,3,4
154416,1,3,2,3
154418,0,2,1,3
154420,0,1,1,2
154422,0,2,1,3
154424,0,3,1,4
154426,0,1,1,2
154428,0,1,1,2
154430,1,8,2,8
154432,0,7,1,8
154434,1,3,2,3
154436,2,4,3,3
154438,0,3,1,4
154440,0,2,1,3
154442,0,3,1,4
154444,3,5,4,3
154446,1,2,2,2
154448,0,2,1,3
154450,0,3,1,4
154452,0,2,1,3
154454,0,1,1,2
154456,7,15,8,9
154458,1,13,2,13
154460,1,7,2,7
154462,1,7,2,7
154464,0,1,1,2
154466,0,4,1,5
154468,3,14,4,12
154470,3,18,4,16
154472,1,6,2,6
154474,22,31,23,10
154476,1,20,2,20
154478,0,1,1,2
154480,0,3,1,4
154482,1,4,2,4
154484,2,3,3,2
154486,3,11,4,9
154488,0,6,1,7
154490,1,3,2,3
154492,0,1,1,2
154494,1,4,2,4
154496,0,1,1,2
154498,0,1,1,2
154500,0,2,1,3
154502,0,1,1,2
154504,1,3,2,3
154506,0,2,1,3
154508,0,1,1,2
154510,0,1,1,2
154512,1,3,2,3
154514,2,4,3,3
154516,3,4,4,2
154518,0,2,1,3
154520,0,3,1,4
154522,0,1,1,2
154524,0,2,1,3
154526,0,3,1,4
154528,0,1,1,2
154530,0,2,1,3
154532,0,2,1,3
154534,0,1,1,2
154536,0,3,1,4
154538,0,1,1,2
154540,0,1,1,2
154542,1,5,2,5
154544,0,2,1,3
154546,0,2,1,3
154548,0,2,1,3
154550,0,4,1,5
154552,0,1,1,2
154554,0,2,1,3
154556,0,1,1,2
154558,0,3,1,4
154560,0,1,1,2
154562,0,2,1,3
154564,1,5,2,5
154566,0,1,1,2
154568,0,2,1,3
154570,0,1,1,2
154572,0,5,1,6
154574,0,11,1,12
154576,0,6,1,7
154578,0,3,1,4
154580,0,3,1,4
154582,0,3,1,4
154584,2,3,3,2
154586,0,2,1,3
154588,1,4,2,4
154590,2,4,3,3
154592,4,11,5,8
154594,1,4,2,4
154596,0,5,1,6
154598,1,2,2,2
154600,1,4,2,4
154602,0,1,1,2
154604,0,3,1,4
154606,3,9,4,7
154608,0,3,1,4
154610,1,2,2,2
154612,2,4,3,3
154614,0,3,1,4
154616,6,16,7,11
154618,0,4,1,5
154620,0,4,1,5
154622,5,6,6,2
154624,3,4,4,2
154626,0,1,1,2
154628,4,8,5,5
154630,1,6,2,6
154632,1,4,2,4
154634,1,2,2,2
154636,0,3,1,4
154638,0,5,1,6
154640,0,2,1,3
154642,0,2,1,3
154644,1,4,2,4
154646,0,3,1,4
154648,3,3,4,1
154650,1,4,2,4
154652,1,2,2,2
154654,0,1,1,2
154656,3,10,4,8
154658,0,2,1,3
154660,1,2,2,2
154662,0,2,1,3
154664,0,3,1,4
154666,0,2,1,3
154668,0,2,1,3
154670,0,6,1,7
154672,4,8,5,5
154674,0,2,1,3
154676,1,3,2,3
154678,11,25,12,15
154680,1,2,2,2
154686,1,1,2,1
154690,1,2,2,2
154694,0,2,1,3
154696,0,1,1,2
154698,1,4,2,4
154701,0,1,1,2
154711,0,1,1,2
154717,0,1,1,2
154721,0,1,1,2
154723,0,1,1,2
154725,1,4,2,4
154731,4,4,5,1
154736,0,1,1,2
154739,0,1,1,2
154742,1,4,2,4
154751,0,1,1,2
154753,1,3,2,3
154755,0,1,1,2
154759,0,2,1,3
154766,2,2,3,1
154776,0,2,1,3
154778,0,2,1,3
154780,2,3,3,2
154782,1,2,2,2
154784,0,1,1,2
154786,1,4,2,4
154788,0,3,1,4
154790,0,4,1,5
154792,0,4,1,5
154794,0,4,1,5
154796,0,2,1,3
154798,0,2,1,3
154800,5,11,6,7
154802,0,3,1,4
154804,0,4,1,5
154806,0,3,1,4
154808,0,2,1,3
154810,1,4,2,4
154812,0,3,1,4
154814,0,4,1,5
154816,0,4,1,5
154818,0,2,1,3
154820,0,1,1,2
154822,1,2,2,2
154824,1,7,2,7
154826,0,1,1,2
154828,0,4,1,5
154830,0,3,1,4
154832,1,3,2,3
154834,1,7,2,7
154836,0,2,1,3
154838,0,3,1,4
154840,0,2,1,3
154842,0,2,1,3
154844,0,3,1,4
154846,1,6,2,6
154848,0,1,1,2
154850,0,4,1,5
154852,0,3,1,4
154854,0,1,1,2
154856,1,2,2,2
154858,12,22,13,11
154860,2,3,3,2
154862,4,21,5,18
154864,1,4,2,4
154866,0,5,1,6
154868,4,7,5,4
154870,0,1,1,2
154872,0,2,1,3
154874,0,2,1,3
154876,1,8,2,8
154878,1,5,2,5
154880,2,3,3,2
154882,2,2,3,1
154884,2,7,3,6
154886,1,4,2,4
154888,2,2,3,1
154890,18,37,19,20
154892,0,9,1,10
154894,1,3,2,3
154896,1,3,2,3
154898,3,7,4,5
154900,0,2,1,3
154902,0,3,1,4
154904,3,11,4,9
154906,1,6,2,6
154908,10,16,11,7
154911,1,1,2,1
154913,1,7,2,7
154915,61,108,62,48
154917,1,5,2,5
154919,0,2,1,3
154921,1,2,2,2
154923,0,5,1,6
154925,1,5,2,5
154927,0,2,1,3
154929,0,3,1,4
154931,0,1,1,2
154933,4,7,5,4
154935,3,11,4,9
154937,0,2,1,3
154939,13,56,14,44
154941,70,121,71,52
154943,1,3,2,3
154945,2,6,3,5
154947,1,5,2,5
154949,0,1,1,2
154951,0,4,1,5
154963,6,9,7,4
154965,0,2,1,3
154967,0,7,1,8
154969,1,3,2,3
154971,1,4,2,4
154973,0,1,1,2
154975,4,7,5,4
154978,1,3,2,3
154982,0,2,1,3
154984,0,2,1,3
154986,0,1,1,2
154990,0,1,1,2
154992,0,4,1,5
154994,2,2,3,1
154996,12,22,13,11
154998,3,7,4,5
155000,3,7,4,5
155004,0,1,1,2
155008,1,4,2,4
155010,0,1,1,2
155012,0,4,1,5
155014,3,7,4,5
155018,9,74,10,66
155020,1,1,2,1
155022,0,1,1,2
155024,1,4,2,4
155026,0,1,1,2
155028,0,1,1,2
155036,3,9,4,7
155038,0,1,1,2
155040,0,2,1,3
155042,3,4,4,2
155052,0,1,1,2
155056,18,34,19,17
155058,2,6,3,5
155060,3,15,4,13
155062,10,32,11,23
155064,255,664,256,410
155066,2,14,3,13
155068,0,1,1,2
155070,0,2,1,3
155072,3,13,4,11
155074,16,61,17,46
155076,12,31,13,20
155078,27,65,28,39
155080,0,4,1,5
155082,1,2,2,2
155084,1,9,2,9
155086,6,11,7,6
155088,1,5,2,5
155090,12,17,13,6
155092,2,12,3,11
155094,5,8,6,4
155096,0,4,1,5
155098,0,2,1,3
155100,1,4,2,4
155102,0,4,1,5
155104,2,6,3,5
155106,0,3,1,4
155109,22,31,23,10
155111,1,8,2,8
155113,2,3,3,2
155115,2,6,3,5
155117,2,4,3,3
155119,4,9,5,6
155121,1,3,2,3
155123,3,7,4,5
155127,1,5,2,5
155129,1,24,2,24
155131,1,2,2,2
155133,4,9,5,6
155135,4,10,5,7
155137,3,9,4,7
155139,2,6,3,5
155141,1,4,2,4
155143,3,8,4,6
155145,3,5,4,3
155147,2,5,3,4
155149,0,8,1,9
155151,0,3,1,4
155153,0,3,1,4
155155,1,2,2,2
155158,0,4,1,5
155160,4,4,5,1
155162,0,5,1,6
155164,2,12,3,11
155166,2,7,3,6
155168,5,6,6,2
155170,3,5,4,3
155172,3,3,4,1
155178,0,3,1,4
155181,15,82,16,68
155183,0,4,1,5
155185,0,1,1,2
155191,0,1,1,2
155195,0,1,1,2
155205,0,1,1,2
155219,0,1,1,2
155245,1,7,2,7
155247,1,2,2,2
155261,0,1,1,2
155269,0,2,1,3
155271,0,1,1,2
155275,1,1,2,1
155283,0,2,1,3
155285,8,30,9,23
155288,290,606,291,317
155290,2,3,3,2
155294,0,1,1,2
155296,0,3,1,4
155298,0,1,1,2
155302,0,1,1,2
155304,0,1,1,2
155308,1,1,2,1
155310,0,1,1,2
155312,0,1,1,2
155314,0,3,1,4
155316,0,1,1,2
155322,0,1,1,2
155326,0,1,1,2
155328,0,1,1,2
155330,0,1,1,2
155336,0,1,1,2
155338,1,2,2,2
155342,0,1,1,2
155348,0,1,1,2
155350,0,1,1,2
155352,0,1,1,2
155358,0,3,1,4
155360,1,11,2,11
155362,11,29,12,19
155364,1,1,2,1
155366,1,11,2,11
155368,1,6,2,6
155370,4,11,5,8
155372,3,8,4,6
155374,1,2,2,2
155376,1,8,2,8
155378,0,2,1,3
155380,0,3,1,4
155382,3,10,4,8
155384,3,12,4,10
155386,0,2,1,3
155390,0,3,1,4
155392,53,147,54,95
155395,2,2,3,1
155397,1,3,2,3
155399,0,1,1,2
155401,2,6,3,5
155403,0,2,1,3
155405,1,4,2,4
155407,2,4,3,3
155409,2,4,3,3
155411,0,3,1,4
155413,2,9,3,8
155415,1,4,2,4
155425,1,9,2,9
155430,1,2,2,2
155437,3,5,4,3
155444,0,6,1,7
155446,1,1,2,1
155457,1,2,2,2
155462,0,1,1,2
155466,0,1,1,2
155481,0,1,1,2
155483,0,1,1,2
155485,0,1,1,2
155489,2,9,3,8
155491,0,1,1,2
155495,0,1,1,2
155497,0,1,1,2
155499,0,6,1,7
155501,3,19,4,17
155503,0,2,1,3
155505,1,4,2,4
155507,4,6,5,3
155509,182,434,183,253
155511,0,3,1,4
155515,0,1,1,2
155517,0,1,1,2
155521,0,3,1,4
155525,1,3,2,3
155527,0,4,1,5
155529,0,1,1,2
155537,1,11,2,11
155539,1,1,2,1
155541,1,11,2,11
155543,0,13,1,14
155545,15,60,16,46
155547,1,11,2,11
155549,3,7,4,5
155551,1,2,2,2
155555,1,1,2,1
155557,4,12,5,9
155559,0,1,1,2
155561,3,22,4,20
155563,0,2,1,3
155565,0,3,1,4
155567,0,1,1,2
155571,0,1,1,2
155573,3,7,4,5
155575,1,6,2,6
155579,4,9,5,6
155581,18,70,19,53
155583,25,62,26,38
155587,0,1,1,2
155589,2,5,3,4
155591,3,4,4,2
155593,1,2,2,2
155595,7,32,8,26
155597,2,6,3,5
155599,9,25,10,17
155601,2,13,3,12
155603,0,2,1,3
155605,2,3,3,2
155607,0,2,1,3
155609,0,1,1,2
155611,1,1,2,1
155613,0,1,1,2
155615,0,1,1,2
155617,0,1,1,2
155619,2,3,3,2
155621,4,6,5,3
155623,4,14,5,11
155625,58,149,59,92
155627,12,22,13,11
155629,1,1,2,1
155631,3,8,4,6
155633,1,2,2,2
155635,0,2,1,3
155637,0,4,1,5
155639,1,1,2,1
155641,0,3,1,4
155643,1,2,2,2
155645,1,4,2,4
155650,1,7,2,7
155656,1,3,2,3
155659,91,310,92,220
155663,5,9,6,5
155665,6,6,7,1
155669,0,2,1,3
155671,6,9,7,4
155673,3,10,4,8
155675,2,11,3,10
155677,0,9,1,10
155679,0,5,1,6
155681,0,6,1,7
155683,0,4,1,5
155685,1,10,2,10
155687,0,3,1,4
155689,4,6,5,3
155691,1,5,2,5
155693,0,5,1,6
155695,0,5,1,6
155699,1,3,2,3
155701,0,1,1,2
155707,0,2,1,3
155709,1,3,2,3
155711,3,7,4,5
155713,1,3,2,3
155715,7,30,8,24
155717,0,1,1,2
155719,1,1,2,1
155721,2,5,3,4
155723,2,2,3,1
155725,0,1,1,2
155727,10,23,11,14
155731,0,1,1,2
155733,1,3,2,3
155735,0,5,1,6
155737,0,1,1,2
155741,0,4,1,5
155743,43,190,44,148
155745,0,1,1,2
155748,9,32,10,24
155750,0,2,1,3
155752,0,1,1,2
155754,2,5,3,4
155756,3,4,4,2
155758,4,7,5,4
155760,2,2,3,1
155762,0,2,1,3
155764,0,1,1,2
155766,0,1,1,2
155768,0,2,1,3
155770,2,4,3,3
155774,7,13,8,7
155776,1,8,2,8
155780,0,1,1,2
155784,0,2,1,3
155786,0,1,1,2
155788,0,4,1,5
155790,0,2,1,3
155794,1,2,2,2
155796,0,4,1,5
155798,11,21,12,11
155800,35,78,36,44
155802,1,2,2,2
155804,2,3,3,2
155808,3,4,4,2
155810,10,28,11,19
155812,25,127,26,103
155814,2,16,3,15
155816,3,8,4,6
155818,2,6,3,5
155820,91,439,92,349
155822,1,1,2,1
155824,0,1,1,2
155826,2,5,3,4
155828,20,65,21,46
155830,15,42,16,28
155832,11,81,12,71
155834,4,8,5,5
155836,3,7,4,5
155842,1,1,2,1
155844,0,2,1,3
155846,20,81,21,62
155848,0,1,1,2
155850,0,2,1,3
155852,1,1,2,1
155854,1,3,2,3
155856,1,2,2,2
155858,1,1,2,1
155860,1,1,2,1
155862,1,3,2,3
155864,1,2,2,2
155866,4,7,5,4
155868,0,1,1,2
155870,0,1,1,2
155872,0,1,1,2
155874,90,253,91,164
155882,0,1,1,2
155884,0,1,1,2
155886,1,2,2,2
155888,0,8,1,9
155890,5,11,6,7
155892,5,15,6,11
155896,0,13,1,14
155898,2,6,3,5
155910,1,5,2,5
155917,0,7,1,8
155919,0,3,1,4
155923,1,1,2,1
155927,2,10,3,9
155930,1,5,2,5
155932,0,1,1,2
155943,0,1,1,2
155945,0,1,1,2
155950,0,5,1,6
155952,0,1,1,2
155954,0,1,1,2
155956,0,1,1,2
155959,0,1,1,2
155961,0,1,1,2
155963,0,1,1,2
155966,12,41,13,30
155968,262,418,263,157
155970,5,41,6,37
155972,1,2,2,2
155974,0,1,1,2
155976,0,4,1,5
155978,0,1,1,2
155980,4,13,5,10
155982,2,2,3,1
155984,3,9,4,7
155986,0,1,1,2
155988,2,4,3,3
155992,2,2,3,1
155994,2,5,3,4
155996,1,1,2,1
155998,2,3,3,2
156000,37,115,38,79
156002,4,17,5,14
156015,1,1,2,1
156017,6,25,7,20
156019,1,3,2,3
156021,0,2,1,3
156023,3,6,4,4
156025,27,77,28,51
156027,1,6,2,6
156029,0,2,1,3
156031,5,9,6,5
156033,0,1,1,2
156037,1,2,2,2
156039,0,1,1,2
156041,5,9,6,5
156048,0,2,1,3
156050,1,1,2,1
156054,2,4,3,3
156063,1,1,2,1
156067,0,3,1,4
156069,1,2,2,2
156071,2,5,3,4
156073,3,10,4,8
156075,0,1,1,2
156077,0,2,1,3
156079,1,4,2,4
156081,1,7,2,7
156083,0,1,1,2
156085,3,13,4,11
156091,0,3,1,4
156093,0,1,1,2
156095,1,2,2,2
156104,8,13,9,6
156106,1,6,2,6
156109,4,12,5,9
156111,0,3,1,4
156123,1,2,2,2
156125,11,42,12,32
156129,0,1,1,2
156131,0,1,1,2
156133,0,1,1,2
156137,0,2,1,3
156141,0,1,1,2
156143,2,2,3,1
156145,2,6,3,5
156160,0,1,1,2
156170,0,1,1,2
156175,8,19,9,12
156180,1,1,2,1
156184,1,2,2,2
156187,13,21,14,9
156193,0,2,1,3
156197,0,1,1,2
156206,0,1,1,2
156210,0,5,1,6
156213,0,3,1,4
156235,0,1,1,2
156244,0,7,1,8
156250,0,1,1,2
156256,0,1,1,2
156258,0,1,1,2
156266,0,1,1,2
156276,0,1,1,2
156280,0,1,1,2
156282,0,1,1,2
156286,1,2,2,2
156303,0,1,1,2
156305,1,1,2,1
156307,1,1,2,1
156309,2,2,3,1
156311,1,4,2,4
156313,2,2,3,1
156315,1,2,2,2
156317,1,2,2,2
156319,1,1,2,1
156321,1,1,2,1
156323,0,1,1,2
156329,0,1,1,2
156332,0,1,1,2
156342,0,1,1,2
156346,0,1,1,2
156356,0,1,1,2
156362,0,3,1,4
156364,0,2,1,3
156367,2,4,3,3
156369,138,224,139,87
156371,197,457,198,261
156373,3,4,4,2
156375,1,2,2,2
156377,0,7,1,8
156379,3,8,4,6
156381,1,3,2,3
156383,5,9,6,5
156385,3,5,4,3
156387,654,1009,655,356
156390,0,2,1,3
156394,2,2,3,1
156396,4,6,5,3
156398,4,5,5,2
156404,2,9,3,8
156406,0,2,1,3
156410,9,21,10,13
156412,2,3,3,2
156414,1,1,2,1
156416,1,2,2,2
156418,1,4,2,4
156420,0,1,1,2
156435,0,1,1,2
156460,0,2,1,3
156469,0,1,1,2
156471,0,1,1,2
156475,0,1,1,2
156481,0,1,1,2
156497,0,1,1,2
156517,0,1,1,2
156529,0,2,1,3
156531,0,1,1,2
156535,2,2,3,1
156545,2,4,3,3
156547,2,25,3,24
156549,1,9,2,9
156551,6,11,7,6
156553,6,18,7,13
156555,2,6,3,5
156557,1,1,2,1
156559,3,13,4,11
156561,0,8,1,9
156563,0,3,1,4
156565,11,15,12,5
156567,5,12,6,8
156569,4,8,5,5
156571,0,1,1,2
156573,1,4,2,4
156575,2,4,3,3
156577,1,3,2,3
156579,4,6,5,3
156581,9,17,10,9
156583,0,1,1,2
156585,0,3,1,4
156587,2,5,3,4
156589,0,1,1,2
156591,0,1,1,2
156593,1,5,2,5
156595,1,5,2,5
156597,2,4,3,3
156599,0,3,1,4
156601,7,9,8,3
156603,1,2,2,2
156605,310,571,311,262
156607,104,495,105,392
156609,148,721,149,574
156611,0,1,1,2
156613,0,1,1,2
156615,0,6,1,7
156617,0,5,1,6
156619,0,1,1,2
156621,0,1,1,2
156623,0,1,1,2
156627,0,1,1,2
156631,0,2,1,3
156635,0,2,1,3
156637,0,2,1,3
156643,0,2,1,3
156671,0,1,1,2
156675,0,3,1,4
156678,0,2,1,3
156680,2,7,3,6
156682,0,6,1,7
156684,4,8,5,5
156686,1,2,2,2
156688,3,6,4,4
156690,1,3,2,3
156692,0,15,1,16
156694,0,5,1,6
156696,0,11,1,12
156698,0,2,1,3
156700,0,1,1,2
156702,1,6,2,6
156704,1,3,2,3
156706,16,119,17,104
156708,0,1,1,2
156710,0,3,1,4
156712,4,7,5,4
156714,0,1,1,2
156718,8,11,9,4
156720,1,1,2,1
156722,8,15,9,8
156724,1,1,2,1
156726,306,761,307,456
156728,2,6,3,5
156730,2,4,3,3
156732,1,4,2,4
156734,1,4,2,4
156736,0,1,1,2
156738,1,1,2,1
156740,0,2,1,3
156742,0,1,1,2
156745,0,4,1,5
156751,0,1,1,2
156753,3,21,4,19
156755,31,75,32,45
156757,1,2,2,2
156759,2,4,3,3
156763,1,5,2,5
156765,3,4,4,2
156767,2,10,3,9
156769,0,2,1,3
156771,12,19,13,8
156773,20,30,21,11
156775,20,29,21,10
156777,21,34,22,14
156779,13,21,14,9
156781,28,40,29,13
156783,21,41,22,21
156785,16,27,17,12
156787,14,23,15,10
156789,3,4,4,2
156791,2,11,3,10
156793,0,3,1,4
156795,0,15,1,16
156799,0,3,1,4
156801,7,12,8,6
156810,1,2,2,2
156815,0,1,1,2
156819,19,45,20,27
156823,0,1,1,2
156826,0,1,1,2
156828,1,3,2,3
156830,0,1,1,2
156832,1,2,2,2
156834,0,2,1,3
156837,0,1,1,2
156840,1,2,2,2
156846,13,19,14,7
156848,0,1,1,2
156850,1,3,2,3
156855,1,4,2,4
156857,0,1,1,2
156859,0,1,1,2
156862,0,2,1,3
156869,1,4,2,4
156873,0,1,1,2
156877,0,1,1,2
156885,0,2,1,3
156894,1,4,2,4
156896,12,18,13,7
156898,5,20,6,16
156900,5,12,6,8
156903,19,85,20,67
156909,1,2,2,2
156911,0,1,1,2
156913,0,1,1,2
156915,0,1,1,2
156917,0,1,1,2
156919,1,4,2,4
156921,4,8,5,5
156923,2,2,3,1
156925,0,3,1,4
156927,0,4,1,5
156929,0,3,1,4
156931,1,1,2,1
156935,0,1,1,2
156940,0,4,1,5
156942,0,1,1,2
156944,85,143,86,59
156950,0,1,1,2
156954,1,1,2,1
156956,11,28,12,18
156958,1,4,2,4
156960,0,4,1,5
156962,0,4,1,5
156964,4,10,5,7
156966,3,4,4,2
156968,7,18,8,12
156972,1,2,2,2
156974,1,3,2,3
156976,2,3,3,2
156978,5,8,6,4
156989,0,1,1,2
156991,0,1,1,2
156993,0,4,1,5
156996,0,1,1,2
156998,0,1,1,2
157000,0,2,1,3
157002,0,1,1,2
157004,0,1,1,2
157006,0,2,1,3
157009,0,2,1,3
157038,0,1,1,2
157041,0,2,1,3
157045,0,2,1,3
157047,3,7,4,5
157049,0,2,1,3
157051,0,3,1,4
157053,0,2,1,3
157055,1,8,2,8
157057,4,13,5,10
157059,0,3,1,4
157061,2,3,3,2
157063,1,3,2,3
157065,1,9,2,9
157067,4,10,5,7
157069,3,9,4,7
157071,0,1,1,2
157073,3,13,4,11
157075,3,9,4,7
157077,4,10,5,7
157079,3,8,4,6
157081,0,1,1,2
157083,0,2,1,3
157085,0,1,1,2
157087,1,4,2,4
157091,4,19,5,16
157093,0,1,1,2
157095,1,6,2,6
157098,1,5,2,5
157100,3,12,4,10
157102,1,2,2,2
157104,0,1,1,2
157106,11,33,12,23
157108,6,10,7,5
157110,7,11,8,5
157112,6,10,7,5
157114,1,2,2,2
157116,1,1,2,1
157118,0,2,1,3
157120,1,5,2,5
157122,209,429,210,221
157124,3,8,4,6
157126,2,5,3,4
157128,6,19,7,14
157130,3,10,4,8
157132,2,18,3,17
157134,1,4,2,4
157136,0,3,1,4
157138,2,9,3,8
157140,5,9,6,5
157142,3,19,4,17
157144,0,2,1,3
157146,3,4,4,2
157148,1,4,2,4
157150,3,6,4,4
157152,0,5,1,6
157154,5,14,6,10
157156,2,9,3,8
157158,5,10,6,6
157160,1,4,2,4
157162,1,4,2,4
157164,0,16,1,17
157168,1,1,2,1
157170,1,3,2,3
157172,0,7,1,8
157174,0,2,1,3
157176,10,44,11,35
157178,2,3,3,2
157182,1,2,2,2
157184,2,5,3,4
157186,12,18,13,7
157188,1,4,2,4
157190,0,2,1,3
157192,0,4,1,5
157194,0,2,1,3
157196,5,9,6,5
157198,1,3,2,3
157200,163,555,164,393
157202,0,1,1,2
157204,1,4,2,4
157206,1,4,2,4
157208,0,1,1,2
157210,3,5,4,3
157212,4,21,5,18
157214,0,2,1,3
157218,1,8,2,8
157220,0,1,1,2
157222,3,7,4,5
157224,20,120,21,101
157226,2,10,3,9
157228,0,2,1,3
157230,1,10,2,10
157232,1,4,2,4
157234,0,2,1,3
157236,0,1,1,2
157240,0,1,1,2
157244,0,1,1,2
157250,0,1,1,2
157254,1,10,2,10
157258,0,1,1,2
157262,2,4,3,3
157264,2,3,3,2
157266,0,4,1,5
157268,64,188,65,125
157270,21,63,22,43
157272,3,12,4,10
157274,61,114,62,54
157276,20,102,21,83
157278,17,20,18,4
157280,1,3,2,3
157282,1,5,2,5
157284,2,3,3,2
157286,0,2,1,3
157288,0,1,1,2
157290,5,28,6,24
157292,0,2,1,3
157294,5,15,6,11
157296,1596,3310,1597,1715
157298,2,6,3,5
157300,1,2,2,2
157302,1,3,2,3
157304,1,4,2,4
157306,0,1,1,2
157308,3,9,4,7
157310,2,3,3,2
157312,47,225,48,179
157314,1,2,2,2
157316,0,1,1,2
157318,240,366,241,127
157320,1,1,2,1
157322,0,1,1,2
157324,0,1,1,2
157326,35,133,36,99
157328,3,8,4,6
157330,0,8,1,9
157332,0,4,1,5
157334,1,4,2,4
157336,1,4,2,4
157338,101,234,102,134
157340,120,589,121,470
157342,10,26,11,17
157344,0,2,1,3
157346,1,8,2,8
157348,5,8,6,4
157350,0,6,1,7
157352,6,10,7,5
157355,0,3,1,4
157357,1,2,2,2
157359,2,3,3,2
157361,114,211,115,98
157363,2,5,3,4
157365,5,25,6,21
157367,5,6,6,2
157369,3,7,4,5
157371,1,5,2,5
157373,97,129,98,33
157375,3,7,4,5
157377,0,4,1,5
157379,0,5,1,6
157381,0,2,1,3
157385,4,17,5,14
157387,5,29,6,25
157389,1,2,2,2
157399,0,1,1,2
157401,0,6,1,7
157403,0,9,1,10
157405,5,11,6,7
157407,4,48,5,45
157409,2,3,3,2
157411,0,2,1,3
157417,3,10,4,8
157419,1,9,2,9
157421,0,1,1,2
157424,0,2,1,3
157428,2,5,3,4
157432,3,41,4,39
157435,0,1,1,2
157438,1,2,2,2
157442,0,1,1,2
157445,1,4,2,4
157448,1,2,2,2
157451,0,2,1,3
157458,0,1,1,2
157464,0,1,1,2
157468,1,4,2,4
157471,0,1,1,2
157473,0,1,1,2
157477,0,1,1,2
157492,1,1,2,1
157494,1,2,2,2
157496,1,1,2,1
157498,120,215,121,96
157500,1,6,2,6
157502,0,2,1,3
157504,1,1,2,1
157506,0,1,1,2
157508,0,1,1,2
157532,0,1,1,2
157538,0,2,1,3
157542,1,1,2,1
157544,0,2,1,3
157546,1,2,2,2
157549,0,3,1,4
157551,3,7,4,5
157553,2,8,3,7
157555,1,9,2,9
157557,5,13,6,9
157559,3,10,4,8
157561,6,15,7,10
157563,1,6,2,6
157565,2,3,3,2
157567,2,9,3,8
157569,8,33,9,26
157571,0,6,1,7
157573,0,5,1,6
157575,1,5,2,5
157577,3,8,4,6
157579,1,1,2,1
157581,2,2,3,1
157583,3,4,4,2
157585,6,8,7,3
157587,4,5,5,2
157589,2,4,3,3
157591,1,4,2,4
157593,2,5,3,4
157595,2,4,3,3
157597,1,3,2,3
157599,1,3,2,3
157601,2,3,3,2
157603,1,2,2,2
157605,0,2,1,3
157609,1,1,2,1
157615,1,1,2,1
157617,1,1,2,1
157621,0,1,1,2
157623,0,1,1,2
157625,0,4,1,5
157627,1,3,2,3
157629,2,5,3,4
157631,7,17,8,11
157633,1,2,2,2
157635,1,1,2,1
157637,2,10,3,9
157641,1,1,2,1
157643,2,3,3,2
157645,2,5,3,4
157657,1,4,2,4
157663,0,1,1,2
157665,1,2,2,2
157667,16,91,17,76
157669,3,14,4,12
157671,19,61,20,43
157673,4,18,5,15
157675,1,7,2,7
157677,1,7,2,7
157679,2,15,3,14
157681,1,4,2,4
157683,3,9,4,7
157687,1,2,2,2
157691,3,7,4,5
157693,0,1,1,2
157699,623,1185,624,563
157719,0,1,1,2
157721,6,14,7,9
157723,0,2,1,3
157727,0,1,1,2
157729,0,4,1,5
157731,0,2,1,3
157737,0,1,1,2
157749,0,3,1,4
157751,4,6,5,3
157753,0,3,1,4
157755,0,1,1,2
157757,0,1,1,2
157759,1,2,2,2
157761,0,1,1,2
157763,0,2,1,3
157765,0,1,1,2
157767,0,1,1,2
157769,0,3,1,4
157771,0,6,1,7
157773,0,2,1,3
157775,5,10,6,6
157777,2,2,3,1
157779,1,2,2,2
157781,0,1,1,2
157783,3,8,4,6
157785,0,2,1,3
157787,1,2,2,2
157789,1,1,2,1
157791,1,1,2,1
157793,10,16,11,7
157795,0,2,1,3
157797,22,115,23,94
157799,0,1,1,2
157801,0,3,1,4
157803,0,9,1,10
157805,0,1,1,2
157807,0,1,1,2
157809,0,2,1,3
157811,0,2,1,3
157813,0,4,1,5
157815,0,1,1,2
157817,0,1,1,2
157819,0,2,1,3
157821,0,3,1,4
157823,0,1,1,2
157825,0,2,1,3
157827,0,3,1,4
157829,0,5,1,6
157831,0,3,1,4
157833,0,5,1,6
157835,1,26,2,26
157837,0,4,1,5
157839,0,3,1,4
157841,0,3,1,4
157843,0,2,1,3
157845,1,1,2,1
157847,9,38,10,30
157849,4,13,5,10
157851,34,88,35,55
157853,27,52,28,26
157855,0,1,1,2
157865,11,64,12,54
157867,1,5,2,5
157869,1,2,2,2
157871,1,2,2,2
157873,3,3,4,1
157875,3,4,4,2
157877,1,2,2,2
157879,1,1,2,1
157881,8,52,9,45
157883,1,2,2,2
157885,1,1,2,1
157887,3,13,4,11
157889,1,1,2,1
157891,0,7,1,8
157893,2,3,3,2
157895,0,1,1,2
157899,1,1,2,1
157901,0,1,1,2
157903,0,1,1,2
157907,0,1,1,2
157909,0,1,1,2
157913,0,1,1,2
157915,3,5,4,3
157923,0,1,1,2
157925,0,1,1,2
157927,1,1,2,1
157929,0,1,1,2
157931,2,2,3,1
157933,0,1,1,2
157935,1,2,2,2
157937,0,1,1,2
157939,0,1,1,2
157943,0,3,1,4
157947,0,1,1,2
157949,0,1,1,2
157955,0,2,1,3
157957,1,4,2,4
157959,4,34,5,31
157961,35,128,36,94
157963,1,3,2,3
157965,1,1,2,1
157967,2,3,3,2
157969,1,6,2,6
157971,0,3,1,4
157973,0,1,1,2
157975,1,2,2,2
157977,2,3,3,2
157981,0,1,1,2
157983,0,1,1,2
157985,0,1,1,2
157987,1,3,2,3
157989,0,1,1,2
157991,1,2,2,2
157993,1,3,2,3
157995,1,13,2,13
157997,1,4,2,4
157999,2,2,3,1
158001,0,1,1,2
158003,24,41,25,18
158005,2,2,3,1
158007,9,18,10,10
158009,1,2,2,2
158011,1,1,2,1
158013,1,2,2,2
158015,1,1,2,1
158017,1,2,2,2
158019,1,2,2,2
158022,0,2,1,3
158024,1,5,2,5
158027,2,4,3,3
158029,5,6,6,2
158031,2,3,3,2
158033,1,2,2,2
158035,6,9,7,4
158037,1,2,2,2
158039,0,1,1,2
158041,0,2,1,3
158043,0,2,1,3
158045,0,1,1,2
158047,1,3,2,3
158049,3,9,4,7
158051,0,3,1,4
158053,2,7,3,6
158056,0,2,1,3
158058,0,3,1,4
158060,0,2,1,3
158062,0,1,1,2
158064,0,3,1,4
158066,0,1,1,2
158068,0,2,1,3
158070,12,35,13,24
158072,1,3,2,3
158074,1,2,2,2
158076,1,4,2,4
158078,0,1,1,2
158080,0,5,1,6
158082,0,2,1,3
158084,1,4,2,4
158086,0,2,1,3
158088,0,2,1,3
158090,0,4,1,5
158092,27,41,28,15
158094,3,16,4,14
158099,2,7,3,6
158101,3,6,4,4
158103,2,3,3,2
158105,0,1,1,2
158107,2,4,3,3
158109,1,1,2,1
158111,1,1,2,1
158113,0,1,1,2
158115,1,1,2,1
158117,1,1,2,1
158119,2,2,3,1
158121,1,2,2,2
158123,2,4,3,3
158125,1,2,2,2
158127,1,2,2,2
158129,2,3,3,2
158131,0,2,1,3
158133,1,1,2,1
158135,1,2,2,2
158137,2,5,3,4
158139,0,4,1,5
158141,1,3,2,3
158143,1,3,2,3
158145,2,5,3,4
158147,1,4,2,4
158149,1,2,2,2
158151,2,6,3,5
158153,0,5,1,6
158155,0,1,1,2
158157,13,19,14,7
158159,12,26,13,15
158161,0,3,1,4
158163,2,3,3,2
158165,2,2,3,1
158167,0,2,1,3
158172,0,2,1,3
158182,2,8,3,7
158184,2,2,3,1
158186,0,1,1,2
158188,4,12,5,9
158192,2,5,3,4
158198,0,2,1,3
158200,1,3,2,3
158204,0,1,1,2
158206,1,2,2,2
158208,1,3,2,3
158210,0,3,1,4
158214,1,4,2,4
158216,0,1,1,2
158220,1,3,2,3
158222,0,1,1,2
158224,0,1,1,2
158226,0,1,1,2
158228,0,1,1,2
158230,1,1,2,1
158232,0,2,1,3
158234,0,1,1,2
158236,0,2,1,3
158238,1870,3362,1871,1493
158240,0,1,1,2
158242,2,2,3,1
158244,5,6,6,2
158246,1,2,2,2
158248,4,4,5,1
158250,5,15,6,11
158252,1,6,2,6
158254,2,43,3,42
158256,1,3,2,3
158258,8,9,9,2
158260,51,210,52,160
158262,0,2,1,3
158264,6,8,7,3
158266,2,7,3,6
158268,2,16,3,15
158270,19,30,20,12
158272,0,3,1,4
158274,0,3,1,4
158276,0,2,1,3
158278,0,2,1,3
158280,1,3,2,3
158282,1,4,2,4
158284,6,13,7,8
158286,2,8,3,7
158288,3,9,4,7
158290,6,8,7,3
158292,2,5,3,4
158294,5,8,6,4
158296,9,18,10,10
158298,2,8,3,7
158300,4,10,5,7
158302,2,3,3,2
158304,4,7,5,4
158306,1,1,2,1
158308,2,3,3,2
158310,20,38,21,19
158312,3,4,4,2
158314,10,21,11,12
158316,19,28,20,10
158318,3,5,4,3
158320,1,4,2,4
158322,5,8,6,4
158324,3,3,4,1
158326,3,8,4,6
158328,1,3,2,3
158330,4,8,5,5
158332,1,3,2,3
158334,1,3,2,3
158336,4,23,5,20
158338,3,5,4,3
158344,1,3,2,3
158348,0,2,1,3
158352,0,1,1,2
158354,3,6,4,4
158356,0,1,1,2
158358,1,4,2,4
158360,1,1,2,1
158362,0,1,1,2
158364,2,4,3,3
158368,1,5,2,5
158372,0,2,1,3
158376,0,5,1,6
158378,1,1,2,1
158380,1,3,2,3
158382,7,54,8,48
158384,0,2,1,3
158386,0,2,1,3
158388,3,20,4,18
158390,2,16,3,15
158392,0,2,1,3
158394,1,8,2,8
158396,1,3,2,3
158398,12,22,13,11
158400,0,1,1,2
158402,30,60,31,31
158404,1,4,2,4
158406,0,1,1,2
158408,11,25,12,15
158412,8,28,9,21
158414,14,27,15,14
158416,1,5,2,5
158418,2,5,3,4
158420,0,7,1,8
158422,0,2,1,3
158424,0,2,1,3
158426,2,4,3,3
158428,5,39,6,35
158435,0,1,1,2
158437,0,1,1,2
158439,0,2,1,3
158447,0,1,1,2
158451,0,1,1,2
158458,1,3,2,3
158460,0,4,1,5
158476,2,2,3,1
158478,0,1,1,2
158484,0,2,1,3
158486,1,3,2,3
158491,6,9,7,4
158508,1,3,2,3
158510,4,10,5,7
158512,0,3,1,4
158514,0,1,1,2
158518,2,11,3,10
158526,2,4,3,3
158528,125,538,126,414
158530,6,46,7,41
158532,7,10,8,4
158534,13,18,14,6
158536,5,9,6,5
158538,16,26,17,11
158540,3,10,4,8
158542,1,4,2,4
158545,1,1,2,1
158547,2,6,3,5
158549,1,3,2,3
158551,0,2,1,3
158553,0,2,1,3
158557,0,1,1,2
158559,2,2,3,1
158561,0,4,1,5
158563,0,1,1,2
158565,1,5,2,5
158571,3,8,4,6
158575,6,20,7,15
158577,0,9,1,10
158579,1,5,2,5
158581,3,15,4,13
158583,0,1,1,2
158585,2,7,3,6
158587,1,6,2,6
158589,3,9,4,7
158591,1,3,2,3
158593,2,3,3,2
158595,0,3,1,4
158597,1,6,2,6
158599,2,7,3,6
158601,2,7,3,6
158603,9,11,10,3
158605,2,4,3,3
158607,2,6,3,5
158609,0,2,1,3
158611,5,7,6,3
158613,2,9,3,8
158615,1,3,2,3
158617,2,3,3,2
158619,3,19,4,17
158621,0,2,1,3
158623,0,2,1,3
158625,3,6,4,4
158627,0,2,1,3
158629,1,2,2,2
158631,0,2,1,3
158633,0,2,1,3
158635,0,2,1,3
158637,1,3,2,3
158639,1,5,2,5
158641,0,2,1,3
158643,0,2,1,3
158645,0,2,1,3
158647,2,3,3,2
158649,1,1,2,1
158651,5,11,6,7
158653,0,1,1,2
158655,6,7,7,2
158657,1,3,2,3
158659,1,8,2,8
158661,1,4,2,4
158663,1,1,2,1
158665,0,2,1,3
158667,2,2,3,1
158669,0,3,1,4
158673,0,5,1,6
158675,0,1,1,2
158679,1,1,2,1
158681,1,1,2,1
158685,0,1,1,2
158687,1,2,2,2
158689,1,4,2,4
158691,3,15,4,13
158693,2,6,3,5
158695,0,4,1,5
158697,2,11,3,10
158699,1,1,2,1
158701,0,1,1,2
158705,0,2,1,3
158707,0,4,1,5
158709,1,4,2,4
158711,0,6,1,7
158713,1,2,2,2
158715,0,1,1,2
158717,0,2,1,3
158719,0,4,1,5
158721,0,3,1,4
158723,0,1,1,2
158725,6,17,7,12
158727,3,15,4,13
158729,5,7,6,3
158731,0,10,1,11
158735,1,2,2,2
158737,0,2,1,3
158739,1,1,2,1
158741,0,4,1,5
158743,4,6,5,3
158745,1,2,2,2
158747,1,2,2,2
158751,0,1,1,2
158755,3,4,4,2
158757,3,3,4,1
158759,1,3,2,3
158761,1,3,2,3
158763,0,1,1,2
158765,0,1,1,2
158767,0,2,1,3
158769,3,5,4,3
158771,0,1,1,2
158773,1,1,2,1
158775,1,3,2,3
158777,0,2,1,3
158779,2,5,3,4
158781,0,1,1,2
158783,923,1200,924,278
158785,0,1,1,2
158789,0,1,1,2
158791,0,1,1,2
158797,0,1,1,2
158799,0,1,1,2
158801,0,3,1,4
158803,0,1,1,2
158805,2,6,3,5
158807,1,6,2,6
158809,1,1,2,1
158811,2,6,3,5
158813,266,892,267,627
158815,0,1,1,2
158817,4,7,5,4
158819,2,7,3,6
158821,3,5,4,3
158823,2,6,3,5
158825,4,7,5,4
158827,6,10,7,5
158830,138,526,139,389
158832,2,4,3,3
158838,0,1,1,2
158840,3,9,4,7
158842,72,171,73,100
158844,12,21,13,10
158846,24,39,25,16
158848,12,22,13,11
158850,10,14,11,5
158852,13,22,14,10
158854,7,14,8,8
158856,11,18,12,8
158858,16,27,17,12
158860,18,24,19,7
158862,6,12,7,7
158864,23,29,24,7
158866,9,18,10,10
158868,11,18,12,8
158870,4,9,5,6
158872,314,1441,315,1128
158874,0,2,1,3
158876,2,5,3,4
158878,5,9,6,5
158880,5,9,6,5
158882,2,4,3,3
158884,2,4,3,3
158886,7,9,8,3
158888,3,9,4,7
158890,5,9,6,5
158892,1,2,2,2
158894,6,7,7,2
158896,0,4,1,5
158898,2,4,3,3
158900,4,10,5,7
158902,2,4,3,3
158904,6,12,7,7
158906,5,10,6,6
158908,0,3,1,4
158910,5,8,6,4
158912,2,5,3,4
158914,1,3,2,3
158916,1,4,2,4
158918,0,1,1,2
158920,0,1,1,2
158922,2,4,3,3
158924,1,3,2,3
158926,2,2,3,1
158928,4,10,5,7
158930,2,8,3,7
158932,1,3,2,3
158934,0,3,1,4
158936,0,6,1,7
158938,1,4,2,4
158940,3,8,4,6
158942,1,6,2,6
158944,1,2,2,2
158946,6,11,7,6
158948,1,2,2,2
158950,2,4,3,3
158952,0,2,1,3
158954,1,5,2,5
158956,24,141,25,118
158958,10,13,11,4
158962,14,56,15,43
158964,0,2,1,3
158966,1253,1860,1254,608
158968,0,2,1,3
158970,9,13,10,5
158972,217,398,218,182
158974,14,39,15,26
158976,3,9,4,7
158980,0,2,1,3
158982,0,3,1,4
158984,0,2,1,3
158986,0,3,1,4
158988,0,2,1,3
158990,0,4,1,5
158992,1,3,2,3
158996,0,1,1,2
158998,0,3,1,4
159000,13,30,14,18
159002,4,9,5,6
159004,4,18,5,15
159017,3,5,4,3
159022,0,2,1,3
159024,1,16,2,16
159026,0,1,1,2
159028,2,11,3,10
159030,1,12,2,12
159034,3,5,4,3
159036,2,9,3,8
159038,1,7,2,7
159040,3,6,4,4
159042,2,8,3,7
159044,1,3,2,3
159046,2,7,3,6
159048,1,1,2,1
159050,1,1,2,1
159053,1,1,2,1
159055,1,4,2,4
159057,0,1,1,2
159059,1,2,2,2
159061,196,360,197,165
159063,0,4,1,5
159065,2,5,3,4
159067,0,3,1,4
159069,3,8,4,6
159071,1,4,2,4
159073,1,6,2,6
159075,2,3,3,2
159077,17,68,18,52
159079,2,3,3,2
159081,1,5,2,5
159083,2,4,3,3
159085,2,5,3,4
159087,1,3,2,3
159089,5,15,6,11
159091,0,4,1,5
159093,1173,2677,1174,1505
159095,1,5,2,5
159097,0,3,1,4
159099,1,3,2,3
159101,2,6,3,5
159103,2,4,3,3
159107,4,7,5,4
159109,0,1,1,2
159111,4,13,5,10
159113,0,1,1,2
159115,4,11,5,8
159117,2,3,3,2
159119,1,2,2,2
159121,2,6,3,5
159123,2,2,3,1
159125,1,1,2,1
159127,1,3,2,3
159129,3,5,4,3
159131,2,5,3,4
159133,1,3,2,3
159135,1,1,2,1
159137,1,3,2,3
159139,4,6,5,3
159141,2,2,3,1
159143,2,8,3,7
159145,1,2,2,2
159147,1,3,2,3
159149,2,8,3,7
159151,1,7,2,7
159153,9,18,10,10
159155,2,8,3,7
159157,1,8,2,8
159159,3,9,4,7
159161,49,90,50,42
159163,13,41,14,29
159165,2,5,3,4
159167,0,1,1,2
159169,2,15,3,14
159173,2,3,3,2
159175,3,14,4,12
159177,12,32,13,21
159179,1,9,2,9
159181,2,4,3,3
159183,0,2,1,3
159185,7,11,8,5
159187,0,2,1,3
159191,83,172,84,90
159193,162,520,163,359
159195,199,325,200,127
159197,0,2,1,3
159199,0,2,1,3
159201,1,1,2,1
159203,3,4,4,2
159205,1,2,2,2
159207,2,5,3,4
159209,4,8,5,5
159211,1,4,2,4
159213,0,7,1,8
159215,1,2,2,2
159217,2,3,3,2
159219,0,1,1,2
159221,0,7,1,8
159223,2,19,3,18
159225,0,1,1,2
159233,1,6,2,6
159235,0,2,1,3
159237,0,2,1,3
159239,0,2,1,3
159241,0,4,1,5
159243,1,11,2,11
159245,0,1,1,2
159247,0,1,1,2
159249,4,14,5,11
159251,0,2,1,3
159253,0,3,1,4
159255,1,2,2,2
159257,0,2,1,3
159259,1,5,2,5
159261,3,4,4,2
159271,1,5,2,5
159273,0,1,1,2
159275,0,1,1,2
159281,0,1,1,2
159283,0,1,1,2
159287,0,1,1,2
159295,0,1,1,2
159297,0,1,1,2
159301,0,1,1,2
159303,1,5,2,5
159305,2,3,3,2
159307,2,3,3,2
159311,2,3,3,2
159313,1,3,2,3
159315,2,5,3,4
159317,0,1,1,2
159319,1,2,2,2
159321,0,1,1,2
159323,0,2,1,3
159325,0,1,1,2
159329,0,3,1,4
159331,0,4,1,5
159333,1,2,2,2
159335,1,4,2,4
159337,0,1,1,2
159339,0,1,1,2
159343,0,1,1,2
159345,0,2,1,3
159347,0,1,1,2
159349,1,1,2,1
159355,0,4,1,5
159357,1,3,2,3
159359,4,6,5,3
159361,0,4,1,5
159363,0,1,1,2
159367,2,3,3,2
159369,1,3,2,3
159371,1,1,2,1
159373,0,1,1,2
159375,0,3,1,4
159377,1,2,2,2
159381,0,2,1,3
159383,0,1,1,2
159387,0,1,1,2
159389,1,2,2,2
159395,0,2,1,3
159397,0,1,1,2
159399,7,13,8,7
159401,1,6,2,6
159403,16,31,17,16
159405,1,4,2,4
159407,0,4,1,5
159409,3,8,4,6
159411,1,9,2,9
159413,1,3,2,3
159415,554,1207,555,654
159417,0,1,1,2
159419,2,12,3,11
159423,3,7,4,5
159425,0,3,1,4
159427,15,33,16,19
159429,1,4,2,4
159431,1,4,2,4
159433,0,1,1,2
159435,1,4,2,4
159437,1,6,2,6
159439,3,8,4,6
159441,48,287,49,240
159443,0,2,1,3
159445,4,11,5,8
159447,39,141,40,103
159451,30,82,31,53
159462,4,17,5,14
159464,1,2,2,2
159467,2,3,3,2
159469,0,7,1,8
159471,1,1,2,1
159473,1,1,2,1
159480,0,3,1,4
159482,0,1,1,2
159484,3,13,4,11
159486,6,12,7,7
159488,0,4,1,5
159490,0,1,1,2
159492,2,3,3,2
159496,0,2,1,3
159498,0,2,1,3
159500,0,2,1,3
159510,1,5,2,5
159522,0,1,1,2
159528,0,1,1,2
159530,0,1,1,2
159536,0,5,1,6
159538,0,1,1,2
159540,1,8,2,8
159542,1,4,2,4
159546,0,1,1,2
159556,0,3,1,4
159558,1,1,2,1
159562,0,1,1,2
159564,1,1,2,1
159572,0,1,1,2
159594,0,1,1,2
159600,0,1,1,2
159604,0,1,1,2
159606,16,26,17,11
159608,1,4,2,4
159610,4,11,5,8
159612,0,1,1,2
159614,15,54,16,40
159616,0,2,1,3
159622,1,10,2,10
159624,0,7,1,8
159626,3,19,4,17
159628,2,6,3,5
159630,0,2,1,3
159632,2,3,3,2
159636,1,4,2,4
159638,2,4,3,3
159640,1,7,2,7
159642,0,4,1,5
159644,0,2,1,3
159646,1,4,2,4
159648,1,1,2,1
159650,0,2,1,3
159652,1,6,2,6
159654,0,3,1,4
159656,4,8,5,5
159658,3,4,4,2
159660,0,2,1,3
159664,0,1,1,2
159666,0,1,1,2
159668,0,1,1,2
159670,0,1,1,2
159672,1,1,2,1
159674,0,3,1,4
159676,0,3,1,4
159678,0,2,1,3
159682,0,2,1,3
159684,0,2,1,3
159686,0,1,1,2
159688,0,2,1,3
159690,79,438,80,360
159692,8,18,9,11
159694,0,3,1,4
159696,5,59,6,55
159698,1,3,2,3
159700,2,2,3,1
159702,3,4,4,2
159704,2,4,3,3
159706,0,2,1,3
159708,1,2,2,2
159710,0,1,1,2
159712,0,2,1,3
159714,1,5,2,5
159717,326,561,327,236
159719,3,12,4,10
159721,5,12,6,8
159723,0,1,1,2
159725,3,15,4,13
159727,0,4,1,5
159729,4,12,5,9
159731,2,5,3,4
159733,5,8,6,4
159735,1,7,2,7
159739,3,6,4,4
159741,0,10,1,11
159747,1,3,2,3
159749,1,3,2,3
159751,0,2,1,3
159753,0,3,1,4
159755,140,484,141,345
159757,0,1,1,2
159759,0,1,1,2
159761,2,4,3,3
159763,1,2,2,2
159769,0,3,1,4
159771,8,26,9,19
159773,2,6,3,5
159779,7,17,8,11
159781,2,4,3,3
159784,1,7,2,7
159786,2,3,3,2
159789,3,7,4,5
159795,1,3,2,3
159797,2,2,3,1
159799,2,18,3,17
159801,1,2,2,2
159803,2,5,3,4
159805,1,3,2,3
159807,1,4,2,4
159809,1,4,2,4
159811,74,112,75,39
159813,1,20,2,20
159817,1544,1747,1545,204
159819,189,229,190,41
159821,1,1,2,1
159823,3,6,4,4
159827,47,94,48,48
159829,1,7,2,7
159833,0,1,1,2
159837,0,1,1,2
159839,0,2,1,3
159841,0,1,1,2
159849,145,221,146,77
159851,0,1,1,2
159853,3,6,4,4
159856,0,1,1,2
159858,523,1152,524,630
159860,0,1,1,2
159869,0,1,1,2
159873,2,5,3,4
159877,0,9,1,10
159879,0,1,1,2
159894,0,2,1,3
159896,0,1,1,2
159904,1,1,2,1
159906,2,5,3,4
159913,0,1,1,2
159915,1,11,2,11
159917,145,250,146,106
159942,1,5,2,5
159944,3,13,4,11
159951,0,1,1,2
159955,0,1,1,2
159958,0,1,1,2
159960,0,1,1,2
159965,0,1,1,2
159968,0,1,1,2
159970,9,28,10,20
159972,5,54,6,50
159974,0,1,1,2
159976,20,51,21,32
159978,2,5,3,4
159980,2,5,3,4
159984,0,3,1,4
159988,4,5,5,2
159992,0,5,1,6
159994,1,2,2,2
159996,0,2,1,3
159998,1,1,2,1
160000,1,3,2,3
160002,0,1,1,2
160004,0,2,1,3
160008,1,1,2,1
160010,17,28,18,12
160012,0,11,1,12
160014,0,2,1,3
160016,1,5,2,5
160018,3,11,4,9
160020,30,63,31,34
160022,1,2,2,2
160024,0,3,1,4
160026,0,1,1,2
160028,1,1,2,1
160030,1,2,2,2
160040,0,1,1,2
160042,0,2,1,3
160044,0,2,1,3
160048,0,1,1,2
160050,0,1,1,2
160052,0,1,1,2
160054,1,2,2,2
160056,2,12,3,11
160058,1,1,2,1
160062,0,1,1,2
160064,0,2,1,3
160066,2,4,3,3
160068,0,1,1,2
160072,0,1,1,2
160074,0,1,1,2
160078,0,1,1,2
160080,282,1282,283,1001
160082,0,2,1,3
160084,8,26,9,19
160086,2,5,3,4
160088,0,1,1,2
160090,0,3,1,4
160092,1,2,2,2
160096,1,2,2,2
160098,0,2,1,3
160100,1,4,2,4
160102,1,3,2,3
160104,1,2,2,2
160106,3,9,4,7
160108,0,1,1,2
160110,11,18,12,8
160112,8,117,9,110
160114,8,25,9,18
160116,0,2,1,3
160118,0,1,1,2
160120,0,1,1,2
160122,0,2,1,3
160124,4,16,5,13
160126,2,5,3,4
160128,2,8,3,7
160131,0,4,1,5
160133,1,3,2,3
160135,0,1,1,2
160137,1,2,2,2
160139,5,15,6,11
160141,1,3,2,3
160143,0,2,1,3
160145,4,11,5,8
160147,3,11,4,9
160149,3,34,4,32
160151,2,4,3,3
160153,0,3,1,4
160155,1,7,2,7
160157,0,2,1,3
160159,2,7,3,6
160161,7,22,8,16
160165,1,3,2,3
160167,0,3,1,4
160169,1,10,2,10
160171,0,3,1,4
160173,0,4,1,5
160175,0,5,1,6
160177,0,4,1,5
160179,1,4,2,4
160181,4,8,5,5
160183,3,4,4,2
160185,1,5,2,5
160187,6,33,7,28
160189,4,8,5,5
160191,2,11,3,10
160195,1,1,2,1
160197,2,4,3,3
160199,0,3,1,4
160201,13,35,14,23
160203,1,7,2,7
160205,5,8,6,4
160207,3,8,4,6
160209,23,34,24,12
160211,1,1,2,1
160213,0,2,1,3
160215,0,2,1,3
160217,2,6,3,5
160219,2,6,3,5
160221,0,4,1,5
160223,0,2,1,3
160225,2,5,3,4
160227,1,3,2,3
160229,1,1,2,1
160231,1,3,2,3
160233,1,3,2,3
160236,5,17,6,13
160238,7,10,8,4
160240,1,3,2,3
160253,0,1,1,2
160259,0,1,1,2
160261,1,1,2,1
160265,1,3,2,3
160267,0,3,1,4
160269,0,2,1,3
160271,321,1078,322,758
160273,2,5,3,4
160275,0,1,1,2
160277,0,2,1,3
160279,4,8,5,5
160281,2,3,3,2
160283,0,1,1,2
160285,0,2,1,3
160287,1,3,2,3
160289,340,436,341,97
160291,1,12,2,12
160293,0,3,1,4
160295,0,2,1,3
160297,0,4,1,5
160299,0,2,1,3
160301,10,38,11,29
160303,0,3,1,4
160305,0,2,1,3
160307,0,1,1,2
160315,3,4,4,2
160317,17,28,18,12
160319,4,15,5,12
160321,2,3,3,2
160323,0,2,1,3
160327,2,12,3,11
160329,0,1,1,2
160331,0,1,1,2
160333,13,26,14,14
160335,19,29,20,11
160337,0,5,1,6
160339,2,4,3,3
160341,0,2,1,3
160343,0,1,1,2
160346,0,5,1,6
160348,0,5,1,6
160350,0,1,1,2
160352,1,2,2,2
160354,1,3,2,3
160356,0,2,1,3
160358,0,1,1,2
160360,1,5,2,5
160370,0,2,1,3
160378,1,2,2,2
160380,3,4,4,2
160388,0,2,1,3
160392,0,1,1,2
160394,2,8,3,7
160396,0,2,1,3
160398,3,8,4,6
160400,31,86,32,56
160402,6,10,7,5
160404,0,1,1,2
160406,0,2,1,3
160408,0,4,1,5
160410,0,1,1,2
160412,0,2,1,3
160414,0,1,1,2
160416,10,21,11,12
160418,0,4,1,5
160420,5,8,6,4
160422,0,6,1,7
160424,0,3,1,4
160426,2,10,3,9
160428,1,10,2,10
160430,0,3,1,4
160432,6,14,7,9
160434,1,4,2,4
160436,8,18,9,11
160438,758,1905,759,1148
160440,0,1,1,2
160442,0,1,1,2
160444,1,3,2,3
160446,0,3,1,4
160448,3,4,4,2
160450,0,1,1,2
160452,0,3,1,4
160454,7,15,8,9
160456,3,6,4,4
160458,0,4,1,5
160460,3,10,4,8
160462,2,6,3,5
160464,1,7,2,7
160466,2,2,3,1
160468,0,2,1,3
160470,4,7,5,4
160472,1,2,2,2
160474,6,20,7,15
160476,0,1,1,2
160480,0,2,1,3
160484,0,5,1,6
160486,0,3,1,4
160488,0,1,1,2
160492,0,2,1,3
160494,0,5,1,6
160496,0,1,1,2
160498,0,1,1,2
160504,1,2,2,2
160506,0,3,1,4
160508,0,2,1,3
160511,2,4,3,3
160513,1,1,2,1
160515,1,2,2,2
160519,3,5,4,3
160523,0,1,1,2
160525,0,2,1,3
160527,1,4,2,4
160529,0,2,1,3
160531,1,5,2,5
160533,5,21,6,17
160535,0,1,1,2
160541,1,1,2,1
160543,1,2,2,2
160545,0,7,1,8
160549,2,2,3,1
160551,1,4,2,4
160553,23,58,24,36
160555,13,30,14,18
160557,1,8,2,8
160559,23,78,24,56
160561,1,3,2,3
160563,163,699,164,537
160565,115,487,116,373
160567,171,528,172,358
160569,101,381,102,281
160571,119,485,120,367
160573,89,300,90,212
160575,2,11,3,10
160577,0,2,1,3
160579,1,3,2,3
160581,3,44,4,42
160584,0,2,1,3
160586,2,13,3,12
160588,2,5,3,4
160590,15,20,16,6
160592,1,1,2,1
160596,2,3,3,2
160598,2,16,3,15
160600,0,2,1,3
160602,1,2,2,2
160604,2,5,3,4
160606,0,2,1,3
160608,2,16,3,15
160614,0,1,1,2
160620,0,1,1,2
160624,1,1,2,1
160638,2,6,3,5
160642,1,2,2,2
160644,30,79,31,50
160646,8,37,9,30
160648,4,21,5,18
160650,3,9,4,7
160652,3,9,4,7
160654,0,4,1,5
160656,48,114,49,67
160660,0,2,1,3
160664,0,1,1,2
160666,7,13,8,7
160670,0,1,1,2
160672,1,2,2,2
160674,6,41,7,36
160678,4,20,5,17
160680,2,8,3,7
160682,4,7,5,4
160684,19,85,20,67
160686,0,2,1,3
160688,1,2,2,2
160690,0,1,1,2
160692,1,2,2,2
160694,6,7,7,2
160696,1,1,2,1
160698,2,4,3,3
160700,1,21,2,21
160702,1,2,2,2
160704,0,1,1,2
160706,9,17,10,9
160708,0,4,1,5
160710,9,57,10,49
160712,2,3,3,2
160714,0,1,1,2
160716,0,2,1,3
160718,943,1234,944,292
160720,1,6,2,6
160722,4,10,5,7
160724,0,1,1,2
160726,10,28,11,19
160728,2,2,3,1
160730,3,19,4,17
160732,2,4,3,3
160734,1,5,2,5
160736,1,3,2,3
160738,0,2,1,3
160742,0,1,1,2
160744,2,6,3,5
160746,1,2,2,2
160754,0,2,1,3
160756,0,1,1,2
160764,2,4,3,3
160766,0,1,1,2
160768,2,8,3,7
160770,1,10,2,10
160772,0,1,1,2
160776,2,2,3,1
160780,0,2,1,3
160782,0,2,1,3
160784,0,1,1,2
160788,0,1,1,2
160792,1,3,2,3
160794,0,1,1,2
160796,2,10,3,9
160798,0,4,1,5
160800,2,2,3,1
160802,0,2,1,3
160804,0,2,1,3
160808,0,1,1,2
160810,0,2,1,3
160812,1,3,2,3
160816,0,1,1,2
160822,1,1,2,1
160824,0,1,1,2
160826,0,2,1,3
160828,0,4,1,5
160830,0,4,1,5
160832,1,3,2,3
160836,1,8,2,8
160838,0,2,1,3
160840,0,1,1,2
160842,0,1,1,2
160844,1,5,2,5
160846,3,5,4,3
160848,124,264,125,141
160850,0,1,1,2
160852,2,3,3,2
160854,0,2,1,3
160858,2,10,3,9
160860,1,6,2,6
160862,9,16,10,8
160864,0,2,1,3
160866,0,5,1,6
160868,0,1,1,2
160870,0,1,1,2
160872,1,22,2,22
160874,25,61,26,37
160876,20,47,21,28
160878,2,3,3,2
160880,8,21,9,14
160882,4,21,5,18
160884,0,3,1,4
160886,2,7,3,6
160888,1,2,2,2
160890,1,3,2,3
160892,14,27,15,14
160894,2,6,3,5
160896,4,13,5,10
160898,1,12,2,12
160902,0,1,1,2
160906,0,1,1,2
160910,0,2,1,3
160912,0,2,1,3
160914,0,1,1,2
160916,0,1,1,2
160918,0,1,1,2
160920,0,1,1,2
160922,0,1,1,2
160924,0,1,1,2
160926,0,1,1,2
160930,0,1,1,2
160934,0,1,1,2
160936,0,1,1,2
160938,0,2,1,3
160940,0,1,1,2
160942,0,3,1,4
160944,0,1,1,2
160946,0,3,1,4
160948,0,6,1,7
160950,0,2,1,3
160952,5,16,6,12
160954,381,900,382,520
160956,1,13,2,13
160958,0,1,1,2
160962,3,10,4,8
160964,8,14,9,7
160966,1,2,2,2
160968,1,1,2,1
160970,1,1,2,1
160972,1,1,2,1
160974,1,2,2,2
160976,5,7,6,3
160978,1,9,2,9
160980,1029,1807,1030,779
160982,12,29,13,18
160984,3,11,4,9
160986,2,9,3,8
160988,29,61,30,33
160990,47,92,48,46
160992,5,17,6,13
160994,0,1,1,2
160996,0,1,1,2
160998,0,1,1,2
161000,0,1,1,2
161004,0,1,1,2
161008,0,3,1,4
161010,0,1,1,2
161012,0,8,1,9
161014,0,4,1,5
161016,0,2,1,3
161018,1,4,2,4
161020,0,1,1,2
161022,1,9,2,9
161024,58,92,59,35
161026,1,4,2,4
161028,3,6,4,4
161030,0,2,1,3
161032,22,47,23,26
161034,15,37,16,23
161036,0,3,1,4
161038,0,1,1,2
161040,1,3,2,3
161042,0,6,1,7
161044,0,5,1,6
161046,4,8,5,5
161048,1,2,2,2
161050,0,4,1,5
161052,0,2,1,3
161054,0,2,1,3
161056,1,1,2,1
161058,1,3,2,3
161060,9,26,10,18
161062,12,35,13,24
161064,1,2,2,2
161066,1,11,2,11
161068,1,9,2,9
161070,0,2,1,3
161072,0,4,1,5
161074,1,11,2,11
161076,0,1,1,2
161078,6,27,7,22
161080,0,2,1,3
161082,2,2,3,1
161084,1,8,2,8
161086,1,5,2,5
161090,1,4,2,4
161092,2,4,3,3
161094,4,6,5,3
161096,1,5,2,5
161098,3,3,4,1
161100,0,4,1,5
161103,0,2,1,3
161105,2,14,3,13
161107,1,8,2,8
161109,1,4,2,4
161111,3,16,4,14
161113,3,7,4,5
161115,2,7,3,6
161117,1,8,2,8
161119,2,4,3,3
161121,2,4,3,3
161123,1,3,2,3
161127,177,434,178,258
161129,0,1,1,2
161131,641,1379,642,739
161133,0,1,1,2
161135,0,2,1,3
161139,0,1,1,2
161143,1,8,2,8
161145,1,2,2,2
161147,0,1,1,2
161149,1,2,2,2
161151,1,4,2,4
161153,1,2,2,2
161155,0,3,1,4
161157,7,19,8,13
161159,0,2,1,3
161161,0,2,1,3
161163,6,7,7,2
161165,0,3,1,4
161167,0,1,1,2
161169,3,8,4,6
161171,1,15,2,15
161173,3,15,4,13
161175,0,13,1,14
161177,2,8,3,7
161179,6,16,7,11
161181,2,5,3,4
161185,0,1,1,2
161187,1,3,2,3
161190,4,10,5,7
161192,0,7,1,8
161194,2,2,3,1
161200,1,4,2,4
161202,1,7,2,7
161204,2,6,3,5
161206,1,11,2,11
161208,4,6,5,3
161210,0,2,1,3
161214,0,1,1,2
161216,1,4,2,4
161218,1,3,2,3
161222,0,2,1,3
161224,0,1,1,2
161226,1,2,2,2
161230,0,2,1,3
161232,0,1,1,2
161234,1,3,2,3
161240,20,41,21,22
161248,0,1,1,2
161250,0,1,1,2
161256,0,1,1,2
161258,0,1,1,2
161262,0,3,1,4
161264,0,1,1,2
161266,2,2,3,1
161270,0,3,1,4
161274,0,5,1,6
161276,1,3,2,3
161278,0,1,1,2
161280,1,2,2,2
161282,2,2,3,1
161286,0,1,1,2
161288,1,6,2,6
161290,1,7,2,7
161292,6,18,7,13
161294,3,4,4,2
161298,1,5,2,5
161300,1,2,2,2
161302,2,11,3,10
161304,3,8,4,6
161306,0,4,1,5
161308,3,3,4,1
161310,1,3,2,3
161312,6,22,7,17
161316,1,3,2,3
161318,1,1,2,1
161324,0,2,1,3
161326,1,8,2,8
161328,4,17,5,14
161330,1,3,2,3
161332,0,4,1,5
161334,10,33,11,24
161336,4,17,5,14
161338,2,5,3,4
161340,0,2,1,3
161342,1,3,2,3
161344,0,1,1,2
161346,5,21,6,17
161348,43,134,44,92
161350,0,2,1,3
161354,67,292,68,226
161356,1,3,2,3
161358,0,3,1,4
161360,4,6,5,3
161362,2,5,3,4
161364,0,6,1,7
161368,0,2,1,3
161370,0,1,1,2
161374,0,2,1,3
161378,0,1,1,2
161394,0,2,1,3
161396,0,3,1,4
161398,2,4,3,3
161402,0,1,1,2
161404,0,1,1,2
161406,1,4,2,4
161408,0,1,1,2
161412,0,1,1,2
161422,0,1,1,2
161426,1,5,2,5
161430,1,2,2,2
161440,0,2,1,3
161444,0,4,1,5
161446,0,2,1,3
161448,0,1,1,2
161450,1,4,2,4
161458,0,1,1,2
161464,0,1,1,2
161466,0,2,1,3
161468,2,2,3,1
161470,1,1,2,1
161474,2,9,3,8
161482,1,1,2,1
161484,0,2,1,3
161486,0,1,1,2
161490,2,11,3,10
161500,0,2,1,3
161502,1,2,2,2
161504,1,5,2,5
161506,1,3,2,3
161508,2,5,3,4
161512,0,1,1,2
161514,0,1,1,2
161526,0,1,1,2
161528,0,1,1,2
161530,0,4,1,5
161534,0,2,1,3
161536,0,2,1,3
161538,0,3,1,4
161544,2,4,3,3
161550,0,3,1,4
161554,0,2,1,3
161556,0,5,1,6
161558,0,1,1,2
161562,1,2,2,2
161564,1,6,2,6
161568,0,1,1,2
161570,0,1,1,2
161572,0,1,1,2
161578,2,4,3,3
161580,240,738,241,499
161582,1443,2268,1444,826
161584,17,44,18,28
161586,15,51,16,37
161588,2,26,3,25
161590,0,7,1,8
161592,0,7,1,8
161594,22,84,23,63
161596,2,10,3,9
161598,0,2,1,3
161600,0,1,1,2
161602,0,3,1,4
161604,1,14,2,14
161606,0,2,1,3
161608,10,15,11,6
161610,1,1,2,1
161612,0,2,1,3
161614,0,2,1,3
161616,7,18,8,12
161618,0,1,1,2
161620,11,26,12,16
161622,9,16,10,8
161624,2,9,3,8
161626,0,4,1,5
161628,1,1,2,1
161630,0,3,1,4
161632,3,8,4,6
161634,576,1301,577,726
161636,0,1,1,2
161638,1,4,2,4
161640,3,5,4,3
161642,2,3,3,2
161644,0,1,1,2
161646,2,3,3,2
161650,27,145,28,119
161652,0,11,1,12
161654,3,15,4,13
161656,1,3,2,3
161658,7,23,8,17
161660,0,1,1,2
161662,3,4,4,2
161666,0,8,1,9
161668,0,2,1,3
161670,1,3,2,3
161672,1,6,2,6
161674,1,7,2,7
161676,1,5,2,5
161678,1,6,2,6
161680,0,1,1,2
161682,1,2,2,2
161684,2,9,3,8
161686,4,31,5,28
161688,0,1,1,2
161690,0,1,1,2
161702,0,2,1,3
161706,0,1,1,2
161708,1,3,2,3
161710,1,3,2,3
161712,1,2,2,2
161716,1,1,2,1
161720,2,3,3,2
161722,0,1,1,2
161724,0,1,1,2
161726,0,1,1,2
161730,0,2,1,3
161732,1,2,2,2
161734,0,1,1,2
161738,3,23,4,21
161746,0,1,1,2
161752,1,2,2,2
161754,0,2,1,3
161756,1,2,2,2
161758,1,1,2,1
161762,1,2,2,2
161766,1,1,2,1
161768,3,4,4,2
161770,0,3,1,4
161772,0,2,1,3
161776,1,2,2,2
161778,3,3,4,1
161780,0,3,1,4
161782,0,3,1,4
161784,1,4,2,4
161786,2,7,3,6
161788,0,5,1,6
161790,3,9,4,7
161792,2,6,3,5
161794,4,9,5,6
161796,4,9,5,6
161798,2,8,3,7
161800,1,5,2,5
161802,2,5,3,4
161804,1,5,2,5
161806,1,4,2,4
161808,1,5,2,5
161810,0,1,1,2
161812,0,3,1,4
161814,1,5,2,5
161816,1,4,2,4
161818,0,2,1,3
161820,2,4,3,3
161822,1,4,2,4
161826,0,2,1,3
161830,1,9,2,9
161832,0,1,1,2
161834,0,1,1,2
161838,1,1,2,1
161842,0,3,1,4
161846,0,3,1,4
161848,0,2,1,3
161852,8,55,9,48
161854,0,2,1,3
161864,0,1,1,2
161868,0,1,1,2
161872,2,3,3,2
161876,1,2,2,2
161878,0,1,1,2
161882,0,1,1,2
161892,0,1,1,2
161894,0,3,1,4
161896,0,1,1,2
161898,0,2,1,3
161902,1,1,2,1
161904,0,1,1,2
161906,0,2,1,3
161908,0,1,1,2
161914,0,3,1,4
161916,9,16,10,8
161918,5,48,6,44
161920,1,29,2,29
161922,524,975,525,452
161924,3,13,4,11
161926,0,2,1,3
161928,7,11,8,5
161930,4,7,5,4
161932,0,2,1,3
161934,2,3,3,2
161936,0,4,1,5
161938,2,3,3,2
161940,9,17,10,9
161942,11,15,12,5
161944,2,2,3,1
161948,0,1,1,2
161950,0,1,1,2
161952,1,1,2,1
161954,78,195,79,118
161956,60,231,61,172
161958,13,35,14,23
161960,2,2,3,1
161962,2,5,3,4
161964,1,2,2,2
161966,172,404,173,233
161968,2,14,3,13
161970,0,2,1,3
161972,1,5,2,5
161974,2,16,3,15
161976,0,7,1,8
161978,1,3,2,3
161980,0,1,1,2
161984,1,3,2,3
161986,1,1,2,1
161988,1,2,2,2
161990,1,6,2,6
161992,0,2,1,3
161998,2,7,3,6
162000,0,1,1,2
162002,0,1,1,2
162004,4,8,5,5
162006,4,10,5,7
162008,1,6,2,6
162010,1,3,2,3
162012,1,3,2,3
162022,1,1,2,1
162026,1,3,2,3
162032,0,2,1,3
162038,0,1,1,2
162040,0,1,1,2
162042,0,2,1,3
162046,1,3,2,3
162052,0,1,1,2
162054,1,2,2,2
162056,0,1,1,2
162058,2,4,3,3
162060,0,2,1,3
162062,1,3,2,3
162064,0,1,1,2
162066,1,2,2,2
162070,1,2,2,2
162072,0,1,1,2
162074,0,2,1,3
162078,1,2,2,2
162080,1,4,2,4
162082,551,1011,552,461
162084,0,1,1,2
162086,1,4,2,4
162088,1,4,2,4
162090,1,4,2,4
162092,1,4,2,4
162094,1,4,2,4
162098,1,4,2,4
162100,0,3,1,4
162102,0,3,1,4
162106,0,2,1,3
162108,0,1,1,2
162110,0,2,1,3
162112,0,1,1,2
162116,0,1,1,2
162118,0,1,1,2
162120,0,2,1,3
162126,0,2,1,3
162128,0,1,1,2
162130,0,1,1,2
162132,0,1,1,2
162134,1,2,2,2
162138,0,1,1,2
162146,0,1,1,2
162148,12,68,13,57
162150,1,24,2,24
162152,0,4,1,5
162154,0,2,1,3
162156,0,5,1,6
162158,2,18,3,17
162160,5,46,6,42
162162,3,21,4,19
162164,0,1,1,2
162166,0,3,1,4
162168,3,5,4,3
162170,1,8,2,8
162172,1,19,2,19
162174,1,2,2,2
162188,0,2,1,3
162190,1,2,2,2
162192,1,3,2,3
162194,0,2,1,3
162196,0,2,1,3
162198,0,1,1,2
162200,1,1,2,1
162202,1,2,2,2
162204,1,7,2,7
162208,0,1,1,2
162210,24,34,25,11
162212,0,3,1,4
162214,0,2,1,3
162216,6,10,7,5
162218,0,3,1,4
162220,1,1,2,1
162222,1,1,2,1
162224,1,2,2,2
162226,1,3,2,3
162228,1,9,2,9
162230,0,1,1,2
162232,0,2,1,3
162234,0,1,1,2
162236,0,1,1,2
162238,0,2,1,3
162240,0,3,1,4
162242,1,2,2,2
162244,0,2,1,3
162246,7,16,8,10
162248,0,1,1,2
162250,0,7,1,8
162252,0,3,1,4
162254,0,5,1,6
162256,1,2,2,2
162258,0,2,1,3
162260,2,2,3,1
162262,1,3,2,3
162264,0,2,1,3
162266,0,2,1,3
162268,2,7,3,6
162270,0,3,1,4
162272,2,6,3,5
162274,0,2,1,3
162276,0,4,1,5
162278,0,5,1,6
162280,0,1,1,2
162282,0,3,1,4
162284,1,3,2,3
162286,0,3,1,4
162288,0,1,1,2
162290,0,5,1,6
162292,0,2,1,3
162294,1,2,2,2
162296,0,5,1,6
162298,0,2,1,3
162300,1,3,2,3
162302,0,11,1,12
162304,0,9,1,10
162306,0,1,1,2
162308,5,14,6,10
162310,0,3,1,4
162312,1,2,2,2
162314,1,1,2,1
162316,1,25,2,25
162318,0,3,1,4
162320,1,3,2,3
162322,174,481,175,308
162324,2,5,3,4
162326,0,5,1,6
162328,0,1,1,2
162330,0,1,1,2
162332,0,2,1,3
162334,2,3,3,2
162336,1,4,2,4
162338,2,4,3,3
162340,0,1,1,2
162342,0,2,1,3
162344,35,57,36,23
162346,3,26,4,24
162348,10,37,11,28
162350,450,1222,451,773
162352,1,2,2,2
162354,2,3,3,2
162356,10,25,11,16
162358,1,4,2,4
162360,2,2,3,1
162362,1,10,2,10
162364,1,1,2,1
162366,0,1,1,2
162368,1,6,2,6
162372,0,1,1,2
162374,1,5,2,5
162378,1,2,2,2
162380,5,10,6,6
162382,6,8,7,3
162384,4,6,5,3
162386,2,3,3,2
162388,2,2,3,1
162390,2,3,3,2
162392,1,2,2,2
162394,0,3,1,4
162396,18,85,19,68
162398,0,5,1,6
162400,1,5,2,5
162402,0,1,1,2
162404,0,1,1,2
162406,1,2,2,2
162408,1,1,2,1
162410,2,3,3,2
162412,0,1,1,2
162414,1292,2123,1293,832
162416,7,21,8,15
162418,20,54,21,35
162420,2,10,3,9
162422,3,9,4,7
162424,3,7,4,5
162426,1,2,2,2
162428,0,2,1,3
162430,0,2,1,3
162434,3,4,4,2
162436,3,5,4,3
162438,0,1,1,2
162442,0,5,1,6
162444,0,1,1,2
162446,0,2,1,3
162448,4,22,5,19
162450,0,3,1,4
162452,5,7,6,3
162454,0,1,1,2
162456,1,3,2,3
162458,2,5,3,4
162460,10,33,11,24
162462,3,5,4,3
162464,10,14,11,5
162468,0,2,1,3
162470,3,12,4,10
162472,3,7,4,5
162474,1,5,2,5
162478,52,296,53,245
162480,1,3,2,3
162482,1,3,2,3
162484,1,2,2,2
162488,3,5,4,3
162498,0,2,1,3
162500,0,3,1,4
162502,0,1,1,2
162510,0,1,1,2
162512,0,2,1,3
162514,0,1,1,2
162520,0,1,1,2
162522,0,2,1,3
162530,1,2,2,2
162536,1,4,2,4
162540,5,18,6,14
162542,6,19,7,14
162544,1,2,2,2
162546,2,6,3,5
162550,0,1,1,2
162552,0,1,1,2
162556,2,5,3,4
162558,0,2,1,3
162560,0,1,1,2
162566,24,31,25,8
162568,1,7,2,7
162570,1,5,2,5
162572,3,9,4,7
162574,0,1,1,2
162576,5,29,6,25
162578,1221,1933,1222,713
162580,0,1,1,2
162582,1,4,2,4
162584,3,5,4,3
162586,2,7,3,6
162588,2,3,3,2
162590,104,403,105,300
162592,77,149,78,73
162594,35,224,36,190
162596,56,101,57,46
162598,349,865,350,517
162600,574,1471,575,898
162602,327,969,328,643
162604,4,34,5,31
162606,1308,2398,1309,1091
162608,14,34,15,21
162610,2,9,3,8
162612,0,2,1,3
162614,0,1,1,2
162616,2,3,3,2
162618,3,4,4,2
162620,3,10,4,8
162622,1,1,2,1
162624,1,2,2,2
162626,1,8,2,8
162628,0,4,1,5
162632,9,21,10,13
162634,6,24,7,19
162636,0,1,1,2
162638,2,11,3,10
162640,0,6,1,7
162642,1,2,2,2
162644,1,1,2,1
162646,1,4,2,4
162648,0,5,1,6
162650,0,8,1,9
162652,0,3,1,4
162654,4,7,5,4
162656,0,7,1,8
162658,1,3,2,3
162660,12,36,13,25
162662,3,7,4,5
162664,0,6,1,7
162666,2,8,3,7
162668,0,9,1,10
162670,1,3,2,3
162672,0,8,1,9
162676,4,12,5,9
162678,0,2,1,3
162680,0,1,1,2
162682,6,13,7,8
162690,0,1,1,2
162698,0,3,1,4
162702,1,1,2,1
162704,1,2,2,2
162710,0,1,1,2
162712,0,1,1,2
162714,2,3,3,2
162716,17,31,18,15
162718,1,6,2,6
162720,0,1,1,2
162722,2,4,3,3
162724,0,3,1,4
162726,14,46,15,33
162728,2,5,3,4
162730,14,73,15,60
162732,3,20,4,18
162734,1,1,2,1
162736,1,6,2,6
162738,137,250,138,114
162740,1,4,2,4
162742,1,1,2,1
162744,0,5,1,6
162746,1,1,2,1
162752,1,2,2,2
162758,0,1,1,2
162760,1,4,2,4
162762,0,2,1,3
162764,1,1,2,1
162768,1,3,2,3
162774,1,4,2,4
162776,1,9,2,9
162778,0,2,1,3
162780,0,4,1,5
162782,1,1,2,1
162784,0,1,1,2
162794,0,1,1,2
162796,1,2,2,2
162798,2,2,3,1
162800,0,5,1,6
162802,0,1,1,2
162808,5,9,6,5
162810,1,5,2,5
162812,1,4,2,4
162814,3,5,4,3
162816,1,3,2,3
162818,2,4,3,3
162820,1,3,2,3
162822,2,3,3,2
162824,2,4,3,3
162826,0,6,1,7
162828,70,281,71,212
162830,1,8,2,8
162832,1,3,2,3
162834,1,4,2,4
162836,0,1,1,2
162838,2,5,3,4
162842,17,83,18,67
162844,3,12,4,10
162846,0,5,1,6
162848,1,3,2,3
162850,2,10,3,9
162852,0,2,1,3
162854,1,1,2,1
162856,1,3,2,3
162858,2,3,3,2
162860,4,6,5,3
162862,0,2,1,3
162864,32,47,33,16
162866,3,6,4,4
162868,3,6,4,4
162870,5,13,6,9
162872,3,6,4,4
162876,2,4,3,3
162878,0,8,1,9
162880,1,7,2,7
162882,28,108,29,81
162888,0,2,1,3
162890,1,2,2,2
162892,1,6,2,6
162896,1,1,2,1
162898,2,3,3,2
162900,1,4,2,4
162912,1,1,2,1
162914,0,1,1,2
162916,2,5,3,4
162922,0,2,1,3
162924,1,4,2,4
162926,0,1,1,2
162928,1,6,2,6
162930,0,4,1,5
162932,0,1,1,2
162934,0,1,1,2
162936,0,1,1,2
162938,0,2,1,3
162940,0,1,1,2
162942,0,2,1,3
162944,0,2,1,3
162946,0,4,1,5
162948,0,4,1,5
162950,2,5,3,4
162952,1,2,2,2
162956,0,4,1,5
162958,0,2,1,3
162960,1,1,2,1
162962,1,3,2,3
162964,1,2,2,2
162968,16,29,17,14
162970,2,6,3,5
162972,0,2,1,3
162974,0,3,1,4
162976,0,2,1,3
162978,0,2,1,3
162980,0,2,1,3
162982,32,56,33,25
162984,3,7,4,5
162986,1,1,2,1
162988,3,7,4,5
162990,21,38,22,18
162992,0,4,1,5
162994,1,2,2,2
162996,1,2,2,2
162998,2,5,3,4
163000,8,13,9,6
163002,2,4,3,3
163004,2,4,3,3
163006,6,34,7,29
163008,0,1,1,2
163010,1,1,2,1
163012,0,1,1,2
163014,1,2,2,2
163016,1,1,2,1
163018,0,1,1,2
163020,15,46,16,32
163022,5,36,6,32
163024,1,3,2,3
163026,5,9,6,5
163028,1,2,2,2
163030,2,4,3,3
163032,2,3,3,2
163034,2,5,3,4
163036,0,2,1,3
163038,1,2,2,2
163040,1,4,2,4
163042,0,2,1,3
163044,2,2,3,1
163046,0,1,1,2
163048,0,12,1,13
163050,0,1,1,2
163052,5,14,6,10
163054,1,1,2,1
163056,61,153,62,93
163058,0,1,1,2
163060,9,26,10,18
163062,1,14,2,14
163064,2,13,3,12
163066,38,60,39,23
163068,0,4,1,5
163070,4,13,5,10
163072,111,169,112,59
163076,5,14,6,10
163078,1,3,2,3
163080,0,1,1,2
163084,0,1,1,2
163088,0,3,1,4
163092,5,29,6,25
163094,17,45,18,29
163096,2,3,3,2
163102,1,4,2,4
163104,0,1,1,2
163106,0,1,1,2
163108,1,2,2,2
163110,1,3,2,3
163112,83,127,84,45
163116,0,1,1,2
163118,13,38,14,26
163120,1,2,2,2
163122,0,16,1,17
163124,5,13,6,9
163126,2,6,3,5
163128,1,4,2,4
163130,1,2,2,2
163132,0,3,1,4
163134,1192,1598,1193,407
163136,20,26,21,7
163138,1,1,2,1
163140,3,8,4,6
163142,1,4,2,4
163144,3,9,4,7
163148,1,3,2,3
163150,0,1,1,2
163152,0,1,1,2
163154,1,7,2,7
163162,0,1,1,2
163170,1,1,2,1
163178,0,1,1,2
163190,1,2,2,2
163194,1,1,2,1
163196,0,1,1,2
163202,0,1,1,2
163206,1,6,2,6
163208,1,8,2,8
163218,0,2,1,3
163228,0,1,1,2
163232,1,1,2,1
163234,1,1,2,1
163236,0,2,1,3
163238,0,1,1,2
163240,0,2,1,3
163242,1,3,2,3
163246,0,2,1,3
163250,2,3,3,2
163256,0,1,1,2
163260,0,1,1,2
163262,0,1,1,2
163272,0,2,1,3
163274,0,3,1,4
163278,0,1,1,2
163280,0,1,1,2
163286,3,7,4,5
163292,0,1,1,2
163294,0,2,1,3
163296,0,3,1,4
163298,0,1,1,2
163300,0,1,1,2
163302,2,6,3,5
163304,0,3,1,4
163306,1,3,2,3
163308,1,6,2,6
163310,0,2,1,3
163312,11,21,12,11
163314,0,7,1,8
163316,1,1,2,1
163318,2,5,3,4
163322,0,1,1,2
163328,0,1,1,2
163332,0,1,1,2
163334,0,1,1,2
163336,0,1,1,2
163350,0,1,1,2
163352,0,1,1,2
163360,0,1,1,2
163366,0,1,1,2
163370,0,1,1,2
163376,4,11,5,8
163378,0,1,1,2
163382,0,5,1,6
163384,0,1,1,2
163386,72,112,73,41
163388,5,10,6,6
163390,0,3,1,4
163392,0,6,1,7
163396,1,3,2,3
163398,1,4,2,4
163400,0,2,1,3
163404,1,1,2,1
163408,0,1,1,2
163410,1,1,2,1
163412,2,3,3,2
163414,0,1,1,2
163420,1,1,2,1
163422,5,7,6,3
163424,0,5,1,6
163426,2,9,3,8
163428,0,2,1,3
163430,1,1,2,1
163432,0,2,1,3
163436,0,1,1,2
163438,0,2,1,3
163440,0,1,1,2
163444,0,3,1,4
163448,0,1,1,2
163450,2,7,3,6
163452,0,1,1,2
163454,0,4,1,5
163456,1,11,2,11
163458,0,2,1,3
163460,0,7,1,8
163462,0,6,1,7
163464,9,30,10,22
163466,4,11,5,8
163468,0,4,1,5
163470,3,8,4,6
163472,1,3,2,3
163474,4,17,5,14
163476,0,5,1,6
163478,0,9,1,10
163480,2,4,3,3
163482,0,2,1,3
163484,0,2,1,3
163488,2,3,3,2
163490,0,2,1,3
163492,0,6,1,7
163494,0,3,1,4
163496,9,36,10,28
163498,0,2,1,3
163502,0,2,1,3
163504,11,43,12,33
163506,2,2,3,1
163508,32,83,33,52
163510,22,38,23,17
163512,45,84,46,40
163514,1,7,2,7
163517,0,1,1,2
163519,2,7,3,6
163521,0,7,1,8
163523,0,7,1,8
163525,2,9,3,8
163527,7,17,8,11
163529,1,11,2,11
163531,1,7,2,7
163533,2,7,3,6
163535,5,21,6,17
163537,0,1,1,2
163539,3,6,4,4
163541,3,19,4,17
163543,1,2,2,2
163545,0,2,1,3
163547,4,30,5,27
163549,0,1,1,2
163551,1,1,2,1
163553,1,9,2,9
163555,0,11,1,12
163557,1,4,2,4
163559,1,1,2,1
163561,1,12,2,12
163563,4,6,5,3
163565,0,3,1,4
163567,1,2,2,2
163569,5,15,6,11
163571,5,14,6,10
163573,1,4,2,4
163576,2,3,3,2
163583,0,1,1,2
163585,23,48,24,26
163587,6,29,7,24
163589,0,2,1,3
163591,2,6,3,5
163593,1,2,2,2
163595,0,2,1,3
163597,3,3,4,1
163599,0,1,1,2
163601,0,1,1,2
163603,0,1,1,2
163605,1,2,2,2
163611,0,1,1,2
163613,1,1,2,1
163615,2,6,3,5
163617,6,12,7,7
163619,0,1,1,2
163625,0,4,1,5
163631,3,6,4,4
163633,1,3,2,3
163635,0,1,1,2
163637,0,2,1,3
163639,2,4,3,3
163641,0,3,1,4
163643,0,3,1,4
163645,1695,2602,1696,908
163647,0,4,1,5
163649,1,1,2,1
163651,1,1,2,1
163653,4,21,5,18
163655,1,1,2,1
163659,1,2,2,2
163661,1,3,2,3
163663,27,66,28,40
163665,1,1,2,1
163667,0,2,1,3
163669,1,2,2,2
163671,3,8,4,6
163673,0,4,1,5
163675,0,2,1,3
163677,0,3,1,4
163679,1,1,2,1
163681,1,4,2,4
163683,0,3,1,4
163687,1,2,2,2
163689,1,4,2,4
163691,2,17,3,16
163693,2,8,3,7
163695,2,4,3,3
163697,1,1,2,1
163699,2,3,3,2
163701,0,8,1,9
163705,0,1,1,2
163709,0,1,1,2
163713,9,19,10,11
163715,7,19,8,13
163717,15,27,16,13
163719,7,15,8,9
163723,0,1,1,2
163725,0,1,1,2
163731,0,3,1,4
163733,0,2,1,3
163739,0,1,1,2
163741,0,1,1,2
163747,2,7,3,6
163749,0,1,1,2
163751,2,3,3,2
163755,0,1,1,2
163757,2,5,3,4
163759,0,2,1,3
163761,3,10,4,8
163763,6,11,7,6
163765,5,15,6,11
163767,3,6,4,4
163769,1,5,2,5
163771,25,60,26,36
163773,0,4,1,5
163775,1,7,2,7
163779,5,17,6,13
163781,3,6,4,4
163783,3,6,4,4
163787,1,1,2,1
163789,0,1,1,2
163793,0,1,1,2
163797,0,1,1,2
163799,1,2,2,2
163803,0,4,1,5
163805,0,1,1,2
163807,4,10,5,7
163809,444,546,445,103
163811,2,5,3,4
163813,1,2,2,2
163815,0,1,1,2
163817,0,2,1,3
163819,0,2,1,3
163823,1,1,2,1
163825,0,1,1,2
163835,0,1,1,2
163839,0,1,1,2
163843,0,1,1,2
163847,0,1,1,2
163851,0,1,1,2
163853,1,1,2,1
163855,0,1,1,2
163861,0,1,1,2
163863,0,1,1,2
163865,0,1,1,2
163871,0,1,1,2
163875,0,1,1,2
163881,2,13,3,12
163883,2,4,3,3
163885,1,3,2,3
163887,0,1,1,2
163893,0,2,1,3
163901,0,1,1,2
163905,1,3,2,3
163907,1,1,2,1
163909,22,38,23,17
163911,6,33,7,28
163913,1,10,2,10
163915,0,3,1,4
163917,2,4,3,3
163921,7,24,8,18
163923,2,6,3,5
163925,30,51,31,22
163927,1,1,2,1
163929,0,2,1,3
163931,11,56,12,46
163933,0,1,1,2
163935,5,17,6,13
163937,32,244,33,213
163939,3,14,4,12
163941,15,46,16,32
163943,1,3,2,3
163945,0,2,1,3
163947,0,2,1,3
163949,47,86,48,40
163951,3,30,4,28
163953,0,9,1,10
163955,20,48,21,29
163957,1,3,2,3
163959,65,174,66,110
163961,0,2,1,3
163963,1,1,2,1
163965,18,42,19,25
163967,0,2,1,3
163969,1,3,2,3
163971,47,113,48,67
163975,1,3,2,3
163977,1,3,2,3
163979,7,29,8,23
163981,16,58,17,43
163983,6,17,7,12
163985,129,423,130,295
163987,1,3,2,3
163989,3,10,4,8
163991,1,2,2,2
163993,2,25,3,24
163995,11,15,12,5
163997,2,7,3,6
163999,5,11,6,7
164001,3,5,4,3
164003,0,3,1,4
164005,3,7,4,5
164007,3,7,4,5
164009,0,3,1,4
164011,0,1,1,2
164013,2,4,3,3
164015,0,4,1,5
164017,4,10,5,7
164019,12,29,13,18
164021,1,2,2,2
164023,1,2,2,2
164025,4,8,5,5
164027,2,11,3,10
164029,1,4,2,4
164031,0,2,1,3
164033,0,1,1,2
164035,0,1,1,2
164039,2,4,3,3
164041,14,23,15,10
164043,0,2,1,3
164045,0,1,1,2
164047,5,11,6,7
164049,6,10,7,5
164053,0,1,1,2
164055,1,4,2,4
164057,0,3,1,4
164061,1,2,2,2
164063,1,2,2,2
164065,0,1,1,2
164067,0,4,1,5
164069,0,1,1,2
164071,3,7,4,5
164073,0,1,1,2
164075,1,4,2,4
164077,0,3,1,4
164081,0,1,1,2
164083,0,1,1,2
164085,0,1,1,2
164087,0,1,1,2
164089,0,1,1,2
164091,0,1,1,2
164093,0,2,1,3
164095,0,1,1,2
164099,0,1,1,2
164101,1,4,2,4
164103,1,21,2,21
164105,1,4,2,4
164107,61,106,62,46
164109,1,1,2,1
164111,2,10,3,9
164113,0,1,1,2
164115,2,7,3,6
164117,0,3,1,4
164119,1,1,2,1
164121,0,4,1,5
164123,0,2,1,3
164127,0,2,1,3
164129,0,2,1,3
164131,0,4,1,5
164135,2,2,3,1
164137,1,3,2,3
164139,0,1,1,2
164141,13,81,14,69
164143,1,10,2,10
164145,4,25,5,22
164147,29,60,30,32
164149,6,10,7,5
164151,1,5,2,5
164153,1,1,2,1
164157,1,4,2,4
164159,0,2,1,3
164161,2,3,3,2
164163,26,54,27,29
164165,2,3,3,2
164167,0,4,1,5
164169,3,8,4,6
164171,2,4,3,3
164173,2,12,3,11
164175,246,479,247,234
164177,1,1,2,1
164179,7093,10087,7094,2995
164181,4,16,5,13
164183,1,10,2,10
164185,0,7,1,8
164187,1,2,2,2
164189,0,2,1,3
164191,2,3,3,2
164194,1,7,2,7
164196,2,15,3,14
164198,0,1,1,2
164200,162,448,163,287
164202,1,5,2,5
164204,27,62,28,36
164206,0,2,1,3
164208,1,3,2,3
164210,0,1,1,2
164214,0,8,1,9
164218,3,10,4,8
164220,1,3,2,3
164222,0,9,1,10
164224,0,2,1,3
164226,4,31,5,28
164228,13,38,14,26
164230,0,1,1,2
164232,0,5,1,6
164234,1,3,2,3
164236,8,21,9,14
164238,2,9,3,8
164240,1,5,2,5
164242,1,2,2,2
164244,0,1,1,2
164246,1,4,2,4
164248,0,1,1,2
164250,0,1,1,2
164252,1,3,2,3
164254,0,4,1,5
164256,0,6,1,7
164258,1,3,2,3
164260,51,69,52,19
164262,1,5,2,5
164264,12,33,13,22
164266,1,2,2,2
164268,11,28,12,18
164270,1,3,2,3
164272,1,5,2,5
164274,2,4,3,3
164276,0,2,1,3
164278,2,2,3,1
164280,24,45,25,22
164282,4,10,5,7
164284,0,1,1,2
164286,0,2,1,3
164288,0,3,1,4
164292,0,2,1,3
164298,1,2,2,2
164300,3,6,4,4
164302,1,6,2,6
164304,0,3,1,4
164306,0,2,1,3
164308,1,3,2,3
164310,1,2,2,2
164312,0,1,1,2
164314,2,6,3,5
164316,0,1,1,2
164326,0,1,1,2
164328,0,1,1,2
164330,1,4,2,4
164332,0,1,1,2
164338,1,2,2,2
164342,0,3,1,4
164344,0,3,1,4
164348,0,5,1,6
164350,0,1,1,2
164352,0,6,1,7
164354,1,3,2,3
164356,0,2,1,3
164365,0,3,1,4
164367,144,363,145,220
164369,34,64,35,31
164371,2,3,3,2
164373,1,34,2,34
164375,1,10,2,10
164379,0,1,1,2
164381,0,2,1,3
164383,1,2,2,2
164387,12,27,13,16
164391,0,4,1,5
164393,1,3,2,3
164395,7,25,8,19
164397,4,16,5,13
164399,4,18,5,15
164401,0,1,1,2
164403,6,9,7,4
164405,2,10,3,9
164407,2,9,3,8
164409,0,3,1,4
164411,135,224,136,90
164413,1,2,2,2
164415,1,5,2,5
164417,0,3,1,4
164421,1,2,2,2
164423,0,2,1,3
164425,0,2,1,3
164431,0,1,1,2
164433,0,1,1,2
164435,0,6,1,7
164437,2,3,3,2
164439,1,2,2,2
164441,3,7,4,5
164443,0,1,1,2
164445,2,6,3,5
164447,0,3,1,4
164449,9,12,10,4
164453,2,2,3,1
164455,11,28,12,18
164467,0,1,1,2
164471,0,1,1,2
164473,0,1,1,2
164481,1,4,2,4
164485,0,2,1,3
164493,0,5,1,6
164495,4,6,5,3
164497,1,1,2,1
164499,0,8,1,9
164501,1,5,2,5
164503,0,7,1,8
164505,0,1,1,2
164507,1,6,2,6
164511,0,1,1,2
164513,1,9,2,9
164515,2,2,3,1
164518,2,3,3,2
164520,1,2,2,2
164524,2,2,3,1
164526,1,1,2,1
164528,4,8,5,5
164530,1,2,2,2
164532,5,7,6,3
164534,0,4,1,5
164536,1,3,2,3
164538,3,4,4,2
164540,92,240,93,149
164542,0,2,1,3
164544,5,16,6,12
164546,9,39,10,31
164548,0,1,1,2
164550,1,4,2,4
164552,0,1,1,2
164554,1,1,2,1
164556,0,1,1,2
164564,1,2,2,2
164566,1,2,2,2
164568,4,8,5,5
164572,1,1,2,1
164574,1,1,2,1
164576,1,2,2,2
164578,1,3,2,3
164580,0,3,1,4
164582,0,1,1,2
164584,0,3,1,4
164586,0,1,1,2
164588,2,5,3,4
164590,2,3,3,2
164592,0,1,1,2
164594,0,2,1,3
164596,0,2,1,3
164598,16,40,17,25
164600,1,3,2,3
164602,5,11,6,7
164604,3,15,4,13
164606,11,47,12,37
164608,1,1,2,1
164610,1,3,2,3
164612,2,5,3,4
164614,1,5,2,5
164616,3,13,4,11
164618,0,1,1,2
164620,1,1,2,1
164622,3,9,4,7
164624,1,1,2,1
164627,0,1,1,2
164629,0,3,1,4
164631,1,4,2,4
164633,0,2,1,3
164635,0,10,1,11
164637,0,1,1,2
164639,11,36,12,26
164641,1,2,2,2
164643,13,15,14,3
164645,3,5,4,3
164647,3,9,4,7
164649,7,32,8,26
164651,3,5,4,3
164653,1,2,2,2
164655,21,49,22,29
164657,1,2,2,2
164659,4,9,5,6
164661,1,2,2,2
164663,0,1,1,2
164667,3,14,4,12
164669,2,8,3,7
164673,4,10,5,7
164675,0,3,1,4
164677,1,2,2,2
164679,1,2,2,2
164681,0,1,1,2
164685,1,3,2,3
164687,2,4,3,3
164689,1,7,2,7
164691,1,2,2,2
164693,0,1,1,2
164695,1,16,2,16
164697,2,4,3,3
164699,19,38,20,20
164701,0,2,1,3
164703,4,8,5,5
164705,1,3,2,3
164707,8,11,9,4
164709,3,13,4,11
164711,2,4,3,3
164713,1,4,2,4
164715,1,1,2,1
164717,2,2,3,1
164719,2,2,3,1
164721,2,3,3,2
164723,2,2,3,1
164725,10,34,11,25
164727,4,14,5,11
164729,9,24,10,16
164731,2,5,3,4
164733,2,2,3,1
164735,16,55,17,40
164737,7,17,8,11
164739,11,14,12,4
164741,4,12,5,9
164743,3,5,4,3
164745,1,1,2,1
164747,2,6,3,5
164749,3,7,4,5
164751,6,12,7,7
164753,3,4,4,2
164755,2,4,3,3
164757,3,8,4,6
164759,4,10,5,7
164761,1,2,2,2
164763,4,6,5,3
164765,1,1,2,1
164767,4,17,5,14
164769,2,4,3,3
164771,4,4,5,1
164773,0,6,1,7
164775,2,2,3,1
164777,2,3,3,2
164779,1,2,2,2
164781,1,1,2,1
164783,1,1,2,1
164785,1,1,2,1
164787,2,2,3,1
164789,2,3,3,2
164791,6,8,7,3
164793,3,7,4,5
164795,2,3,3,2
164797,1,5,2,5
164799,1,1,2,1
164801,2,13,3,12
164803,4,9,5,6
164805,4,6,5,3
164807,1,2,2,2
164809,1,4,2,4
164813,1,2,2,2
164815,2,4,3,3
164817,4,5,5,2
164819,2,3,3,2
164821,123,462,124,340
164823,2,10,3,9
164825,0,1,1,2
164827,1,3,2,3
164829,1,3,2,3
164831,0,2,1,3
164833,3,3,4,1
164835,2,3,3,2
164837,2,3,3,2
164839,2,5,3,4
164841,1,2,2,2
164843,2,4,3,3
164845,0,2,1,3
164847,1,1,2,1
164849,1,1,2,1
164851,1,1,2,1
164853,1,5,2,5
164855,3,6,4,4
164857,3,5,4,3
164859,5,11,6,7
164861,1,1,2,1
164863,2,4,3,3
164865,1,1,2,1
164867,1,1,2,1
164869,12,29,13,18
164871,1,3,2,3
164873,2,4,3,3
164875,1,3,2,3
164877,1,4,2,4
164879,2,3,3,2
164881,0,14,1,15
164887,0,1,1,2
164889,0,3,1,4
164893,4,12,5,9
164895,4,5,5,2
164897,0,2,1,3
164899,62,102,63,41
164901,3,7,4,5
164903,2,6,3,5
164905,11,25,12,15
164907,1,2,2,2
164909,2234,3771,2235,1538
164911,1,1,2,1
164913,1,4,2,4
164915,1,4,2,4
164917,166,260,167,95
164919,0,1,1,2
164921,22,39,23,18
164923,4,10,5,7
164927,0,2,1,3
164929,2,10,3,9
164931,58,136,59,79
164933,21,46,22,26
164935,12,30,13,19
164937,1,5,2,5
164939,2,7,3,6
164941,4,10,5,7
164943,2,3,3,2
164945,1,7,2,7
164947,0,4,1,5
164949,188,305,189,118
164951,1,1,2,1
164953,1,6,2,6
164955,1,1,2,1
164957,6,11,7,6
164959,8,21,9,14
164961,0,2,1,3
164963,0,4,1,5
164965,1,1,2,1
164967,1,3,2,3
164969,1,3,2,3
164971,0,12,1,13
164973,0,1,1,2
164975,1,2,2,2
164977,0,1,1,2
164981,246,587,247,342
164983,9,57,10,49
164985,0,2,1,3
164987,0,1,1,2
164993,0,3,1,4
164997,0,3,1,4
164999,0,1,1,2
165003,4,15,5,12
165009,0,2,1,3
165013,0,1,1,2
165015,0,2,1,3
165017,0,1,1,2
165023,4,24,5,21
165025,0,1,1,2
165027,0,1,1,2
165029,0,2,1,3
165031,0,1,1,2
165033,0,1,1,2
165035,0,2,1,3
165039,2,4,3,3
165041,2,4,3,3
165045,0,2,1,3
165049,2,5,3,4
165051,2,6,3,5
165053,4,7,5,4
165057,0,2,1,3
165059,6,6,7,1
165063,0,1,1,2
165065,1,4,2,4
165067,2,6,3,5
165069,41,55,42,15
165071,2,17,3,16
165073,0,2,1,3
165075,6,10,7,5
165077,1,1,2,1
165079,1,2,2,2
165081,1,2,2,2
165083,0,6,1,7
165085,10,39,11,30
165087,38,98,39,61
165089,0,2,1,3
165091,1,3,2,3
165093,0,1,1,2
165095,0,4,1,5
165097,1,3,2,3
165099,0,1,1,2
165101,182,775,183,594
165103,123,377,124,255
165105,83,281,84,199
165107,0,4,1,5
165109,1,3,2,3
165111,0,2,1,3
165113,1,3,2,3
165115,3,18,4,16
165117,7,22,8,16
165119,16,97,17,82
165121,2,3,3,2
165123,6,22,7,17
165125,4,20,5,17
165127,1,12,2,12
165129,3,9,4,7
165131,0,1,1,2
165133,1,2,2,2
165137,0,3,1,4
165139,5,21,6,17
165141,143,475,144,333
165145,6,10,7,5
165147,2,5,3,4
165149,1,2,2,2
165151,1,7,2,7
165153,0,5,1,6
165155,5,11,6,7
165157,0,2,1,3
165159,3,3,4,1
165161,0,4,1,5
165163,4,22,5,19
165165,0,2,1,3
165167,4,10,5,7
165169,3,5,4,3
165171,2,10,3,9
165173,1,3,2,3
165175,0,4,1,5
165177,1,3,2,3
165179,10,44,11,35
165181,0,2,1,3
165183,0,1,1,2
165185,0,6,1,7
165187,0,1,1,2
165189,0,8,1,9
165191,0,4,1,5
165195,0,1,1,2
165197,0,1,1,2
165199,1,1,2,1
165203,0,4,1,5
165205,0,4,1,5
165207,0,4,1,5
165211,0,3,1,4
165215,0,2,1,3
165217,0,2,1,3
165219,13,89,14,77
165221,1,1,2,1
165223,2,10,3,9
165225,2,3,3,2
165227,1,4,2,4
165229,0,2,1,3
165231,1,4,2,4
165233,0,3,1,4
165235,5,24,6,20
165237,1,4,2,4
165239,31,60,32,30
165241,0,6,1,7
165243,0,1,1,2
165249,0,1,1,2
165253,0,2,1,3
165259,0,1,1,2
165265,0,4,1,5
165271,0,1,1,2
165273,0,1,1,2
165275,0,2,1,3
165279,0,1,1,2
165281,0,2,1,3
165283,1,3,2,3
165285,1,1,2,1
165287,4,9,5,6
165289,3,6,4,4
165291,2,4,3,3
165293,2,2,3,1
165295,3,6,4,4
165297,1,1,2,1
165299,1,2,2,2
165301,4,7,5,4
165303,2,2,3,1
165305,2,4,3,3
165307,3,3,4,1
165309,1,1,2,1
165311,1,1,2,1
165313,3,10,4,8
165315,2,2,3,1
165317,2,2,3,1
165319,2,3,3,2
165321,1,1,2,1
165323,3,5,4,3
165325,0,2,1,3
165327,0,4,1,5
165329,4,29,5,26
165331,2,6,3,5
165333,1,3,2,3
165335,1,2,2,2
165337,56,124,57,69
165339,1,1,2,1
165341,0,3,1,4
165343,18,79,19,62
165345,0,1,1,2
165347,192,774,193,583
165349,3,34,4,32
165351,12,18,13,7
165353,5,58,6,54
165355,4,4,5,1
165357,1,8,2,8
165359,1,3,2,3
165361,0,2,1,3
165365,1,6,2,6
165367,3,7,4,5
165369,0,2,1,3
165371,0,1,1,2
165375,1,3,2,3
165377,1,3,2,3
165379,1,1,2,1
165381,1,2,2,2
165383,1,2,2,2
165385,0,1,1,2
165387,2,2,3,1
165389,2,3,3,2
165391,3,5,4,3
165393,2,3,3,2
165395,12,31,13,20
165397,2,11,3,10
165399,0,1,1,2
165401,1,1,2,1
165403,1,1,2,1
165405,1,1,2,1
165407,18,32,19,15
165409,2,3,3,2
165411,0,1,1,2
165413,12,28,13,17
165415,0,3,1,4
165417,2,3,3,2
165419,0,2,1,3
165421,41,68,42,28
165423,0,4,1,5
165425,0,4,1,5
165431,0,2,1,3
165437,1,3,2,3
165441,13,43,14,31
165443,1,4,2,4
165449,0,3,1,4
165459,0,1,1,2
165461,1,3,2,3
165465,1,2,2,2
165469,0,1,1,2
165473,0,2,1,3
165483,36,71,37,36
165485,0,2,1,3
165487,5,28,6,24
165489,10,23,11,14
165491,37,74,38,38
165493,9,14,10,6
165495,0,1,1,2
165497,2,7,3,6
165499,2,4,3,3
165501,2,6,3,5
165503,109,169,110,61
165505,0,3,1,4
165507,1,2,2,2
165509,0,2,1,3
165511,1,4,2,4
165519,1,1,2,1
165523,0,3,1,4
165525,1,4,2,4
165527,92,160,93,69
165529,0,4,1,5
165531,0,7,1,8
165533,3,8,4,6
165535,0,1,1,2
165537,1,19,2,19
165539,6,39,7,34
165541,1,2,2,2
165543,0,2,1,3
165545,5,12,6,8
165547,1,3,2,3
165549,1211,1889,1212,679
165551,997,1510,998,514
165553,8,23,9,16
165555,4,14,5,11
165557,1,1,2,1
165559,1,1,2,1
165563,3,4,4,2
165565,0,3,1,4
165567,3,4,4,2
165569,1,5,2,5
165571,1,2,2,2
165573,0,3,1,4
165575,3,5,4,3
165577,0,2,1,3
165579,0,3,1,4
165581,2,8,3,7
165583,1,2,2,2
165585,0,1,1,2
165587,1,1,2,1
165589,0,6,1,7
165591,1,4,2,4
165593,0,3,1,4
165595,0,1,1,2
165599,0,1,1,2
165601,15,74,16,60
165603,246,629,247,384
165605,3,5,4,3
165609,0,1,1,2
165611,2,4,3,3
165613,0,5,1,6
165615,0,1,1,2
165621,0,2,1,3
165625,2,4,3,3
165627,0,2,1,3
165629,2,10,3,9
165631,8,11,9,4
165633,3,6,4,4
165635,11,29,12,19
165637,2,4,3,3
165639,47,85,48,39
165641,36,68,37,33
165643,14,33,15,20
165645,19,117,20,99
165647,3,21,4,19
165649,1,1,2,1
165651,12,19,13,8
165653,2,3,3,2
165655,0,2,1,3
165661,1,6,2,6
165663,0,2,1,3
165665,1,2,2,2
165667,0,3,1,4
165669,6,49,7,44
165671,7,11,8,5
165673,8,16,9,9
165675,1,4,2,4
165677,5,8,6,4
165679,0,1,1,2
165681,6,23,7,18
165683,0,2,1,3
165685,5,9,6,5
165687,0,3,1,4
165689,1,1,2,1
165691,0,1,1,2
165693,0,2,1,3
165695,1,1,2,1
165699,4,37,5,34
165701,0,1,1,2
165703,0,3,1,4
165709,13,21,14,9
165713,1,1,2,1
165715,2,6,3,5
165717,0,5,1,6
165719,0,9,1,10
165721,0,1,1,2
165723,4,16,5,13
165725,0,1,1,2
165727,2,5,3,4
165729,3,7,4,5
165731,1,2,2,2
165733,1,2,2,2
165735,2,8,3,7
165737,6,9,7,4
165739,1,3,2,3
165741,2,4,3,3
165743,1,2,2,2
165745,1,1,2,1
165747,0,2,1,3
165749,3,5,4,3
165753,1,8,2,8
165755,1,3,2,3
165757,0,3,1,4
165759,0,2,1,3
165761,0,3,1,4
165767,0,1,1,2
165771,0,1,1,2
165773,1,5,2,5
165775,1,1,2,1
165777,0,1,1,2
165781,0,1,1,2
165787,3,3,4,1
165791,0,1,1,2
165797,0,2,1,3
165799,0,1,1,2
165801,2,5,3,4
165803,1,5,2,5
165805,0,1,1,2
165807,0,5,1,6
165809,0,1,1,2
165811,0,1,1,2
165815,0,1,1,2
165817,0,2,1,3
165819,2,6,3,5
165821,1,2,2,2
165823,13,41,14,29
165825,2,6,3,5
165827,2,3,3,2
165829,0,1,1,2
165831,17,53,18,37
165833,0,1,1,2
165835,0,2,1,3
165837,3,15,4,13
165841,10,15,11,6
165843,4,16,5,13
165845,1,4,2,4
165847,1,2,2,2
165849,5,15,6,11
165851,2,2,3,1
165853,7,22,8,16
165855,2,16,3,15
165857,0,1,1,2
165859,8,38,9,31
165861,0,1,1,2
165863,2,6,3,5
165865,6,10,7,5
165867,1,1,2,1
165869,12,26,13,15
165871,0,2,1,3
165873,1,4,2,4
165875,2,2,3,1
165877,1,10,2,10
165879,0,12,1,13
165881,1,1,2,1
165883,11,28,12,18
165885,7,24,8,18
165889,0,4,1,5
165891,0,8,1,9
165893,0,6,1,7
165895,0,2,1,3
165897,3,39,4,37
165899,0,3,1,4
165901,2,6,3,5
165903,0,2,1,3
165905,1,1,2,1
165907,1,1,2,1
165909,0,1,1,2
165911,1,1,2,1
165913,1,1,2,1
165915,0,1,1,2
165917,0,1,1,2
165919,0,1,1,2
165923,1,4,2,4
165925,1,3,2,3
165927,3,23,4,21
165929,1,10,2,10
165931,1,5,2,5
165933,10,17,11,8
165935,1,2,2,2
165937,180,427,181,248
165939,7,16,8,10
165941,8,17,9,10
165945,0,1,1,2
165947,33,132,34,100
165949,1,2,2,2
165951,1,9,2,9
165953,1,2,2,2
165957,0,2,1,3
165959,31,60,32,30
165961,27,48,28,22
165963,16,25,17,10
165965,0,3,1,4
165967,0,1,1,2
165969,98,145,99,48
165973,0,2,1,3
165981,2,4,3,3
165985,2,5,3,4
165987,1,1,2,1
165989,0,1,1,2
166005,1,5,2,5
166007,1,1,2,1
166009,5,10,6,6
166011,2,6,3,5
166013,2,8,3,7
166015,12,26,13,15
166018,2,2,3,1
166020,3,47,4,45
166022,3,6,4,4
166024,830,1030,831,201
166026,4,12,5,9
166028,2,3,3,2
166030,1,5,2,5
166034,1,1,2,1
166036,2,8,3,7
166038,0,1,1,2
166040,0,3,1,4
166042,15,39,16,25
166044,0,3,1,4
166046,1,2,2,2
166048,1,2,2,2
166050,1,2,2,2
166052,1,4,2,4
166054,1,2,2,2
166056,0,2,1,3
166060,0,2,1,3
166062,0,2,1,3
166064,0,3,1,4
166066,0,1,1,2
166068,1,5,2,5
166070,0,9,1,10
166072,0,3,1,4
166074,4,7,5,4
166076,0,1,1,2
166126,2,9,3,8
166136,0,1,1,2
166138,0,2,1,3
166140,7,23,8,17
166143,5,8,6,4
166145,1,3,2,3
166147,0,1,1,2
166149,26,61,27,36
166151,0,5,1,6
166153,4,5,5,2
166155,1,3,2,3
166157,3,6,4,4
166159,0,1,1,2
166161,0,2,1,3
166163,1,6,2,6
166165,0,2,1,3
166167,6,7,7,2
166169,2,4,3,3
166171,1,2,2,2
166173,1,4,2,4
166175,3,6,4,4
166177,0,2,1,3
166179,4,12,5,9
166181,0,1,1,2
166183,41,72,42,32
166185,4,8,5,5
166187,0,3,1,4
166189,2,3,3,2
166191,1,3,2,3
166193,2,2,3,1
166195,3,4,4,2
166197,1,2,2,2
166199,1,2,2,2
166201,2,4,3,3
166203,6,22,7,17
166205,1,1,2,1
166207,1,3,2,3
166209,2,2,3,1
166211,1,2,2,2
166213,4,13,5,10
166215,1,1,2,1
166217,4,7,5,4
166219,1,1,2,1
166221,1,4,2,4
166223,1,1,2,1
166225,1,2,2,2
166227,1,2,2,2
166229,2,2,3,1
166231,1,1,2,1
166233,1,4,2,4
166235,4,32,5,29
166237,0,2,1,3
166239,0,1,1,2
166241,0,5,1,6
166243,0,2,1,3
166245,14,36,15,23
166247,2,5,3,4
166251,0,2,1,3
166253,1,1,2,1
166255,2,7,3,6
166257,0,2,1,3
166259,4,11,5,8
166263,0,1,1,2
166265,1,1,2,1
166267,2,2,3,1
166269,0,1,1,2
166273,1,4,2,4
166275,2,4,3,3
166277,1,2,2,2
166279,1,2,2,2
166281,2,9,3,8
166283,3,7,4,5
166285,12,33,13,22
166287,2,9,3,8
166289,0,5,1,6
166291,168,230,169,63
166293,1,1,2,1
166295,10,19,11,10
166297,0,1,1,2
166299,2,4,3,3
166301,1,4,2,4
166303,1,1,2,1
166306,1,7,2,7
166310,9,19,10,11
166312,4,11,5,8
166316,0,1,1,2
166318,1,1,2,1
166320,1,1,2,1
166322,2,4,3,3
166324,2,3,3,2
166326,0,1,1,2
166328,1,1,2,1
166330,0,1,1,2
166332,1,3,2,3
166334,0,1,1,2
166336,0,1,1,2
166340,0,1,1,2
166342,0,1,1,2
166346,2,9,3,8
166348,3,5,4,3
166369,24,39,25,16
166371,0,2,1,3
166373,1,8,2,8
166375,0,2,1,3
166379,7,18,8,12
166383,0,1,1,2
166389,0,2,1,3
166391,0,1,1,2
166393,1,2,2,2
166395,0,7,1,8
166399,0,2,1,3
166401,0,3,1,4
166403,1,6,2,6
166405,0,1,1,2
166409,0,4,1,5
166411,0,1,1,2
166413,0,2,1,3
166415,1,3,2,3
166419,1,5,2,5
166421,1,1,2,1
166423,2,5,3,4
166425,1,2,2,2
166429,0,1,1,2
166437,1,1,2,1
166441,2,5,3,4
166443,0,5,1,6
166445,3,5,4,3
166447,0,3,1,4
166449,2,4,3,3
166451,1,2,2,2
166453,1,5,2,5
166455,0,7,1,8
166457,0,1,1,2
166459,0,8,1,9
166461,2426,3974,2427,1549
166463,2,3,3,2
166465,3,6,4,4
166467,1,1,2,1
166472,5,10,6,6
166474,1,5,2,5
166476,1,3,2,3
166478,6,26,7,21
166480,4,12,5,9
166482,3,12,4,10
166484,0,3,1,4
166486,128,461,129,334
166488,1,2,2,2
166490,2,6,3,5
166492,77,309,78,233
166494,6,14,7,9
166496,1,1,2,1
166498,6,11,7,6
166500,1,5,2,5
166502,1,3,2,3
166504,1,2,2,2
166506,2,4,3,3
166508,1,2,2,2
166510,0,2,1,3
166512,1,3,2,3
166514,1,2,2,2
166516,1,3,2,3
166518,4,5,5,2
166520,1,2,2,2
166522,0,2,1,3
166524,5,11,6,7
166526,106,295,107,190
166528,4010,6850,4011,2841
166530,16,66,17,51
166532,35,155,36,121
166534,1331,2736,1332,1406
166536,1,5,2,5
166538,0,7,1,8
166540,3,8,4,6
166542,0,8,1,9
166544,2,31,3,30
166546,1,3,2,3
166548,0,1,1,2
166550,3,6,4,4
166552,1,2,2,2
166554,0,2,1,3
166556,0,1,1,2
166558,159,446,160,288
166560,1,2,2,2
166562,17,38,18,22
166564,0,2,1,3
166566,1,8,2,8
166568,239,406,240,168
166570,0,1,1,2
166572,4,36,5,33
166574,1,2,2,2
166576,1,1,2,1
166578,1,1,2,1
166580,1,2,2,2
166583,2,4,3,3
166587,1,5,2,5
166589,3,23,4,21
166591,0,1,1,2
166595,0,1,1,2
166597,1,1,2,1
166599,1,2,2,2
166601,3,5,4,3
166603,1,4,2,4
166605,0,2,1,3
166607,0,2,1,3
166609,0,5,1,6
166611,2,2,3,1
166613,3,13,4,11
166615,8,36,9,29
166617,0,3,1,4
166619,1,1,2,1
166621,1,4,2,4
166623,1,3,2,3
166625,1,3,2,3
166627,9,14,10,6
166629,5,6,6,2
166631,1,1,2,1
166633,0,2,1,3
166635,1431,3171,1432,1741
166637,0,1,1,2
166639,2,2,3,1
166641,0,1,1,2
166643,2045,2981,2046,937
166645,0,1,1,2
166647,0,2,1,3
166649,0,3,1,4
166651,0,1,1,2
166653,8,19,9,12
166655,24,66,25,43
166657,0,9,1,10
166659,1,3,2,3
166663,1,3,2,3
166665,3,9,4,7
166667,0,2,1,3
166669,0,2,1,3
166671,0,4,1,5
166673,0,2,1,3
166677,1,2,2,2
166679,0,2,1,3
166685,0,2,1,3
166687,0,3,1,4
166695,1,2,2,2
166697,1,1,2,1
166699,2,4,3,3
166701,1,1,2,1
166703,1,3,2,3
166705,222,507,223,286
166707,2,2,3,1
166709,1,3,2,3
166711,1,3,2,3
166715,4,13,5,10
166717,0,3,1,4
166719,0,1,1,2
166721,20,59,21,40
166725,0,4,1,5
166727,2,8,3,7
166729,6,9,7,4
166731,0,1,1,2
166735,2,4,3,3
166737,0,1,1,2
166739,1,4,2,4
166741,0,15,1,16
166743,1,3,2,3
166745,0,4,1,5
166747,1,3,2,3
166749,1,2,2,2
166753,2,3,3,2
166755,13,30,14,18
166757,0,2,1,3
166759,0,4,1,5
166761,1,10,2,10
166763,1,13,2,13
166765,9,37,10,29
166767,13,27,14,15
166769,1,3,2,3
166771,0,8,1,9
166773,0,2,1,3
166775,2,5,3,4
166777,13,47,14,35
166779,0,3,1,4
166782,0,2,1,3
166786,1,2,2,2
166788,230,375,231,146
166790,5,10,6,6
166792,0,3,1,4
166794,2,12,3,11
166796,4,7,5,4
166798,0,2,1,3
166800,0,11,1,12
166802,12,27,13,16
166804,0,1,1,2
166806,0,1,1,2
166810,1,2,2,2
166812,2,2,3,1
166814,0,2,1,3
166818,0,2,1,3
166820,0,2,1,3
166830,2,6,3,5
166836,1,2,2,2
166842,0,3,1,4
166844,0,2,1,3
166848,1,3,2,3
166850,0,1,1,2
166854,0,2,1,3
166856,1,2,2,2
166862,3,13,4,11
166864,0,6,1,7
166866,0,4,1,5
166868,1,4,2,4
166870,2,2,3,1
166872,1,3,2,3
166874,1,2,2,2
166876,1,1,2,1
166878,3,7,4,5
166880,2,4,3,3
166882,1,2,2,2
166884,1,2,2,2
166886,0,1,1,2
166888,3,3,4,1
166890,1,1,2,1
166892,3,5,4,3
166894,0,4,1,5
166896,0,2,1,3
166898,3,3,4,1
166900,1,1,2,1
166902,3,4,4,2
166904,2,3,3,2
166906,2,12,3,11
166908,1,5,2,5
166910,1,2,2,2
166912,0,3,1,4
166916,1,6,2,6
166918,133,547,134,415
166920,3,10,4,8
166922,0,1,1,2
166926,0,2,1,3
166930,2,5,3,4
166932,2,10,3,9
166934,5,19,6,15
166936,1,7,2,7
166938,5,19,6,15
166940,33,68,34,36
166942,2,6,3,5
166944,1,2,2,2
166946,639,1168,640,530
166948,0,5,1,6
166950,0,2,1,3
166952,7,26,8,20
166954,3,7,4,5
166956,0,1,1,2
166958,6,40,7,35
166960,3,5,4,3
166962,3,7,4,5
166964,15,27,16,13
166966,1,5,2,5
166968,1,4,2,4
166972,0,2,1,3
166974,6,30,7,25
166976,0,1,1,2
166978,0,1,1,2
166982,0,2,1,3
166984,0,2,1,3
166986,0,2,1,3
166988,0,3,1,4
166990,0,1,1,2
166992,0,1,1,2
166994,0,2,1,3
166996,0,1,1,2
166998,0,2,1,3
167000,0,1,1,2
167002,0,1,1,2
167004,0,1,1,2
167006,0,1,1,2
167008,0,3,1,4
167010,0,2,1,3
167012,0,2,1,3
167014,0,1,1,2
167018,238,666,239,429
167020,0,2,1,3
167022,0,2,1,3
167024,0,1,1,2
167026,0,4,1,5
167028,1,4,2,4
167030,0,4,1,5
167032,6,13,7,8
167034,6,14,7,9
167036,378,886,379,509
167038,21,43,22,23
167040,3,13,4,11
167042,5,9,6,5
167044,1,3,2,3
167046,0,1,1,2
167048,1,6,2,6
167050,2,4,3,3
167052,4,15,5,12
167054,7,12,8,6
167056,0,1,1,2
167058,2,4,3,3
167060,0,2,1,3
167062,0,2,1,3
167064,100,162,101,63
167066,0,1,1,2
167068,3,5,4,3
167070,1,3,2,3
167072,2,2,3,1
167074,0,1,1,2
167076,0,2,1,3
167078,0,4,1,5
167080,2,3,3,2
167082,0,2,1,3
167084,1,15,2,15
167086,0,2,1,3
167088,0,3,1,4
167090,2,4,3,3
167094,1,11,2,11
167096,1,2,2,2
167098,0,1,1,2
167102,1,1,2,1
167104,0,1,1,2
167106,3,5,4,3
167110,1,1,2,1
167112,2,10,3,9
167114,2,8,3,7
167116,1,4,2,4
167118,1,10,2,10
167122,3,18,4,16
167124,0,1,1,2
167126,8,24,9,17
167128,1,2,2,2
167130,0,4,1,5
167132,1,4,2,4
167134,2,4,3,3
167136,6,26,7,21
167138,1,2,2,2
167140,1,3,2,3
167142,0,2,1,3
167144,1,1,2,1
167146,3,4,4,2
167148,2,2,3,1
167150,3,9,4,7
167152,3,18,4,16
167154,1,3,2,3
167156,0,1,1,2
167158,0,2,1,3
167160,1,4,2,4
167162,0,7,1,8
167164,1,1,2,1
167166,4,10,5,7
167168,0,3,1,4
167170,0,1,1,2
167172,4,11,5,8
167174,5,42,6,38
167176,2,5,3,4
167178,0,6,1,7
167180,2,6,3,5
167182,0,2,1,3
167184,1,7,2,7
167186,3,13,4,11
167188,0,1,1,2
167190,0,3,1,4
167194,1,2,2,2
167196,0,1,1,2
167198,1,4,2,4
167200,0,1,1,2
167202,0,3,1,4
167204,1,2,2,2
167206,0,5,1,6
167234,23,33,24,11
167236,2,6,3,5
167238,0,1,1,2
167240,1,5,2,5
167242,0,1,1,2
167244,0,2,1,3
167246,0,1,1,2
167248,56,97,57,42
167250,2,5,3,4
167252,4,8,5,5
167254,0,5,1,6
167256,0,1,1,2
167258,0,3,1,4
167260,2,2,3,1
167262,0,3,1,4
167264,0,1,1,2
167266,2,5,3,4
167268,1,4,2,4
167276,1,5,2,5
167278,1,6,2,6
167282,0,2,1,3
167284,1,1,2,1
167286,1,2,2,2
167288,2,6,3,5
167290,0,1,1,2
167296,0,3,1,4
167308,1,1,2,1
167310,0,3,1,4
167316,2,3,3,2
167318,0,2,1,3
167320,0,2,1,3
167322,2,2,3,1
167324,0,2,1,3
167326,0,1,1,2
167328,1,2,2,2
167330,0,2,1,3
167334,8,32,9,25
167336,0,1,1,2
167338,0,1,1,2
167340,1,2,2,2
167342,1,2,2,2
167344,0,6,1,7
167348,0,2,1,3
167350,3,7,4,5
167352,5,31,6,27
167354,3,5,4,3
167358,1,3,2,3
167360,0,1,1,2
167362,1,2,2,2
167364,0,1,1,2
167366,12,15,13,4
167368,1,1,2,1
167370,128,807,129,680
167372,0,4,1,5
167374,0,1,1,2
167376,6,11,7,6
167378,6,11,7,6
167380,161,319,162,159
167382,1,3,2,3
167384,2,4,3,3
167388,10,15,11,6
167390,3,4,4,2
167392,164,224,165,61
167398,1,2,2,2
167400,1,2,2,2
167402,1,3,2,3
167404,1,1,2,1
167406,0,2,1,3
167412,0,5,1,6
167414,1,2,2,2
167416,0,1,1,2
167418,1,1,2,1
167420,4,12,5,9
167422,2,6,3,5
167424,1,6,2,6
167426,18,40,19,23
167428,0,1,1,2
167430,0,2,1,3
167432,0,2,1,3
167434,0,1,1,2
167436,1,3,2,3
167438,0,1,1,2
167440,0,3,1,4
167442,1,5,2,5
167446,1,2,2,2
167448,3,7,4,5
167450,0,3,1,4
167454,1,2,2,2
167456,1,1,2,1
167458,1,1,2,1
167460,3,7,4,5
167462,0,1,1,2
167464,1,1,2,1
167466,4,4,5,1
167468,6,10,7,5
167470,24,47,25,24
167472,2,7,3,6
167474,2,5,3,4
167476,1,6,2,6
167478,1,5,2,5
167480,1,5,2,5
167482,0,1,1,2
167484,0,1,1,2
167486,3,7,4,5
167488,2,31,3,30
167490,0,1,1,2
167492,1,3,2,3
167494,11,27,12,17
167496,1,1,2,1
167498,3,21,4,19
167500,1,4,2,4
167502,3,15,4,13
167504,2,5,3,4
167506,1,4,2,4
167508,3,10,4,8
167510,2,9,3,8
167512,1,12,2,12
167514,1,8,2,8
167516,1,9,2,9
167518,3,6,4,4
167520,5,13,6,9
167522,2,9,3,8
167524,3,8,4,6
167526,4,6,5,3
167528,2,5,3,4
167530,1,4,2,4
167532,3,8,4,6
167534,2,8,3,7
167536,4,18,5,15
167538,1,14,2,14
167540,0,1,1,2
167544,163,371,164,209
167546,71,204,72,134
167548,2,3,3,2
167550,2,2,3,1
167552,0,3,1,4
167554,3,8,4,6
167556,0,1,1,2
167558,2,13,3,12
167560,0,2,1,3
167562,0,1,1,2
167564,39,148,40,110
167566,0,1,1,2
167568,1,11,2,11
167570,124,226,125,103
167572,1,4,2,4
167574,0,2,1,3
167576,1,4,2,4
167578,0,2,1,3
167580,0,1,1,2
167582,2,7,3,6
167584,2,5,3,4
167586,0,2,1,3
167592,0,2,1,3
167594,0,3,1,4
167596,0,3,1,4
167598,0,6,1,7
167604,1,4,2,4
167606,1,5,2,5
167608,2,8,3,7
167610,2,9,3,8
167612,0,1,1,2
167614,1,1,2,1
167616,0,4,1,5
167618,0,1,1,2
167620,22,83,23,62
167622,0,2,1,3
167628,1,4,2,4
167630,1,4,2,4
167632,0,2,1,3
167634,38,182,39,145
167636,6,50,7,45
167638,12,78,13,67
167640,146,518,147,373
167642,1,4,2,4
167644,8,20,9,13
167646,0,1,1,2
167648,0,2,1,3
167650,2,3,3,2
167652,4,12,5,9
167654,1,3,2,3
167656,0,1,1,2
167658,0,3,1,4
167660,2,5,3,4
167662,0,5,1,6
167664,0,1,1,2
167666,1,1,2,1
167668,0,1,1,2
167670,0,1,1,2
167672,0,1,1,2
167674,1,11,2,11
167676,1,7,2,7
167678,9,12,10,4
167680,2,10,3,9
167682,10,41,11,32
167684,1,4,2,4
167686,2,7,3,6
167688,1,2,2,2
167690,0,3,1,4
167696,10,26,11,17
167698,2,29,3,28
167700,2,14,3,13
167702,0,1,1,2
167704,0,1,1,2
167706,1,2,2,2
167708,1,1,2,1
167710,4,17,5,14
167712,4,7,5,4
167714,3,7,4,5
167716,1,1,2,1
167718,2,6,3,5
167722,1,2,2,2
167724,0,2,1,3
167726,1,5,2,5
167728,0,2,1,3
167730,0,4,1,5
167732,38,88,39,51
167734,0,1,1,2
167736,0,1,1,2
167738,91,398,92,308
167740,5,87,6,83
167742,1,2,2,2
167744,3,40,4,38
167746,562,1200,563,639
167748,1,3,2,3
167752,1,2,2,2
167754,1,7,2,7
167756,1,2,2,2
167758,0,1,1,2
167760,4,8,5,5
167762,12,25,13,14
167764,9,20,10,12
167766,9,16,10,8
167768,0,1,1,2
167770,17,33,18,17
167772,5,15,6,11
167774,4,13,5,10
167776,8,15,9,8
167778,0,2,1,3
167780,6,23,7,18
167782,1,4,2,4
167784,5,12,6,8
167786,0,14,1,15
167788,9,15,10,7
167790,4,14,5,11
167792,42,65,43,24
167794,37,71,38,35
167796,0,2,1,3
167798,0,1,1,2
167800,17,33,18,17
167802,3,5,4,3
167804,0,1,1,2
167806,2,7,3,6
167808,2,2,3,1
167810,1,5,2,5
167812,0,1,1,2
167814,3,7,4,5
167816,2,5,3,4
167818,1,2,2,2
167820,1,1,2,1
167822,0,6,1,7
167824,0,1,1,2
167826,0,13,1,14
167828,0,2,1,3
167830,0,1,1,2
167832,364,504,365,141
167834,4,7,5,4
167836,0,1,1,2
167838,8,42,9,35
167840,0,5,1,6
167842,6,40,7,35
167844,0,3,1,4
167848,2,7,3,6
167850,8,16,9,9
167852,1,3,2,3
167854,3,17,4,15
167856,12,27,13,16
167858,3,25,4,23
167860,2,10,3,9
167862,0,1,1,2
167864,2,8,3,7
167866,0,2,1,3
167868,0,1,1,2
167870,12,26,13,15
167878,0,1,1,2
167884,0,1,1,2
167886,0,1,1,2
167890,0,1,1,2
167894,0,1,1,2
167904,0,1,1,2
167910,0,1,1,2
167912,0,2,1,3
167924,1,2,2,2
167926,0,3,1,4
167930,0,1,1,2
167932,1,2,2,2
167934,1,2,2,2
167936,0,2,1,3
167940,2,2,3,1
167942,0,2,1,3
167946,0,1,1,2
167948,0,1,1,2
167950,1,2,2,2
167956,0,1,1,2
167958,0,2,1,3
167960,0,4,1,5
167962,3,8,4,6
167964,15,27,16,13
167966,0,3,1,4
167968,0,4,1,5
167970,3,6,4,4
167972,1,2,2,2
167974,2,5,3,4
167976,2,4,3,3
167978,0,1,1,2
167980,2,24,3,23
167982,2,7,3,6
167984,4,14,5,11
167986,4,26,5,23
167988,3,4,4,2
167990,17,45,18,29
167992,2,5,3,4
167994,0,2,1,3
167996,2,4,3,3
167998,2,4,3,3
168000,2,5,3,4
168002,2,2,3,1
168004,1,1,2,1
168006,1,3,2,3
168008,1,1,2,1
168010,1,3,2,3
168012,2,3,3,2
168014,1,1,2,1
168016,2,2,3,1
168018,1,2,2,2
168020,2,2,3,1
168022,2,5,3,4
168024,2,5,3,4
168026,30,68,31,39
168028,2,2,3,1
168030,3,5,4,3
168032,1,1,2,1
168034,4,10,5,7
168036,3,9,4,7
168038,2,3,3,2
168040,15,34,16,20
168042,4,10,5,7
168044,1,3,2,3
168046,2,4,3,3
168048,2,5,3,4
168050,1,3,2,3
168052,2,5,3,4
168054,1,2,2,2
168056,2,5,3,4
168058,5,25,6,21
168060,16,136,17,121
168062,1,5,2,5
168064,4,12,5,9
168070,1,3,2,3
168072,5,11,6,7
168074,1,2,2,2
168076,1,1,2,1
168078,1,2,2,2
168080,2,4,3,3
168082,0,1,1,2
168084,0,2,1,3
168086,0,1,1,2
168088,0,2,1,3
168090,20,29,21,10
168092,1,2,2,2
168094,0,1,1,2
168096,0,2,1,3
168098,0,1,1,2
168104,0,3,1,4
168106,0,1,1,2
168108,1,4,2,4
168110,1,7,2,7
168112,2,5,3,4
168114,0,1,1,2
168116,1,1,2,1
168118,1,3,2,3
168120,1,4,2,4
168122,232,439,233,208
168124,2,6,3,5
168126,3,30,4,28
168128,1,8,2,8
168130,4,20,5,17
168132,0,1,1,2
168134,6,18,7,13
168136,0,4,1,5
168140,1,6,2,6
168142,2,8,3,7
168144,5,9,6,5
168146,1,2,2,2
168148,0,2,1,3
168150,0,5,1,6
168154,1,14,2,14
168156,0,6,1,7
168158,0,1,1,2
168160,0,1,1,2
168162,0,1,1,2
168164,1,1,2,1
168166,4,10,5,7
168168,8,15,9,8
168170,0,2,1,3
168172,18,36,19,19
168174,14,40,15,27
168178,0,3,1,4
168180,1,3,2,3
168184,1,8,2,8
168186,0,2,1,3
168192,0,4,1,5
168194,0,1,1,2
168202,2,4,3,3
168204,1,3,2,3
168206,1,2,2,2
168208,1,3,2,3
168210,2,10,3,9
168212,3,6,4,4
168214,0,5,1,6
168216,1,5,2,5
168218,12,23,13,12
168222,0,2,1,3
168224,2,11,3,10
168226,1,3,2,3
168228,0,1,1,2
168230,0,1,1,2
168232,0,2,1,3
168234,0,2,1,3
168236,0,1,1,2
168238,2,4,3,3
168240,4,9,5,6
168242,3,8,4,6
168244,8,25,9,18
168246,1,6,2,6
168248,1666,2887,1667,1222
168250,3438,5010,3439,1573
168252,4357,6739,4358,2383
168254,347,1259,348,913
168260,3,4,4,2
168262,0,7,1,8
168264,0,1,1,2
168266,320,669,321,350
168268,0,5,1,6
168270,0,1,1,2
168272,1,3,2,3
168274,4,29,5,26
168276,1,3,2,3
168278,7,40,8,34
168280,1,4,2,4
168282,13,18,14,6
168284,2,5,3,4
168286,65,187,66,123
168288,49,200,50,152
168290,0,2,1,3
168292,1,4,2,4
168294,0,1,1,2
168296,1,2,2,2
168298,0,1,1,2
168300,1,4,2,4
168302,3,4,4,2
168304,0,3,1,4
168306,1,4,2,4
168308,1,3,2,3
168310,0,4,1,5
168312,1,5,2,5
168314,2,6,3,5
168316,1,6,2,6
168318,0,1,1,2
168320,0,4,1,5
168322,0,3,1,4
168324,0,1,1,2
168326,895,1454,896,560
168328,60,238,61,179
168330,182,428,183,247
168332,1,11,2,11
168334,10,23,11,14
168336,1,1,2,1
168338,1,3,2,3
168340,0,3,1,4
168342,0,1,1,2
168344,269,754,270,486
168346,2,6,3,5
168348,7,44,8,38
168350,3,10,4,8
168352,7,40,8,34
168354,1,1,2,1
168358,2,22,3,21
168360,1,2,2,2
168364,0,2,1,3
168366,753,1719,754,967
168370,3,22,4,20
168374,0,3,1,4
168376,0,1,1,2
168382,1,2,2,2
168386,0,1,1,2
168390,1,1,2,1
168392,0,1,1,2
168394,0,4,1,5
168400,0,3,1,4
168402,1,6,2,6
168404,0,1,1,2
168406,2,10,3,9
168408,8,41,9,34
168410,0,1,1,2
168412,0,9,1,10
168414,0,3,1,4
168418,221,726,222,506
168420,33,109,34,77
168422,2,3,3,2
168424,1,3,2,3
168426,8,39,9,32
168428,1,1,2,1
168430,6,32,7,27
168432,0,1,1,2
168434,5,13,6,9
168436,1,3,2,3
168438,4,7,5,4
168440,0,3,1,4
168442,0,4,1,5
168444,0,4,1,5
168446,0,3,1,4
168448,0,3,1,4
168450,0,2,1,3
168452,2,5,3,4
168454,1,3,2,3
168456,1,6,2,6
168458,2,8,3,7
168460,1,4,2,4
168462,5,11,6,7
168464,2,5,3,4
168466,1,2,2,2
168468,1,5,2,5
168470,0,2,1,3
168472,1,3,2,3
168476,1,2,2,2
168478,4,7,5,4
168482,1,3,2,3
168486,0,1,1,2
168488,0,5,1,6
168490,2,2,3,1
168492,844,1297,845,454
168494,0,1,1,2
168498,101,426,102,326
168500,3,4,4,2
168502,2,7,3,6
168504,1,2,2,2
168506,2,2,3,1
168508,2,6,3,5
168510,2,7,3,6
168518,0,1,1,2
168522,0,1,1,2
168524,0,1,1,2
168526,1,1,2,1
168528,2,7,3,6
168530,3,7,4,5
168532,1,2,2,2
168534,1,1,2,1
168536,1,1,2,1
168538,0,1,1,2
168540,2,4,3,3
168542,0,1,1,2
168546,1,2,2,2
168550,5,7,6,3
168552,1,6,2,6
168554,32,134,33,103
168556,7,15,8,9
168558,2,4,3,3
168560,3,5,4,3
168562,0,1,1,2
168564,4,7,5,4
168566,0,1,1,2
168568,1,2,2,2
168572,0,1,1,2
168574,0,1,1,2
168576,1,8,2,8
168578,0,1,1,2
168580,0,1,1,2
168582,0,2,1,3
168584,1,5,2,5
168586,13,32,14,20
168588,1,2,2,2
168602,0,1,1,2
168606,0,1,1,2
168608,115,244,116,130
168610,213,413,214,201
168612,524,1667,525,1144
168614,2,6,3,5
168616,0,5,1,6
168618,5,15,6,11
168620,0,2,1,3
168622,0,5,1,6
168624,1,5,2,5
168626,7,17,8,11
168628,0,2,1,3
168630,2,11,3,10
168632,26,72,27,47
168634,0,5,1,6
168636,12,30,13,19
168638,5,7,6,3
168640,0,2,1,3
168642,2,6,3,5
168644,1,1,2,1
168646,1,5,2,5
168648,0,2,1,3
168650,7,72,8,66
168652,1,18,2,18
168654,2,9,3,8
168656,0,1,1,2
168658,0,4,1,5
168660,4,13,5,10
168664,4,5,5,2
168666,2,5,3,4
168668,18,28,19,11
168670,0,4,1,5
168672,0,3,1,4
168674,0,1,1,2
168676,0,2,1,3
168678,0,2,1,3
168680,0,2,1,3
168682,1,2,2,2
168684,0,1,1,2
168686,0,1,1,2
168688,1,2,2,2
168690,0,3,1,4
168692,0,5,1,6
168694,1,2,2,2
168696,1,6,2,6
168698,0,2,1,3
168700,0,2,1,3
168702,0,1,1,2
168704,0,3,1,4
168706,1,1,2,1
168708,0,2,1,3
168710,1,2,2,2
168712,98,410,99,313
168714,7,67,8,61
168716,4,7,5,4
168718,1,3,2,3
168720,0,10,1,11
168722,16,74,17,59
168724,1,6,2,6
168726,3,9,4,7
168728,0,1,1,2
168732,0,2,1,3
168736,2,5,3,4
168738,2,34,3,33
168740,7,21,8,15
168742,1,5,2,5
168744,0,3,1,4
168746,0,2,1,3
168748,4,13,5,10
168750,3,11,4,9
168752,2,7,3,6
168754,1,2,2,2
168756,1,3,2,3
168758,1,2,2,2
168760,15,24,16,10
168762,1,1,2,1
168764,1,3,2,3
168766,1,1,2,1
168768,0,1,1,2
168770,3,9,4,7
168772,5,28,6,24
168774,3,18,4,16
168776,2,13,3,12
168778,0,13,1,14
168780,1,6,2,6
168782,0,3,1,4
168784,2,18,3,17
168786,0,4,1,5
168788,0,4,1,5
168790,0,3,1,4
168792,7,17,8,11
168794,0,1,1,2
168796,0,2,1,3
168798,7,12,8,6
168800,0,3,1,4
168804,0,4,1,5
168806,47,99,48,53
168808,3,7,4,5
168810,0,1,1,2
168812,1,4,2,4
168814,1,1,2,1
168816,1,1,2,1
168818,1,2,2,2
168820,0,2,1,3
168822,1,1,2,1
168824,2,7,3,6
168826,1,3,2,3
168828,1,4,2,4
168830,0,1,1,2
168832,3,7,4,5
168834,0,3,1,4
168836,0,1,1,2
168838,5,23,6,19
168842,0,3,1,4
168844,0,1,1,2
168846,21,32,22,12
168850,1,1,2,1
168852,2,2,3,1
168854,1,1,2,1
168856,1,1,2,1
168858,0,1,1,2
168860,3,11,4,9
168862,11,28,12,18
168864,3,10,4,8
168866,2,2,3,1
168868,0,1,1,2
168870,4,5,5,2
168874,1,2,2,2
168884,10,35,11,26
168886,0,3,1,4
168888,1,2,2,2
168890,0,1,1,2
168892,1,3,2,3
168894,0,2,1,3
168896,0,1,1,2
168898,1,5,2,5
168900,1,2,2,2
168902,0,2,1,3
168904,0,6,1,7
168906,1,3,2,3
168908,0,1,1,2
168910,24,47,25,24
168912,1,3,2,3
168914,1,3,2,3
168916,0,2,1,3
168918,3,4,4,2
168920,0,2,1,3
168922,0,1,1,2
168924,0,2,1,3
168926,10,15,11,6
168928,0,2,1,3
168930,2,4,3,3
168932,1,2,2,2
168934,2,12,3,11
168936,2,6,3,5
168940,1,2,2,2
168942,2,6,3,5
168944,3,5,4,3
168946,0,1,1,2
168948,0,1,1,2
168950,0,2,1,3
168952,2,5,3,4
168954,1,2,2,2
168956,1,4,2,4
168958,0,4,1,5
168960,0,2,1,3
168962,15,28,16,14
168964,1,5,2,5
168966,0,2,1,3
168968,0,1,1,2
168972,1,4,2,4
168974,1,2,2,2
168978,1,7,2,7
168980,1,2,2,2
168982,5,8,6,4
168984,0,1,1,2
168986,0,2,1,3
168988,0,1,1,2
168994,2,5,3,4
168996,6,19,7,14
168998,1,3,2,3
169000,0,6,1,7
169002,3,15,4,13
169006,1,1,2,1
169008,2,16,3,15
169010,0,1,1,2
169012,0,2,1,3
169014,0,3,1,4
169016,1,4,2,4
169018,0,2,1,3
169020,0,10,1,11
169022,8,12,9,5
169024,0,1,1,2
169028,16,79,17,64
169030,1,4,2,4
169032,3,6,4,4
169034,10,16,11,7
169036,1,2,2,2
169038,1,2,2,2
169040,1,2,2,2
169042,1,1,2,1
169044,0,2,1,3
169046,0,3,1,4
169048,0,1,1,2
169050,1,5,2,5
169052,0,3,1,4
169054,2,5,3,4
169056,0,2,1,3
169058,0,3,1,4
169060,1,4,2,4
169062,2,3,3,2
169064,3,5,4,3
169066,1,3,2,3
169068,3,10,4,8
169070,1,2,2,2
169072,1,2,2,2
169082,1,4,2,4
169086,0,1,1,2
169088,1,4,2,4
169090,0,2,1,3
169092,9,14,10,6
169094,2,7,3,6
169096,0,5,1,6
169098,1,8,2,8
169100,3,7,4,5
169102,1,7,2,7
169104,0,3,1,4
169106,1,7,2,7
169110,2,4,3,3
169112,0,1,1,2
169114,4,6,5,3
169116,0,1,1,2
169118,1,1,2,1
169120,0,2,1,3
169122,0,2,1,3
169124,2,2,3,1
169126,1,3,2,3
169128,1,1,2,1
169130,0,1,1,2
169132,0,4,1,5
169134,2,4,3,3
169136,0,1,1,2
169142,0,1,1,2
169144,0,1,1,2
169146,0,1,1,2
169148,0,2,1,3
169150,0,2,1,3
169152,0,1,1,2
169154,4,7,5,4
169156,0,2,1,3
169158,0,1,1,2
169160,1,1,2,1
169162,0,2,1,3
169164,41,101,42,61
169166,68,155,69,88
169168,3,25,4,23
169170,5,12,6,8
169172,2,13,3,12
169174,0,1,1,2
169176,2,4,3,3
169178,1,2,2,2
169180,2,27,3,26
169182,1,4,2,4
169184,1,7,2,7
169186,3,7,4,5
169188,8,20,9,13
169190,3,9,4,7
169192,1,2,2,2
169194,0,2,1,3
169196,2,4,3,3
169198,2,17,3,16
169200,0,2,1,3
169202,0,4,1,5
169204,10,22,11,13
169206,1,3,2,3
169208,1,3,2,3
169210,1,3,2,3
169212,1,5,2,5
169214,0,1,1,2
169216,3,13,4,11
169218,61,106,62,46
169220,31,88,32,58
169222,0,8,1,9
169226,0,2,1,3
169228,2,5,3,4
169230,0,2,1,3
169232,2,2,3,1
169234,0,2,1,3
169236,1,4,2,4
169238,1,4,2,4
169240,0,1,1,2
169242,0,6,1,7
169244,1,10,2,10
169246,1,2,2,2
169248,0,6,1,7
169250,7,20,8,14
169252,60,86,61,27
169254,2,3,3,2
169256,7,28,8,22
169258,0,3,1,4
169260,0,4,1,5
169262,0,3,1,4
169264,12,20,13,9
169266,4,9,5,6
169268,1,2,2,2
169270,0,8,1,9
169274,0,4,1,5
169276,1,5,2,5
169278,0,2,1,3
169280,1,1,2,1
169282,1,6,2,6
169284,0,2,1,3
169286,0,1,1,2
169288,7,21,8,15
169290,1,2,2,2
169292,0,4,1,5
169294,17,25,18,9
169296,0,8,1,9
169298,1,8,2,8
169300,1,6,2,6
169302,3,12,4,10
169304,1,4,2,4
169306,2,3,3,2
169310,0,1,1,2
169312,1,1,2,1
169314,0,2,1,3
169318,1,4,2,4
169320,0,1,1,2
169324,1,2,2,2
169326,3,4,4,2
169328,2,5,3,4
169332,0,4,1,5
169334,1,1,2,1
169336,0,1,1,2
169338,1,1,2,1
169346,2,2,3,1
169352,4,7,5,4
169356,2,3,3,2
169358,0,1,1,2
169360,0,3,1,4
169366,0,1,1,2
169370,3,9,4,7
169378,0,1,1,2
169382,2,3,3,2
169386,0,2,1,3
169388,0,1,1,2
169390,4,23,5,20
169392,0,5,1,6
169394,7,17,8,11
169396,0,1,1,2
169398,0,1,1,2
169400,22,52,23,31
169402,1,4,2,4
169404,1,8,2,8
169406,0,7,1,8
169408,0,3,1,4
169410,0,5,1,6
169416,1,2,2,2
169418,0,1,1,2
169420,1,3,2,3
169422,0,2,1,3
169424,1,2,2,2
169426,2,6,3,5
169428,1,3,2,3
169430,0,3,1,4
169432,1,3,2,3
169434,2,4,3,3
169436,0,4,1,5
169438,0,1,1,2
169440,1,2,2,2
169442,1,4,2,4
169444,1,3,2,3
169446,0,2,1,3
169448,0,1,1,2
169450,0,2,1,3
169452,0,3,1,4
169454,1,3,2,3
169456,0,1,1,2
169458,0,1,1,2
169460,0,4,1,5
169462,0,5,1,6
169464,1,3,2,3
169466,0,4,1,5
169468,0,2,1,3
169470,4,15,5,12
169472,0,1,1,2
169474,1,3,2,3
169476,2,8,3,7
169478,2,12,3,11
169480,3,13,4,11
169482,2,3,3,2
169484,0,2,1,3
169486,2,4,3,3
169488,16,31,17,16
169490,5,8,6,4
169492,1,3,2,3
169494,7,8,8,2
169496,2,3,3,2
169498,0,11,1,12
169500,0,1,1,2
169502,2,5,3,4
169504,2,2,3,1
169506,2,6,3,5
169508,1,1,2,1
169510,0,1,1,2
169512,0,1,1,2
169514,0,1,1,2
169516,1,1,2,1
169518,1,1,2,1
169520,0,2,1,3
169522,0,5,1,6
169524,1,5,2,5
169526,0,4,1,5
169528,1,4,2,4
169530,8,15,9,8
169532,3,4,4,2
169534,5,8,6,4
169536,1,6,2,6
169542,1,1,2,1
169550,1,2,2,2
169552,2,5,3,4
169554,1,1,2,1
169558,0,4,1,5
169560,2,2,3,1
169562,0,2,1,3
169564,0,1,1,2
169576,0,1,1,2
169580,0,1,1,2
169582,1,6,2,6
169584,2,3,3,2
169588,2,6,3,5
169590,2,2,3,1
169592,1,6,2,6
169596,0,1,1,2
169602,0,1,1,2
169604,5,8,6,4
169606,3,5,4,3
169608,1,1,2,1
169610,1,2,2,2
169614,0,1,1,2
169616,0,1,1,2
169618,0,1,1,2
169622,0,3,1,4
169628,1,1,2,1
169630,4,5,5,2
169632,2,3,3,2
169634,1,3,2,3
169638,0,1,1,2
169646,1,2,2,2
169648,1,3,2,3
169650,1,1,2,1
169652,1,4,2,4
169654,5,34,6,30
169656,46,109,47,64
169658,0,5,1,6
169660,0,2,1,3
169662,0,2,1,3
169664,0,1,1,2
169666,3,19,4,17
169668,5,23,6,19
169670,52,222,53,171
169672,2,7,3,6
169674,1,1,2,1
169678,0,2,1,3
169682,1,1,2,1
169684,0,6,1,7
169686,1,1,2,1
169688,1,4,2,4
169690,1,4,2,4
169692,15,34,16,20
169694,10,16,11,7
169696,1,2,2,2
169698,0,3,1,4
169700,2,3,3,2
169706,0,2,1,3
169708,0,3,1,4
169710,0,2,1,3
169714,4,6,5,3
169716,0,2,1,3
169718,0,3,1,4
169720,1,7,2,7
169722,1,2,2,2
169724,0,1,1,2
169726,1,6,2,6
169732,1,1,2,1
169736,1,2,2,2
169740,1,1,2,1
169742,0,5,1,6
169744,0,5,1,6
169746,1,1,2,1
169750,4,21,5,18
169752,2,14,3,13
169754,1,7,2,7
169756,34,97,35,64
169758,8,22,9,15
169760,29,92,30,64
169762,6,34,7,29
169764,51,212,52,162
169766,4,5,5,2
169768,5,11,6,7
169770,1,6,2,6
169772,0,1,1,2
169774,3,4,4,2
169776,2,10,3,9
169778,0,3,1,4
169780,0,2,1,3
169782,13,23,14,11
169784,3,13,4,11
169786,3,6,4,4
169788,5,6,6,2
169790,1,1,2,1
169792,11,36,12,26
169794,0,5,1,6
169796,1,5,2,5
169798,0,2,1,3
169800,0,12,1,13
169802,0,1,1,2
169804,0,5,1,6
169806,0,1,1,2
169808,0,2,1,3
169810,0,5,1,6
169812,4,9,5,6
169814,1,30,2,30
169816,1,1,2,1
169818,2,2,3,1
169820,1,1,2,1
169822,2,2,3,1
169824,1,4,2,4
169826,1,1,2,1
169828,14,33,15,20
169830,1,1,2,1
169832,0,1,1,2
169834,0,4,1,5
169836,0,3,1,4
169838,0,1,1,2
169840,1,3,2,3
169842,37,88,38,52
169844,0,1,1,2
169846,0,2,1,3
169848,2,3,3,2
169850,3,14,4,12
169852,1,2,2,2
169854,3,8,4,6
169858,1,1,2,1
169860,3,4,4,2
169862,1,5,2,5
169864,368,1233,369,866
169866,1,2,2,2
169868,1,5,2,5
169870,0,2,1,3
169872,2,5,3,4
169874,2,8,3,7
169876,1,1,2,1
169880,3,28,4,26
169882,2,3,3,2
169884,0,1,1,2
169888,5,11,6,7
169890,1,3,2,3
169892,0,5,1,6
169894,2,6,3,5
169896,2,3,3,2
169898,3,8,4,6
169900,79,311,80,233
169902,9,46,10,38
169904,3,11,4,9
169906,362,467,363,106
169908,1,1,2,1
169910,0,1,1,2
169912,8,26,9,19
169916,0,3,1,4
169918,0,2,1,3
169920,1,2,2,2
169922,2,2,3,1
169924,2,3,3,2
169928,1,7,2,7
169930,0,2,1,3
169932,2,6,3,5
169934,1,1,2,1
169936,0,1,1,2
169940,1,1,2,1
169942,1,1,2,1
169944,0,2,1,3
169948,34,66,35,33
169950,0,2,1,3
169952,2,4,3,3
169954,19,26,20,8
169956,1,2,2,2
169958,17,56,18,40
169960,6,10,7,5
169962,0,5,1,6
169964,0,4,1,5
169966,5,10,6,6
169968,0,6,1,7
169970,4,6,5,3
169972,1,8,2,8
169974,3,6,4,4
169976,0,3,1,4
169978,1,4,2,4
169980,2,4,3,3
169982,78,461,79,384
169984,389,1504,390,1116
169986,0,2,1,3
169988,1,2,2,2
169990,2,3,3,2
169992,55,243,56,189
169994,1,2,2,2
169996,0,2,1,3
169998,2,4,3,3
170000,0,9,1,10
170006,5,7,6,3
170008,1,4,2,4
170010,1,2,2,2
170012,1,3,2,3
170014,2,5,3,4
170016,0,2,1,3
170018,1,3,2,3
170020,0,1,1,2
170022,0,1,1,2
170024,11,55,12,45
170026,8,14,9,7
170028,1,5,2,5
170030,0,5,1,6
170036,0,1,1,2
170040,1,2,2,2
170042,0,2,1,3
170044,0,1,1,2
170046,3,67,4,65
170048,0,2,1,3
170050,1,2,2,2
170054,0,1,1,2
170056,0,2,1,3
170058,0,2,1,3
170060,1,1,2,1
170062,2,4,3,3
170064,0,1,1,2
170066,1,3,2,3
170068,2,5,3,4
170070,2,4,3,3
170103,1,2,2,2
170105,0,5,1,6
170107,0,2,1,3
170109,0,1,1,2
170111,0,4,1,5
170113,2,12,3,11
170115,1,2,2,2
170117,5,16,6,12
170119,0,4,1,5
170121,2,6,3,5
170123,1,7,2,7
170125,18,27,19,10
170127,13,19,14,7
170129,4,30,5,27
170133,0,1,1,2
170137,0,1,1,2
170141,0,1,1,2
170143,0,1,1,2
170145,0,1,1,2
170151,20,75,21,56
170153,7,49,8,43
170155,7,17,8,11
170157,0,1,1,2
170159,0,1,1,2
170161,0,3,1,4
170163,0,1,1,2
170165,0,2,1,3
170167,0,1,1,2
170171,0,1,1,2
170173,0,1,1,2
170183,0,5,1,6
170191,2,23,3,22
170193,2,11,3,10
170195,1,5,2,5
170197,3,9,4,7
170199,2,7,3,6
170201,6,15,7,10
170203,0,4,1,5
170205,1,7,2,7
170207,2,5,3,4
170209,0,4,1,5
170211,0,1,1,2
170213,25,41,26,17
170215,0,2,1,3
170217,1,6,2,6
170223,0,1,1,2
170225,0,1,1,2
170227,0,2,1,3
170229,1,1,2,1
170231,1,2,2,2
170233,2,4,3,3
170235,3,21,4,19
170237,2,10,3,9
170239,0,1,1,2
170241,6,20,7,15
170245,0,2,1,3
170247,0,3,1,4
170253,5,42,6,38
170255,0,2,1,3
170257,1,5,2,5
170259,0,2,1,3
170261,0,2,1,3
170263,29,56,30,28
170265,0,8,1,9
170267,0,1,1,2
170269,1,4,2,4
170271,0,2,1,3
170273,3,25,4,23
170275,0,2,1,3
170277,1,3,2,3
170279,1,7,2,7
170281,1,5,2,5
170283,1,2,2,2
170285,2,22,3,21
170287,1,16,2,16
170289,2,31,3,30
170291,3,16,4,14
170293,10,42,11,33
170295,2,9,3,8
170297,9,26,10,18
170299,0,2,1,3
170301,0,7,1,8
170303,6,22,7,17
170305,4,8,5,5
170307,0,3,1,4
170309,0,1,1,2
170311,0,4,1,5
170315,2,7,3,6
170317,6,27,7,22
170319,1,7,2,7
170321,0,2,1,3
170323,0,5,1,6
170325,0,1,1,2
170327,0,1,1,2
170329,0,1,1,2
170331,0,1,1,2
170333,0,2,1,3
170335,0,2,1,3
170337,0,2,1,3
170339,0,1,1,2
170341,0,1,1,2
170343,0,1,1,2
170345,1,1,2,1
170347,1,2,2,2
170349,3,8,4,6
170351,1,4,2,4
170353,1,2,2,2
170355,411,553,412,143
170357,154,249,155,96
170359,5,12,6,8
170361,13,28,14,16
170363,0,3,1,4
170365,0,12,1,13
170367,1,2,2,2
170369,4,17,5,14
170371,1,21,2,21
170377,1,9,2,9
170379,1,2,2,2
170381,1,3,2,3
170383,0,1,1,2
170385,0,2,1,3
170389,1,3,2,3
170391,0,2,1,3
170393,22,43,23,22
170395,0,1,1,2
170397,1,2,2,2
170399,51,186,52,136
170401,39,149,40,111
170403,160,453,161,294
170405,14,58,15,45
170407,10,31,11,22
170409,2,8,3,7
170411,55,105,56,51
170413,0,2,1,3
170417,0,1,1,2
170421,0,1,1,2
170423,3,32,4,30
170425,18,29,19,12
170427,2,4,3,3
170429,1,1,2,1
170431,0,3,1,4
170433,0,4,1,5
170435,0,1,1,2
170437,0,2,1,3
170439,0,2,1,3
170441,5,8,6,4
170443,0,1,1,2
170445,1,4,2,4
170447,1,6,2,6
170449,1,2,2,2
170451,3,19,4,17
170453,6,9,7,4
170455,4,9,5,6
170457,1,2,2,2
170459,0,1,1,2
170461,2,6,3,5
170463,1,2,2,2
170465,1,2,2,2
170467,1,4,2,4
170469,0,2,1,3
170471,0,3,1,4
170473,1,1,2,1
170475,2,9,3,8
170477,3,23,4,21
170479,1,3,2,3
170481,9,31,10,23
170483,3,3,4,1
170485,4,11,5,8
170487,11,15,12,5
170489,11,38,12,28
170491,0,2,1,3
170493,2,6,3,5
170495,0,1,1,2
170497,3,3,4,1
170499,1,4,2,4
170501,1,6,2,6
170503,1,4,2,4
170505,2,2,3,1
170507,5,9,6,5
170509,13,20,14,8
170511,0,2,1,3
170513,4,11,5,8
170515,4,12,5,9
170517,3,8,4,6
170519,0,1,1,2
170521,2,7,3,6
170523,3,9,4,7
170525,3,10,4,8
170527,2,8,3,7
170529,1,4,2,4
170531,1,5,2,5
170533,2,4,3,3
170535,0,6,1,7
170537,0,17,1,18
170539,1,2,2,2
170541,0,3,1,4
170543,0,3,1,4
170545,0,2,1,3
170549,2,8,3,7
170551,2,14,3,13
170553,1,5,2,5
170555,21,80,22,60
170557,0,1,1,2
170559,0,1,1,2
170561,0,3,1,4
170563,1,4,2,4
170565,0,1,1,2
170567,0,2,1,3
170571,4,10,5,7
170573,0,5,1,6
170577,0,1,1,2
170579,0,1,1,2
170581,0,2,1,3
170583,0,1,1,2
170589,5,10,6,6
170591,24,42,25,19
170593,0,1,1,2
170595,7,13,8,7
170597,35,50,36,16
170599,10,20,11,11
170601,13,42,14,30
170605,9,23,10,15
170607,0,1,1,2
170609,4,10,5,7
170611,16,28,17,13
170613,6,13,7,8
170615,16,27,17,12
170617,5,11,6,7
170619,1,2,2,2
170621,3,6,4,4
170623,2,17,3,16
170625,1,13,2,13
170627,16,71,17,56
170629,85,264,86,180
170631,0,5,1,6
170633,0,1,1,2
170635,78,122,79,45
170637,6,19,7,14
170639,0,2,1,3
170641,6,13,7,8
170643,0,2,1,3
170645,94,165,95,72
170647,2,8,3,7
170649,3,8,4,6
170651,0,1,1,2
170653,9,13,10,5
170655,0,1,1,2
170657,0,1,1,2
170659,1,4,2,4
170661,0,3,1,4
170663,0,1,1,2
170665,3,7,4,5
170667,0,1,1,2
170669,2,5,3,4
170671,1,4,2,4
170673,4,8,5,5
170675,6,13,7,8
170681,0,2,1,3
170683,3,3,4,1
170685,1,3,2,3
170687,1,5,2,5
170689,7,13,8,7
170691,1,13,2,13
170693,1,4,2,4
170697,614,972,615,359
170699,2,9,3,8
170701,0,3,1,4
170703,0,4,1,5
170705,1175,1356,1176,182
170707,11,21,12,11
170709,18,75,19,58
170711,1,2,2,2
170715,1,2,2,2
170717,1,1,2,1
170719,0,3,1,4
170721,0,1,1,2
170723,0,1,1,2
170725,1,1,2,1
170727,2,4,3,3
170729,116,227,117,112
170731,0,3,1,4
170733,5,10,6,6
170735,1,2,2,2
170737,1,1,2,1
170739,3,5,4,3
170741,3,6,4,4
170743,2,4,3,3
170745,116,190,117,75
170747,0,1,1,2
170749,0,2,1,3
170751,6,66,7,61
170753,1,8,2,8
170755,2,9,3,8
170757,0,2,1,3
170763,0,4,1,5
170765,1,1,2,1
170767,1,1,2,1
170771,2,3,3,2
170773,2,9,3,8
170775,6,13,7,8
170777,247,322,248,76
170779,0,1,1,2
170781,18,37,19,20
170783,5,11,6,7
170785,0,4,1,5
170787,26,89,27,64
170789,6,21,7,16
170791,1,2,2,2
170793,1,5,2,5
170795,0,4,1,5
170797,1,3,2,3
170799,55,89,56,35
170801,1,5,2,5
170803,3,6,4,4
170805,2,3,3,2
170807,0,5,1,6
170809,36,74,37,39
170811,0,1,1,2
170813,125,545,126,421
170815,9,45,10,37
170817,19,129,20,111
170819,0,1,1,2
170821,0,3,1,4
170823,0,1,1,2
170825,0,1,1,2
170827,102,723,103,622
170829,1,3,2,3
170831,0,1,1,2
170833,1,2,2,2
170835,4,26,5,23
170837,13,34,14,22
170839,1,4,2,4
170841,1,2,2,2
170843,1,3,2,3
170845,0,1,1,2
170847,0,2,1,3
170849,1,1,2,1
170851,0,1,1,2
170853,2,7,3,6
170855,1,1,2,1
170857,1,2,2,2
170859,1,2,2,2
170861,0,1,1,2
170863,3,10,4,8
170865,5,8,6,4
170867,1,1,2,1
170869,1,3,2,3
170871,3,9,4,7
170873,2,7,3,6
170875,298,862,299,565
170877,0,4,1,5
170879,0,3,1,4
170881,3,21,4,19
170885,6,9,7,4
170887,2,2,3,1
170889,4,6,5,3
170891,18,54,19,37
170893,3,10,4,8
170895,1,2,2,2
170897,5,58,6,54
170899,2,6,3,5
170901,6,18,7,13
170903,0,4,1,5
170905,0,3,1,4
170907,24,53,25,30
170909,0,2,1,3
170911,1,2,2,2
170913,12,42,13,31
170915,6,14,7,9
170917,3,19,4,17
170919,1,5,2,5
170921,6,14,7,9
170923,0,2,1,3
170925,1,9,2,9
170927,2,8,3,7
170929,1,3,2,3
170931,1,3,2,3
170933,8,15,9,8
170935,1,5,2,5
170937,5,38,6,34
170939,30,120,31,91
170941,1,4,2,4
170943,16,49,17,34
170945,165,486,166,322
170947,38,84,39,47
170949,7,65,8,59
170951,2,7,3,6
170955,2,5,3,4
170957,128,377,129,250
170959,26,65,27,40
170961,15,60,16,46
170963,0,2,1,3
170965,0,1,1,2
170967,1,4,2,4
170969,0,1,1,2
170971,1,1,2,1
170973,12,38,13,27
170975,0,1,1,2
170977,0,2,1,3
170979,0,2,1,3
170981,0,1,1,2
170983,1,4,2,4
170985,0,5,1,6
170987,0,4,1,5
170989,0,3,1,4
170991,0,2,1,3
170993,4,16,5,13
170995,0,7,1,8
170997,1,1,2,1
170999,1,7,2,7
171001,1,4,2,4
171003,0,2,1,3
171005,0,2,1,3
171007,29,96,30,68
171009,0,2,1,3
171011,1011,1124,1012,114
171013,47,68,48,22
171015,2,9,3,8
171017,1,2,2,2
171021,0,5,1,6
171023,14,40,15,27
171025,0,3,1,4
171027,0,1,1,2
171031,2,9,3,8
171033,0,3,1,4
171035,1,2,2,2
171037,0,2,1,3
171041,1,11,2,11
171043,1,4,2,4
171045,0,2,1,3
171047,3,7,4,5
171049,15,67,16,53
171051,1,1,2,1
171055,0,3,1,4
171057,1,2,2,2
171059,1,3,2,3
171061,0,1,1,2
171063,0,1,1,2
171065,1,1,2,1
171067,5,11,6,7
171069,0,1,1,2
171071,9,13,10,5
171073,1,5,2,5
171075,1,2,2,2
171079,0,1,1,2
171083,0,2,1,3
171085,1,3,2,3
171087,1,4,2,4
171089,1,9,2,9
171091,1,3,2,3
171093,12,18,13,7
171095,6,13,7,8
171101,0,2,1,3
171103,0,2,1,3
171105,0,1,1,2
171107,1,2,2,2
171109,4,23,5,20
171111,10,26,11,17
171113,12,33,13,22
171115,0,5,1,6
171117,2,2,3,1
171121,0,1,1,2
171123,1,2,2,2
171127,1,2,2,2
171129,3,10,4,8
171131,0,1,1,2
171133,1,4,2,4
171137,0,1,1,2
171139,0,1,1,2
171141,36,64,37,29
171143,0,7,1,8
171147,2,3,3,2
171149,2,10,3,9
171151,3,11,4,9
171153,2,22,3,21
171155,3,10,4,8
171157,0,5,1,6
171161,4,11,5,8
171163,1,2,2,2
171165,0,4,1,5
171167,2,15,3,14
171169,1,15,2,15
171171,0,2,1,3
171173,4,8,5,5
171175,2,5,3,4
171177,5,10,6,6
171179,16,25,17,10
171181,2,7,3,6
171183,1,7,2,7
171185,1,2,2,2
171187,7,10,8,4
171189,0,1,1,2
171191,13,40,14,28
171193,1,12,2,12
171195,7,11,8,5
171197,0,2,1,3
171199,0,1,1,2
171201,2,9,3,8
171203,1,3,2,3
171205,1,2,2,2
171207,7,98,8,92
171209,3,11,4,9
171211,3,4,4,2
171213,2,21,3,20
171215,1,12,2,12
171217,0,1,1,2
171219,0,4,1,5
171221,2,4,3,3
171223,1,2,2,2
171225,4,11,5,8
171227,17,42,18,26
171231,1,2,2,2
171233,17,58,18,42
171235,0,5,1,6
171237,1,3,2,3
171239,0,1,1,2
171241,1,3,2,3
171243,1,9,2,9
171245,0,5,1,6
171247,0,3,1,4
171249,1,2,2,2
171251,8,19,9,12
171253,85,161,86,77
171255,1,1,2,1
171257,0,1,1,2
171259,4,13,5,10
171261,0,9,1,10
171263,8,26,9,19
171265,15,28,16,14
171269,1,4,2,4
171271,10,16,11,7
171273,1,5,2,5
171275,5,12,6,8
171277,11,17,12,7
171279,1,1,2,1
171281,2,2,3,1
171283,5,8,6,4
171285,8,11,9,4
171287,3,5,4,3
171289,5,6,6,2
171291,3,4,4,2
171293,8,12,9,5
171295,3,4,4,2
171297,3,7,4,5
171299,2,2,3,1
171301,0,2,1,3
171303,1,2,2,2
171309,0,4,1,5
171311,1,2,2,2
171313,1,4,2,4
171315,13,65,14,53
171317,0,1,1,2
171319,0,2,1,3
171321,0,1,1,2
171323,1,3,2,3
171325,0,2,1,3
171327,4,12,5,9
171329,0,1,1,2
171331,10,12,11,3
171333,1,4,2,4
171335,4,4,5,1
171337,1,8,2,8
171339,3,6,4,4
171341,2,8,3,7
171345,0,3,1,4
171349,14,22,15,9
171351,1,2,2,2
171353,0,3,1,4
171355,0,3,1,4
171357,0,1,1,2
171359,1,4,2,4
171361,5,11,6,7
171363,4,5,5,2
171365,0,3,1,4
171367,0,3,1,4
171369,1,2,2,2
171371,3,3,4,1
171373,0,2,1,3
171375,1,4,2,4
171377,2,3,3,2
171379,0,7,1,8
171381,0,1,1,2
171383,1,4,2,4
171385,6,7,7,2
171387,2,5,3,4
171389,1,1,2,1
171391,0,1,1,2
171393,2,9,3,8
171395,1,2,2,2
171397,3,7,4,5
171399,0,2,1,3
171401,3,6,4,4
171403,0,3,1,4
171405,2,2,3,1
171407,0,2,1,3
171409,2,7,3,6
171411,0,2,1,3
171413,0,2,1,3
171415,1,1,2,1
171417,0,1,1,2
171419,0,1,1,2
171421,1,2,2,2
171423,0,3,1,4
171425,0,1,1,2
171427,0,1,1,2
171429,4,6,5,3
171433,1,4,2,4
171435,2,9,3,8
171437,0,9,1,10
171439,37,126,38,90
171441,0,1,1,2
171443,8,31,9,24
171445,1,2,2,2
171447,0,2,1,3
171449,0,3,1,4
171455,5,13,6,9
171457,5,8,6,4
171459,1,2,2,2
171461,1,14,2,14
171463,2,13,3,12
171465,3,19,4,17
171467,14,41,15,28
171469,0,7,1,8
171473,0,7,1,8
171475,0,9,1,10
171477,0,1,1,2
171479,0,14,1,15
171481,0,6,1,7
171483,1,5,2,5
171485,2,6,3,5
171487,0,1,1,2
171489,3,13,4,11
171491,21,87,22,67
171493,1,2,2,2
171495,233,277,234,45
171497,4,32,5,29
171499,0,3,1,4
171501,3,37,4,35
171503,5,12,6,8
171505,9,19,10,11
171509,0,1,1,2
171511,0,2,1,3
171513,0,1,1,2
171515,0,2,1,3
171517,1,6,2,6
171519,2,32,3,31
171521,1,2,2,2
171523,1,3,2,3
171525,0,2,1,3
171527,1,5,2,5
171529,0,2,1,3
171531,3,6,4,4
171533,2,5,3,4
171535,0,1,1,2
171537,5,13,6,9
171539,0,1,1,2
171541,20,36,21,17
171543,0,10,1,11
171545,0,22,1,23
171547,0,1,1,2
171549,5,20,6,16
171551,1,1,2,1
171553,1,2,2,2
171555,0,9,1,10
171557,1,12,2,12
171559,1,6,2,6
171561,1,26,2,26
171563,2,4,3,3
171565,1,2,2,2
171567,0,2,1,3
171569,1,3,2,3
171571,3,7,4,5
171573,1,3,2,3
171575,2,8,3,7
171577,2,2,3,1
171579,2,5,3,4
171581,13,47,14,35
171583,32,91,33,60
171587,0,3,1,4
171589,0,3,1,4
171591,3,5,4,3
171593,2,5,3,4
171595,2,6,3,5
171597,0,3,1,4
171599,1,9,2,9
171601,0,17,1,18
171603,21,35,22,15
171605,5,19,6,15
171607,1,4,2,4
171609,4,25,5,22
171611,27,65,28,39
171613,7,15,8,9
171615,0,2,1,3
171621,1,2,2,2
171623,2,2,3,1
171625,0,3,1,4
171627,0,1,1,2
171629,1,4,2,4
171631,5,20,6,16
171633,0,1,1,2
171635,0,2,1,3
171637,2,4,3,3
171639,0,3,1,4
171641,2,2,3,1
171643,2,2,3,1
171645,2,2,3,1
171647,43,59,44,17
171649,2,3,3,2
171651,0,5,1,6
171653,0,1,1,2
171655,0,1,1,2
171657,1,1,2,1
171659,0,1,1,2
171661,1,6,2,6
171663,1,5,2,5
171665,0,3,1,4
171667,1,1,2,1
171669,2,2,3,1
171671,0,4,1,5
171673,1,2,2,2
171675,3,3,4,1
171677,0,1,1,2
171679,2,4,3,3
171681,1,1,2,1
171683,3,5,4,3
171685,1,1,2,1
171687,1,5,2,5
171689,10,43,11,34
171691,2,3,3,2
171693,2,2,3,1
171695,11,20,12,10
171697,2,11,3,10
171701,6,12,7,7
171703,13,24,14,12
171705,22,32,23,11
171707,0,1,1,2
171709,1,2,2,2
171711,0,3,1,4
171715,7,11,8,5
171717,0,2,1,3
171719,0,3,1,4
171721,0,2,1,3
171723,1,2,2,2
171725,0,10,1,11
171727,2,38,3,37
171729,1,36,2,36
171731,6,13,7,8
171733,3,7,4,5
171735,1,4,2,4
171737,0,14,1,15
171739,0,2,1,3
171741,0,15,1,16
171743,1,8,2,8
171745,6,12,7,7
171747,0,4,1,5
171749,142,192,143,51
171751,27,41,28,15
171753,0,1,1,2
171755,0,1,1,2
171757,5,39,6,35
171759,67,264,68,198
171761,0,3,1,4
171763,2444,4105,2445,1662
171765,296,683,297,388
171767,1,11,2,11
171769,18,28,19,11
171771,0,9,1,10
171773,1,2,2,2
171775,1,3,2,3
171777,2,3,3,2
171779,3,6,4,4
171781,3,12,4,10
171783,0,2,1,3
171785,0,1,1,2
171787,0,1,1,2
171789,0,1,1,2
171791,0,2,1,3
171793,1,4,2,4
171795,1,1,2,1
171797,0,1,1,2
171799,1,9,2,9
171801,2,6,3,5
171803,2,22,3,21
171805,1,12,2,12
171807,1,2,2,2
171809,1,5,2,5
171811,3,5,4,3
171813,1,1,2,1
171815,2,3,3,2
171817,2,8,3,7
171819,3,7,4,5
171821,1,5,2,5
171823,5,11,6,7
171825,3,9,4,7
171827,0,1,1,2
171831,1,5,2,5
171833,9,11,10,3
171835,14,34,15,21
171837,1,2,2,2
171839,0,1,1,2
171841,0,1,1,2
171843,8,12,9,5
171845,1,2,2,2
171847,1,1,2,1
171849,1,1,2,1
171851,2,4,3,3
171853,0,1,1,2
171855,0,2,1,3
171857,0,2,1,3
171859,1,3,2,3
171861,0,4,1,5
171863,1,3,2,3
171865,1,3,2,3
171867,35,199,36,165
171869,10,33,11,24
171871,0,2,1,3
171873,1,2,2,2
171875,1,6,2,6
171877,1,7,2,7
171879,6,19,7,14
171881,14,76,15,63
171883,1,2,2,2
171885,1,2,2,2
171887,2,12,3,11
171889,0,4,1,5
171891,0,11,1,12
171893,0,1,1,2
171895,0,5,1,6
171897,1,2,2,2
171899,3,5,4,3
171901,0,3,1,4
171903,16,31,17,16
171905,0,3,1,4
171907,2,6,3,5
171909,1,2,2,2
171913,0,1,1,2
171915,1,2,2,2
171917,3,3,4,1
171919,1,5,2,5
171921,0,1,1,2
171923,3,5,4,3
171925,17,50,18,34
171927,0,2,1,3
171933,2,2,3,1
171935,0,1,1,2
171937,0,3,1,4
171939,1,7,2,7
171941,1,9,2,9
171943,0,6,1,7
171945,1,7,2,7
171947,1,6,2,6
171949,0,7,1,8
171951,1,4,2,4
171953,0,7,1,8
171955,2,6,3,5
171957,1,9,2,9
171959,0,10,1,11
171961,1,3,2,3
171963,1,1,2,1
171965,3,8,4,6
171967,1,1,2,1
171969,1,5,2,5
171971,2,8,3,7
171973,1,1,2,1
171975,0,3,1,4
171977,2,4,3,3
171979,1,1,2,1
171983,18,51,19,34
171985,1,8,2,8
171987,1,2,2,2
171989,0,1,1,2
171991,7,11,8,5
171993,0,1,1,2
171995,1,4,2,4
171997,0,2,1,3
171999,0,3,1,4
172001,4,5,5,2
172003,4,6,5,3
172005,4,6,5,3
172007,1,5,2,5
172009,87,157,88,71
172011,0,13,1,14
172013,6,14,7,9
172015,2,5,3,4
172017,14,23,15,10
172019,7,12,8,6
172021,0,2,1,3
172023,3,9,4,7
172025,1,1,2,1
172029,0,3,1,4
172031,1,1,2,1
172033,2,3,3,2
172035,1,2,2,2
172037,0,4,1,5
172039,0,1,1,2
172041,2,5,3,4
172043,2,16,3,15
172045,1,2,2,2
172047,1,2,2,2
172049,1,2,2,2
172051,3,9,4,7
172053,1,2,2,2
172055,1,1,2,1
172057,1,2,2,2
172059,1,2,2,2
172063,1,12,2,12
172065,4,15,5,12
172067,8,13,9,6
172069,3,7,4,5
172071,1,1,2,1
172073,0,1,1,2
172075,1,2,2,2
172077,10,17,11,8
172079,3,4,4,2
172081,0,4,1,5
172083,0,2,1,3
172085,0,10,1,11
172087,0,3,1,4
172089,0,1,1,2
172091,3,19,4,17
172093,1,10,2,10
172095,1,3,2,3
172097,7,14,8,8
172099,10,17,11,8
172101,1,4,2,4
172103,0,1,1,2
172105,7,27,8,21
172107,8,29,9,22
172109,0,6,1,7
172111,1,3,2,3
172113,0,2,1,3
172117,4,27,5,24
172119,0,5,1,6
172121,1,6,2,6
172123,3,5,4,3
172125,0,7,1,8
172127,3,8,4,6
172129,0,2,1,3
172131,1,15,2,15
172133,2,9,3,8
172135,2,2,3,1
172137,2,2,3,1
172139,6,11,7,6
172141,0,5,1,6
172143,1,3,2,3
172145,1,4,2,4
172147,0,1,1,2
172149,1,1,2,1
172151,1,1,2,1
172153,1,3,2,3
172155,0,7,1,8
172157,1,12,2,12
172159,0,1,1,2
172161,0,2,1,3
172163,6,14,7,9
172165,2,7,3,6
172167,0,4,1,5
172169,2,7,3,6
172171,0,4,1,5
172173,4,10,5,7
172175,1,3,2,3
172177,0,1,1,2
172179,0,1,1,2
172181,0,1,1,2
172183,1,3,2,3
172185,0,3,1,4
172187,0,1,1,2
172189,0,2,1,3
172191,0,3,1,4
172193,1,2,2,2
172195,0,2,1,3
172197,1,1,2,1
172199,1,4,2,4
172201,0,2,1,3
172203,0,1,1,2
172205,0,1,1,2
172207,0,2,1,3
172209,0,1,1,2
172211,2,5,3,4
172213,0,2,1,3
172215,3,14,4,12
172217,5,13,6,9
172219,0,2,1,3
172221,0,2,1,3
172223,5,20,6,16
172225,1,3,2,3
172227,0,1,1,2
172229,1,5,2,5
172231,0,3,1,4
172233,1,3,2,3
172235,0,4,1,5
172237,0,2,1,3
172239,0,3,1,4
172241,0,1,1,2
172243,0,1,1,2
172245,0,1,1,2
172247,2,7,3,6
172249,1,5,2,5
172251,4,14,5,11
172253,2,11,3,10
172255,42,81,43,40
172257,1,3,2,3
172259,1,5,2,5
172261,0,5,1,6
172263,1,2,2,2
172265,0,1,1,2
172267,0,1,1,2
172269,1,3,2,3
172271,0,3,1,4
172273,3,9,4,7
172275,0,2,1,3
172277,1,4,2,4
172279,1,3,2,3
172281,0,1,1,2
172283,1,2,2,2
172285,0,2,1,3
172287,0,1,1,2
172289,3,31,4,29
172291,0,1,1,2
172293,0,3,1,4
172295,1,5,2,5
172297,1,3,2,3
172299,0,3,1,4
172301,0,3,1,4
172303,0,4,1,5
172305,0,1,1,2
172307,1,3,2,3
172309,0,1,1,2
172311,0,2,1,3
172313,0,2,1,3
172315,0,1,1,2
172317,0,1,1,2
172319,0,2,1,3
172321,10,18,11,9
172323,0,1,1,2
172325,2,4,3,3
172327,1,3,2,3
172329,1,7,2,7
172331,2,7,3,6
172333,0,3,1,4
172335,0,6,1,7
172337,0,1,1,2
172339,1,2,2,2
172341,0,1,1,2
172343,14,18,15,5
172345,0,3,1,4
172347,0,1,1,2
172349,0,3,1,4
172351,0,3,1,4
172353,1,2,2,2
172355,0,1,1,2
172357,0,1,1,2
172359,0,1,1,2
172361,0,1,1,2
172363,0,1,1,2
172365,1,6,2,6
172367,0,2,1,3
172369,0,3,1,4
172371,0,1,1,2
172373,0,1,1,2
172375,0,1,1,2
172377,1,1,2,1
172379,1,2,2,2
172381,1,2,2,2
172383,0,1,1,2
172385,1,4,2,4
172387,1,2,2,2
172389,1,3,2,3
172391,6,15,7,10
172393,0,1,1,2
172395,2,3,3,2
172397,1,1,2,1
172399,0,1,1,2
172403,2,9,3,8
172407,6,18,7,13
172409,15,27,16,13
172411,2,4,3,3
172413,0,7,1,8
172415,3,11,4,9
172417,1,3,2,3
172419,1,1,2,1
172421,5,23,6,19
172423,0,4,1,5
172425,2,3,3,2
172427,3,6,4,4
172429,14,29,15,16
172431,2,8,3,7
172433,3,22,4,20
172435,1,7,2,7
172437,4,14,5,11
172439,5,15,6,11
172441,0,8,1,9
172443,0,1,1,2
172445,2,7,3,6
172447,0,6,1,7
172449,6,12,7,7
172451,0,1,1,2
172455,17,60,18,44
172457,0,3,1,4
172459,1,11,2,11
172461,23,58,24,36
172463,1,6,2,6
172465,7,12,8,6
172467,1,7,2,7
172469,3,5,4,3
172471,8,10,9,3
172473,6,14,7,9
172475,0,1,1,2
172477,3,4,4,2
172479,0,2,1,3
172481,1,3,2,3
172483,0,2,1,3
172485,0,5,1,6
172487,0,3,1,4
172489,1,13,2,13
172491,1,2,2,2
172493,0,1,1,2
172495,2,2,3,1
172497,2,10,3,9
172499,0,2,1,3
172501,11,21,12,11
172503,2,13,3,12
172505,5,16,6,12
172507,1,5,2,5
172509,2,3,3,2
172511,21,39,22,19
172513,1,4,2,4
172515,2,11,3,10
172517,4,15,5,12
172519,5,11,6,7
172521,6,20,7,15
172523,2,19,3,18
172525,2,6,3,5
172527,3,15,4,13
172529,5,12,6,8
172531,1,3,2,3
172533,1,3,2,3
172535,19,58,20,40
172537,0,8,1,9
172539,1,7,2,7
172541,4,12,5,9
172543,1,4,2,4
172545,1,4,2,4
172547,196,700,197,505
172549,5,13,6,9
172551,4,9,5,6
172553,0,3,1,4
172555,1,1,2,1
172557,1,1,2,1
172559,2,2,3,1
172561,0,1,1,2
172563,2,2,3,1
172565,1,4,2,4
172567,1,2,2,2
172569,1,4,2,4
172571,3,7,4,5
172573,9,23,10,15
172575,2,11,3,10
172577,123,165,124,43
172579,2,7,3,6
172581,1,5,2,5
172583,23,38,24,16
172585,51,85,52,35
172587,83,114,84,32
172589,62,88,63,27
172593,7,18,8,12
172595,6,12,7,7
172597,6,14,7,9
172599,0,1,1,2
172601,5,12,6,8
172605,0,3,1,4
172607,0,1,1,2
172609,15,22,16,8
172611,9,13,10,5
172613,1,4,2,4
172615,0,2,1,3
172617,0,4,1,5
172619,1,8,2,8
172621,11,27,12,17
172623,17,32,18,16
172625,6,10,7,5
172627,1,1,2,1
172629,2,6,3,5
172631,8,11,9,4
172635,8,15,9,8
172637,28,47,29,20
172639,1,2,2,2
172641,3,16,4,14
172643,1,6,2,6
172645,1,7,2,7
172647,1,4,2,4
172649,1,2,2,2
172651,1,1,2,1
172653,1,7,2,7
172657,0,3,1,4
172659,1,2,2,2
172661,8,17,9,10
172663,4,9,5,6
172665,4,11,5,8
172667,23,46,24,24
172669,1,7,2,7
172671,21,49,22,29
172673,0,1,1,2
172675,2,10,3,9
172677,1,6,2,6
172679,2,16,3,15
172681,1,6,2,6
172683,0,9,1,10
172685,2,6,3,5
172687,1,2,2,2
172689,0,1,1,2
172691,0,1,1,2
172693,0,2,1,3
172695,1,4,2,4
172697,0,3,1,4
172699,22,52,23,31
172701,1,4,2,4
172703,1,4,2,4
172705,6,9,7,4
172707,0,2,1,3
172709,1,10,2,10
172711,0,2,1,3
172713,1,4,2,4
172715,1,11,2,11
172717,3,12,4,10
172719,6,9,7,4
172721,0,1,1,2
172723,6,12,7,7
172725,3,5,4,3
172727,3,7,4,5
172729,0,5,1,6
172731,8,25,9,18
172733,0,1,1,2
172735,0,13,1,14
172737,5,7,6,3
172739,0,1,1,2
172741,3,4,4,2
172743,20,56,21,37
172745,1,21,2,21
172747,9,14,10,6
172749,0,2,1,3
172751,0,8,1,9
172753,1,3,2,3
172755,2,12,3,11
172757,0,2,1,3
172759,0,2,1,3
172761,0,8,1,9
172763,17,35,18,19
172765,0,1,1,2
172767,1,6,2,6
172769,0,1,1,2
172775,0,1,1,2
172777,1,12,2,12
172779,1,2,2,2
172781,0,2,1,3
172783,0,3,1,4
172785,3,19,4,17
172787,1,4,2,4
172789,11,38,12,28
172791,1,9,2,9
172793,38,58,39,21
172795,18,28,19,11
172797,0,1,1,2
172799,15,31,16,17
172801,4,9,5,6
172803,6,18,7,13
172805,2,7,3,6
172807,13,34,14,22
172809,6,24,7,19
172813,30,81,31,52
172815,1,3,2,3
172817,1,2,2,2
172819,16,23,17,8
172821,0,2,1,3
172823,0,1,1,2
172825,27,41,28,15
172827,1,3,2,3
172829,2,6,3,5
172831,0,7,1,8
172833,2,18,3,17
172835,2,7,3,6
172837,0,2,1,3
172839,0,3,1,4
172841,0,4,1,5
172843,0,4,1,5
172845,0,13,1,14
172847,0,3,1,4
172849,6,12,7,7
172851,3,5,4,3
172853,1,2,2,2
172855,0,1,1,2
172857,0,2,1,3
172859,0,4,1,5
172861,0,3,1,4
172863,0,2,1,3
172865,1,20,2,20
172867,1,5,2,5
172869,1,3,2,3
172871,0,7,1,8
172873,1,2,2,2
172877,32,59,33,28
172879,30,57,31,28
172881,28,53,29,26
172883,2,7,3,6
172885,0,11,1,12
172887,32,67,33,36
172889,29,62,30,34
172891,0,1,1,2
172893,7,20,8,14
172895,2,3,3,2
172897,0,16,1,17
172899,1,3,2,3
172901,1,4,2,4
172903,4,9,5,6
172905,8,12,9,5
172907,0,1,1,2
172909,34,57,35,24
172911,0,5,1,6
172913,2,9,3,8
172915,4,21,5,18
172917,0,2,1,3
172919,0,5,1,6
172925,0,1,1,2
172927,1,12,2,12
172929,0,2,1,3
172931,5,7,6,3
172933,1,1,2,1
172935,10,17,11,8
172937,1,2,2,2
172941,3,3,4,1
172943,0,3,1,4
172945,4,7,5,4
172953,1,2,2,2
172955,0,1,1,2
172957,1,1,2,1
172959,1,5,2,5
172961,1,4,2,4
172965,0,2,1,3
172967,2,4,3,3
172969,0,1,1,2
172971,0,1,1,2
172975,0,1,1,2
172977,0,1,1,2
172979,0,1,1,2
172981,1,3,2,3
172983,1,1,2,1
172985,0,2,1,3
172987,0,1,1,2
172989,0,3,1,4
172991,1,1,2,1
172993,0,1,1,2
172995,1,1,2,1
172997,0,3,1,4
172999,0,2,1,3
173001,0,5,1,6
173003,1,3,2,3
173005,0,3,1,4
173007,20,67,21,48
173009,0,2,1,3
173011,0,2,1,3
173013,0,1,1,2
173015,0,1,1,2
173017,1,8,2,8
173019,0,3,1,4
173021,1,4,2,4
173023,0,3,1,4
173025,0,3,1,4
173027,1,5,2,5
173029,1,3,2,3
173031,0,2,1,3
173033,0,2,1,3
173035,0,2,1,3
173037,1,3,2,3
173039,0,2,1,3
173041,1,4,2,4
173043,0,1,1,2
173045,0,1,1,2
173047,0,3,1,4
173049,0,2,1,3
173051,0,4,1,5
173053,0,3,1,4
173055,0,3,1,4
173057,0,2,1,3
173059,1,3,2,3
173061,0,3,1,4
173063,1,3,2,3
173065,0,2,1,3
173067,0,2,1,3
173069,1,5,2,5
173071,0,2,1,3
173073,1,2,2,2
173075,0,3,1,4
173077,0,3,1,4
173079,0,5,1,6
173081,1,6,2,6
173083,0,4,1,5
173085,1,5,2,5
173087,0,3,1,4
173089,0,2,1,3
173091,0,5,1,6
173093,8,22,9,15
173095,1,3,2,3
173097,0,3,1,4
173099,1,6,2,6
173101,1,6,2,6
173103,0,1,1,2
173105,0,5,1,6
173107,0,7,1,8
173109,0,9,1,10
173111,1,5,2,5
173113,1,10,2,10
173115,0,4,1,5
173117,0,1,1,2
173119,0,2,1,3
173121,0,6,1,7
173123,1,9,2,9
173125,0,4,1,5
173127,1,1,2,1
173129,0,6,1,7
173131,1,1,2,1
173133,0,4,1,5
173135,1,1,2,1
173137,3,42,4,40
173139,23,113,24,91
173141,5,9,6,5
173143,9,16,10,8
173145,664,1373,665,710
173147,1,1,2,1
173149,1,4,2,4
173151,1,6,2,6
173153,2,3,3,2
173155,1,8,2,8
173157,2,5,3,4
173159,2,5,3,4
173161,32,96,33,65
173163,0,1,1,2
173165,5,10,6,6
173167,5,11,6,7
173169,3,11,4,9
173171,0,1,1,2
173173,0,8,1,9
173175,4,11,5,8
173177,1,1,2,1
173179,1,1,2,1
173181,0,1,1,2
173183,5,9,6,5
173185,0,3,1,4
173187,1,5,2,5
173189,1,2,2,2
173191,2,2,3,1
173193,0,2,1,3
173195,3,7,4,5
173197,237,437,238,201
173201,2,8,3,7
173203,22,67,23,46
173205,100,242,101,143
173207,6,12,7,7
173209,51,244,52,194
173211,1,5,2,5
173213,1,3,2,3
173215,2,5,3,4
173217,0,2,1,3
173219,0,2,1,3
173221,5,14,6,10
173223,0,9,1,10
173225,0,1,1,2
173227,0,1,1,2
173229,0,3,1,4
173231,0,7,1,8
173233,0,1,1,2
173235,3,10,4,8
173237,0,2,1,3
173239,0,1,1,2
173241,4,11,5,8
173245,1,4,2,4
173247,0,1,1,2
173249,2,6,3,5
173251,1,2,2,2
173253,0,5,1,6
173255,9,29,10,21
173257,2,3,3,2
173259,1,2,2,2
173261,0,1,1,2
173263,0,9,1,10
173265,4,8,5,5
173267,3,11,4,9
173269,2,4,3,3
173271,0,1,1,2
173273,18,70,19,53
173275,1,2,2,2
173277,1,3,2,3
173281,3,14,4,12
173283,5,28,6,24
173285,8,22,9,15
173289,0,1,1,2
173291,366,1175,367,810
173293,7,17,8,11
173295,1,2,2,2
173297,1,3,2,3
173299,5,8,6,4
173301,1,2,2,2
173303,1,5,2,5
173305,0,1,1,2
173307,1,19,2,19
173309,5,6,6,2
173311,1,1,2,1
173313,2,3,3,2
173315,9,13,10,5
173317,3,4,4,2
173319,1,2,2,2
173321,10,17,11,8
173323,2,5,3,4
173325,0,3,1,4
173327,0,1,1,2
173329,1,2,2,2
173331,3,10,4,8
173333,1,1,2,1
173335,3,7,4,5
173337,1,4,2,4
173339,1,3,2,3
173341,0,4,1,5
173343,1,2,2,2
173345,15,26,16,12
173347,0,1,1,2
173349,4,12,5,9
173351,45,64,46,20
173353,1,5,2,5
173355,21,30,22,10
173357,0,3,1,4
173359,5,6,6,2
173363,1,1,2,1
173365,1,3,2,3
173367,3,7,4,5
173369,288,585,289,298
173371,0,1,1,2
173373,0,2,1,3
173377,0,1,1,2
173379,1,1,2,1
173381,1,3,2,3
173383,1,1,2,1
173387,1,1,2,1
173389,1,1,2,1
173393,1,3,2,3
173395,1,3,2,3
173397,0,1,1,2
173399,1,2,2,2
173401,1,2,2,2
173405,1,9,2,9
173407,10,18,11,9
173409,2,2,3,1
173413,1,1,2,1
173415,1,9,2,9
173417,3,16,4,14
173419,0,3,1,4
173421,1,2,2,2
173423,1,4,2,4
173427,0,2,1,3
173429,26,44,27,19
173431,1,2,2,2
173433,2,7,3,6
173435,0,3,1,4
173437,1,3,2,3
173439,0,3,1,4
173441,1,11,2,11
173443,0,2,1,3
173445,1,7,2,7
173447,1,6,2,6
173449,2,7,3,6
173451,1,4,2,4
173453,0,1,1,2
173457,2,3,3,2
173459,1,2,2,2
173461,1,4,2,4
173463,0,2,1,3
173465,0,3,1,4
173467,22,43,23,22
173469,5,17,6,13
173471,0,1,1,2
173473,1,1,2,1
173475,0,2,1,3
173477,2,8,3,7
173479,3,4,4,2
173481,1,8,2,8
173483,0,2,1,3
173485,0,2,1,3
173487,1,1,2,1
173489,0,4,1,5
173491,0,1,1,2
173493,1,1,2,1
173495,4,13,5,10
173497,1,2,2,2
173499,12,44,13,33
173501,3,8,4,6
173503,0,1,1,2
173505,0,1,1,2
173507,0,2,1,3
173511,0,1,1,2
173513,3,8,4,6
173515,1,6,2,6
173517,1,5,2,5
173519,0,6,1,7
173521,0,1,1,2
173523,1,10,2,10
173525,1,3,2,3
173527,1,2,2,2
173529,1,2,2,2
173531,0,1,1,2
173533,3,14,4,12
173535,79,103,80,25
173537,0,2,1,3
173539,2,9,3,8
173541,8,20,9,13
173543,0,1,1,2
173545,1,6,2,6
173547,0,1,1,2
173549,4,12,5,9
173551,0,2,1,3
173553,2,5,3,4
173555,0,3,1,4
173557,0,1,1,2
173559,0,1,1,2
173561,0,3,1,4
173563,0,1,1,2
173565,0,1,1,2
173567,0,2,1,3
173569,0,2,1,3
173571,4,11,5,8
173573,0,1,1,2
173575,0,1,1,2
173577,0,1,1,2
173579,0,1,1,2
173581,1,3,2,3
173583,0,5,1,6
173585,0,1,1,2
173587,0,3,1,4
173589,0,3,1,4
173591,4,7,5,4
173593,0,2,1,3
173595,1,4,2,4
173597,0,2,1,3
173599,2,6,3,5
173601,1,3,2,3
173603,0,2,1,3
173605,1,5,2,5
173607,2,7,3,6
173609,0,3,1,4
173611,0,2,1,3
173613,0,1,1,2
173615,1,4,2,4
173617,0,2,1,3
173619,16,30,17,15
173621,6,13,7,8
173623,6,29,7,24
173625,2,4,3,3
173627,13,31,14,19
173629,2,20,3,19
173631,0,3,1,4
173633,1,4,2,4
173635,2,8,3,7
173637,0,4,1,5
173639,4,10,5,7
173641,1,3,2,3
173643,0,4,1,5
173645,0,4,1,5
173647,0,1,1,2
173649,3,7,4,5
173651,11,13,12,3
173653,0,1,1,2
173655,1,4,2,4
173657,0,5,1,6
173659,0,8,1,9
173661,1,3,2,3
173663,0,2,1,3
173665,4,12,5,9
173667,2,10,3,9
173669,4,10,5,7
173671,2,6,3,5
173673,12,20,13,9
173675,2,4,3,3
173677,3,6,4,4
173679,0,2,1,3
173681,2,4,3,3
173683,0,2,1,3
173685,10,15,11,6
173687,25,42,26,18
173689,0,1,1,2
173691,0,3,1,4
173693,3,6,4,4
173695,0,3,1,4
173697,0,2,1,3
173699,1,3,2,3
173701,0,2,1,3
173703,0,4,1,5
173705,0,2,1,3
173707,5,13,6,9
173709,4,14,5,11
173711,4,8,5,5
173713,1,2,2,2
173715,0,2,1,3
173717,0,6,1,7
173719,8,12,9,5
173721,3,7,4,5
173723,0,1,1,2
173725,1,3,2,3
173727,0,6,1,7
173729,2,13,3,12
173731,5,25,6,21
173733,2,5,3,4
173735,28,41,29,14
173737,0,1,1,2
173739,0,4,1,5
173741,1,2,2,2
173743,0,2,1,3
173745,1,4,2,4
173747,0,3,1,4
173749,5,9,6,5
173751,1,5,2,5
173753,1,5,2,5
173755,0,2,1,3
173757,0,1,1,2
173759,1,3,2,3
173761,0,1,1,2
173763,1,3,2,3
173765,1,3,2,3
173767,2,7,3,6
173769,4,11,5,8
173771,2,8,3,7
173773,7,12,8,6
173775,1,2,2,2
173777,6,10,7,5
173779,1,4,2,4
173781,3,15,4,13
173783,2,7,3,6
173785,0,2,1,3
173787,1,11,2,11
173789,3,12,4,10
173791,2,4,3,3
173793,0,3,1,4
173795,0,2,1,3
173797,2,3,3,2
173799,3,8,4,6
173801,0,1,1,2
173803,2,9,3,8
173805,0,1,1,2
173807,2,8,3,7
173809,0,4,1,5
173811,7,16,8,10
173813,9,17,10,9
173815,17,25,18,9
173817,25,40,26,16
173819,0,3,1,4
173821,0,2,1,3
173823,13,44,14,32
173825,0,1,1,2
173827,5,15,6,11
173829,2,5,3,4
173831,3,14,4,12
173833,0,2,1,3
173835,3,15,4,13
173837,2,17,3,16
173839,4,5,5,2
173841,0,4,1,5
173843,0,2,1,3
173845,7,33,8,27
173847,0,26,1,27
173849,0,1,1,2
173851,0,1,1,2
173853,1,1,2,1
173855,0,2,1,3
173857,3,10,4,8
173859,5,11,6,7
173863,0,1,1,2
173865,1,3,2,3
173867,0,2,1,3
173869,0,1,1,2
173871,1,2,2,2
173873,2,10,3,9
173875,1,7,2,7
173877,2,3,3,2
173879,11,55,12,45
173883,1,5,2,5
173885,0,5,1,6
173887,6,9,7,4
173889,1,3,2,3
173891,16,24,17,9
173893,0,3,1,4
173895,11,19,12,9
173897,3,5,4,3
173899,0,1,1,2
173901,2,8,3,7
173903,2,2,3,1
173905,0,1,1,2
173907,1,3,2,3
173909,0,5,1,6
173911,0,1,1,2
173913,9,24,10,16
173915,0,2,1,3
173917,4,9,5,6
173919,2,2,3,1
173921,0,10,1,11
173923,0,1,1,2
173925,227,607,228,381
173927,0,2,1,3
173929,0,3,1,4
173931,1,3,2,3
173933,2,14,3,13
173935,2,11,3,10
173937,1,4,2,4
173939,73,129,74,57
173941,346,1076,347,731
173945,4,10,5,7
173947,6,13,7,8
173949,3,6,4,4
173951,2,7,3,6
173953,6,11,7,6
173955,21,31,22,11
173957,17,29,18,13
173959,1,1,2,1
173963,7,19,8,13
173965,1,3,2,3
173967,1,1,2,1
173971,0,4,1,5
173973,2,5,3,4
173975,3,8,4,6
173977,2,10,3,9
173979,5,14,6,10
173981,1,9,2,9
173983,0,2,1,3
173987,2,5,3,4
173989,3,8,4,6
173991,2,4,3,3
173993,4,13,5,10
173995,1,3,2,3
173997,0,3,1,4
173999,1,9,2,9
174001,0,2,1,3
174003,4,6,5,3
174005,1,4,2,4
174007,0,1,1,2
174011,0,1,1,2
174013,3,7,4,5
174015,4,8,5,5
174017,21,41,22,21
174019,0,1,1,2
174021,0,3,1,4
174023,0,1,1,2
174025,1,4,2,4
174027,1,10,2,10
174029,0,4,1,5
174031,6,15,7,10
174033,0,1,1,2
174035,18,37,19,20
174039,1,1,2,1
174041,1,3,2,3
174043,0,1,1,2
174045,8,62,9,55
174047,1,2,2,2
174049,1,2,2,2
174051,0,2,1,3
174055,2370,4064,2371,1695
174057,1,14,2,14
174059,0,5,1,6
174061,0,4,1,5
174063,3,7,4,5
174065,0,7,1,8
174067,0,1,1,2
174069,0,6,1,7
174073,0,2,1,3
174079,0,4,1,5
174081,0,3,1,4
174083,0,1,1,2
174085,10,17,11,8
174087,13,27,14,15
174089,1,4,2,4
174091,6,13,7,8
174093,4,8,5,5
174095,7,15,8,9
174097,2,3,3,2
174099,0,1,1,2
174101,1,1,2,1
174103,1,10,2,10
174105,2,7,3,6
174107,2,5,3,4
174111,0,4,1,5
174113,1,2,2,2
174115,0,1,1,2
174117,1,2,2,2
174119,0,2,1,3
174121,1,3,2,3
174123,0,1,1,2
174125,1,2,2,2
174127,1,3,2,3
174129,1,3,2,3
174131,1,1,2,1
174133,2,3,3,2
174135,1,2,2,2
174137,1,1,2,1
174139,1,1,2,1
174141,26,46,27,21
174143,1,2,2,2
174147,2,13,3,12
174149,1,3,2,3
174153,3,6,4,4
174155,1,4,2,4
174157,1,10,2,10
174159,0,8,1,9
174161,1,2,2,2
174163,0,1,1,2
174167,1,2,2,2
174169,1,2,2,2
174171,4,7,5,4
174173,1,6,2,6
174175,0,1,1,2
174177,1,1,2,1
174179,1,8,2,8
174181,42,71,43,30
174183,1,6,2,6
174185,0,9,1,10
174189,0,1,1,2
174191,1,3,2,3
174193,0,1,1,2
174195,0,6,1,7
174197,0,3,1,4
174199,1,4,2,4
174203,0,2,1,3
174205,0,1,1,2
174207,0,2,1,3
174209,0,2,1,3
174211,0,5,1,6
174213,1,3,2,3
174215,1,10,2,10
174219,1,4,2,4
174225,0,2,1,3
174227,0,2,1,3
174229,0,1,1,2
174231,0,1,1,2
174233,1,1,2,1
174235,1,2,2,2
174237,0,1,1,2
174239,0,1,1,2
174241,0,10,1,11
174243,0,5,1,6
174245,0,1,1,2
174247,1,1,2,1
174249,1,3,2,3
174253,0,1,1,2
174255,0,5,1,6
174257,1,5,2,5
174261,1,2,2,2
174263,1,9,2,9
174265,0,8,1,9
174267,0,1,1,2
174269,1,2,2,2
174271,0,1,1,2
174273,0,4,1,5
174277,0,1,1,2
174281,1,2,2,2
174283,1,3,2,3
174285,1,2,2,2
174287,0,2,1,3
174293,0,2,1,3
174297,0,2,1,3
174303,0,1,1,2
174307,0,2,1,3
174309,0,2,1,3
174311,0,1,1,2
174321,0,1,1,2
174327,0,1,1,2
174329,0,3,1,4
174331,0,1,1,2
174349,1,4,2,4
174353,0,2,1,3
174357,0,2,1,3
174359,1,7,2,7
174361,0,1,1,2
174363,1,2,2,2
174365,1,3,2,3
174367,1,1,2,1
174371,11,71,12,61
174373,1,3,2,3
174375,1,3,2,3
174377,1,2,2,2
174381,0,1,1,2
174393,0,2,1,3
174395,39,117,40,79
174399,1,3,2,3
174401,1,1,2,1
174403,7,17,8,11
174405,2,4,3,3
174407,11,41,12,31
174409,2,2,3,1
174411,5,12,6,8
174413,1,4,2,4
174415,1,1,2,1
174417,1,3,2,3
174419,4,6,5,3
174423,21,48,22,28
174425,2,7,3,6
174427,0,11,1,12
174429,1,4,2,4
174431,1,3,2,3
174437,1,4,2,4
174439,2,6,3,5
174441,0,2,1,3
174443,1,7,2,7
174445,1,4,2,4
174447,1,10,2,10
174449,1,7,2,7
174451,1,2,2,2
174453,2,2,3,1
174455,13,20,14,8
174457,0,8,1,9
174459,3,8,4,6
174461,0,1,1,2
174463,1,1,2,1
174465,5,9,6,5
174467,2,2,3,1
174469,0,4,1,5
174471,1,11,2,11
174473,3,8,4,6
174475,0,1,1,2
174477,2,5,3,4
174479,10,28,11,19
174481,6,15,7,10
174483,10,25,11,16
174485,10,19,11,10
174487,52,91,53,40
174489,45,66,46,22
174491,29,45,30,17
174493,4,13,5,10
174495,1,4,2,4
174497,0,3,1,4
174499,3,10,4,8
174501,3,6,4,4
174503,9,51,10,43
174505,1,4,2,4
174507,1,2,2,2
174509,0,1,1,2
174511,6,14,7,9
174515,4,13,5,10
174517,0,3,1,4
174519,2,15,3,14
174521,1,3,2,3
174523,0,2,1,3
174525,0,2,1,3
174527,5,15,6,11
174529,1,5,2,5
174531,2,10,3,9
174533,7,27,8,21
174535,1,14,2,14
174537,0,7,1,8
174539,1,10,2,10
174541,2,16,3,15
174543,3,23,4,21
174545,1,17,2,17
174547,0,3,1,4
174549,5,21,6,17
174551,26,36,27,11
174555,1,3,2,3
174557,2,5,3,4
174559,0,1,1,2
174561,1,4,2,4
174563,2,2,3,1
174565,15,27,16,13
174567,1,4,2,4
174569,3,3,4,1
174571,0,3,1,4
174575,0,3,1,4
174577,1,2,2,2
174579,0,1,1,2
174581,0,3,1,4
174583,1,1,2,1
174585,69,478,70,410
174587,0,3,1,4
174589,0,3,1,4
174591,0,5,1,6
174593,1,7,2,7
174595,0,5,1,6
174597,2,7,3,6
174599,2,12,3,11
174601,0,9,1,10
174603,0,11,1,12
174605,3,9,4,7
174607,2,15,3,14
174609,0,1,1,2
174611,1,9,2,9
174613,1,5,2,5
174615,13,25,14,13
174617,5,18,6,14
174619,4,8,5,5
174621,2,6,3,5
174625,3,3,4,1
174627,1,2,2,2
174629,1,5,2,5
174631,2,8,3,7
174633,1,2,2,2
174635,1,2,2,2
174637,3,3,4,1
174639,0,3,1,4
174641,0,2,1,3
174643,2,2,3,1
174645,15,37,16,23
174647,1,7,2,7
174649,1,2,2,2
174651,0,3,1,4
174653,1,2,2,2
174655,2,5,3,4
174659,0,1,1,2
174661,0,13,1,14
174663,2,9,3,8
174665,3,19,4,17
174667,0,2,1,3
174669,1,8,2,8
174671,0,1,1,2
174673,0,1,1,2
174675,4,5,5,2
174677,1,7,2,7
174679,3,14,4,12
174681,22,38,23,17
174683,0,5,1,6
174685,15,25,16,11
174687,0,5,1,6
174689,0,1,1,2
174691,2,9,3,8
174693,1,8,2,8
174695,4,12,5,9
174697,1,7,2,7
174701,0,9,1,10
174703,32,46,33,15
174705,0,7,1,8
174707,0,1,1,2
174709,2,4,3,3
174711,4,29,5,26
174713,0,3,1,4
174715,0,4,1,5
174717,0,2,1,3
174719,5,18,6,14
174721,1,3,2,3
174723,0,2,1,3
174725,1,1,2,1
174727,331,560,332,230
174735,0,1,1,2
174737,4,10,5,7
174741,0,4,1,5
174743,2,9,3,8
174745,2,6,3,5
174749,0,1,1,2
174751,0,1,1,2
174753,0,2,1,3
174755,0,1,1,2
174757,0,1,1,2
174759,0,1,1,2
174761,0,1,1,2
174763,0,1,1,2
174765,0,2,1,3
174767,0,1,1,2
174769,0,1,1,2
174771,1,1,2,1
174773,0,1,1,2
174775,0,1,1,2
174779,0,1,1,2
174783,0,2,1,3
174785,1,1,2,1
174787,1,1,2,1
174789,1,1,2,1
174791,1,2,2,2
174793,1,11,2,11
174795,2,4,3,3
174797,0,3,1,4
174799,0,1,1,2
174801,0,4,1,5
174803,0,2,1,3
174805,2,6,3,5
174807,1,2,2,2
174811,0,2,1,3
174813,0,3,1,4
174815,43,204,44,162
174817,0,2,1,3
174819,13,30,14,18
174821,1,2,2,2
174823,0,4,1,5
174827,1,6,2,6
174829,19,31,20,13
174831,11,25,12,15
174835,1,7,2,7
174837,0,2,1,3
174839,5,10,6,6
174841,9,12,10,4
174843,0,2,1,3
174845,1,5,2,5
174847,1,3,2,3
174849,3,8,4,6
174851,1,2,2,2
174857,0,10,1,11
174859,27,59,28,33
174861,4,10,5,7
174863,0,4,1,5
174865,0,2,1,3
174867,1,2,2,2
174869,0,1,1,2
174871,0,2,1,3
174873,0,2,1,3
174875,5,10,6,6
174877,0,1,1,2
174879,8,13,9,6
174881,1,4,2,4
174883,1,6,2,6
174885,0,4,1,5
174887,0,18,1,19
174889,5,6,6,2
174891,1,3,2,3
174893,15,64,16,50
174895,1,2,2,2
174897,3,4,4,2
174899,2,3,3,2
174901,13,18,14,6
174903,1,2,2,2
174905,4,9,5,6
174907,0,1,1,2
174909,355,863,356,509
174911,1,4,2,4
174913,0,1,1,2
174915,0,2,1,3
174917,2,6,3,5
174919,1,3,2,3
174921,1,6,2,6
174923,0,3,1,4
174925,0,1,1,2
174927,0,3,1,4
174929,0,8,1,9
174931,0,1,1,2
174933,17,33,18,17
174935,0,3,1,4
174937,0,1,1,2
174939,2,7,3,6
174941,2,8,3,7
174943,0,2,1,3
174945,1,1,2,1
174949,2,3,3,2
174951,1,7,2,7
174953,0,1,1,2
174955,0,1,1,2
174957,18,26,19,9
174959,0,5,1,6
174963,0,6,1,7
174965,0,2,1,3
174969,0,3,1,4
174971,1,1,2,1
174973,0,3,1,4
174975,0,2,1,3
174979,0,1,1,2
174983,0,1,1,2
174991,1,3,2,3
174993,1,3,2,3
174995,0,1,1,2
174997,1,6,2,6
175001,3,5,4,3
175003,1,1,2,1
175005,0,1,1,2
175009,0,1,1,2
175011,0,1,1,2
175013,0,2,1,3
175019,2,2,3,1
175023,0,3,1,4
175027,0,1,1,2
175029,1,1,2,1
175031,0,1,1,2
175033,2,5,3,4
175043,1,3,2,3
175045,1,1,2,1
175047,1,1,2,1
175049,0,1,1,2
175051,1,1,2,1
175053,1,4,2,4
175055,1,1,2,1
175059,0,1,1,2
175061,0,1,1,2
175063,0,5,1,6
175065,1,2,2,2
175069,1,2,2,2
175071,1,2,2,2
175073,1,1,2,1
175077,1,1,2,1
175079,0,1,1,2
175081,1,3,2,3
175083,1,1,2,1
175085,1,1,2,1
175089,0,1,1,2
175093,0,1,1,2
175095,1,1,2,1
175097,2,4,3,3
175099,1,1,2,1
175101,1,1,2,1
175103,1,4,2,4
175109,0,1,1,2
175111,1,2,2,2
175113,0,1,1,2
175115,1,2,2,2
175117,0,2,1,3
175119,0,1,1,2
175123,1,2,2,2
175125,0,1,1,2
175127,0,1,1,2
175133,0,1,1,2
175135,0,1,1,2
175137,0,1,1,2
175139,7,19,8,13
175141,11,25,12,15
175143,22,35,23,14
175145,3,7,4,5
175147,1,2,2,2
175149,10,14,11,5
175151,5,29,6,25
175153,0,1,1,2
175155,3,11,4,9
175157,1,2,2,2
175159,0,3,1,4
175161,1,3,2,3
175163,1,2,2,2
175165,21,59,22,39
175167,3,7,4,5
175169,10,17,11,8
175171,0,1,1,2
175173,1,1,2,1
175175,4,9,5,6
175177,0,4,1,5
175179,3,11,4,9
175181,1,2,2,2
175183,0,1,1,2
175187,4,31,5,28
175189,1,1,2,1
175191,1,16,2,16
175193,2,7,3,6
175195,1,13,2,13
175197,92,610,93,519
175199,101,347,102,247
175203,1,5,2,5
175205,0,1,1,2
175207,0,3,1,4
175209,0,5,1,6
175211,0,3,1,4
175213,1,3,2,3
175217,2,6,3,5
175219,0,4,1,5
175221,1,6,2,6
175223,0,1,1,2
175229,0,3,1,4
175231,11,22,12,12
175233,3,26,4,24
175235,0,2,1,3
175237,1,2,2,2
175239,4,14,5,11
175241,1,6,2,6
175243,10,53,11,44
175245,1,2,2,2
175247,10,15,11,6
175249,0,6,1,7
175251,2,8,3,7
175253,3,22,4,20
175255,1,3,2,3
175257,0,3,1,4
175259,1,4,2,4
175261,0,2,1,3
175263,2,14,3,13
175265,0,1,1,2
175267,1,11,2,11
175269,1,5,2,5
175271,1,2,2,2
175273,1,2,2,2
175275,1,2,2,2
175277,55,92,56,38
175279,1,1,2,1
175281,23,73,24,51
175283,2,7,3,6
175285,0,1,1,2
175287,0,2,1,3
175289,2,8,3,7
175291,14,25,15,12
175293,28,42,29,15
175297,1,1,2,1
175299,3,10,4,8
175301,3,13,4,11
175303,1062,2188,1063,1127
175305,1,2,2,2
175307,0,1,1,2
175309,8,14,9,7
175311,11,21,12,11
175313,1,1,2,1
175315,7,10,8,4
175317,3,3,4,1
175319,0,1,1,2
175321,0,2,1,3
175323,4,19,5,16
175325,2,7,3,6
175327,0,2,1,3
175329,1,1,2,1
175331,0,3,1,4
175333,0,2,1,3
175335,0,3,1,4
175337,2,7,3,6
175339,1,2,2,2
175341,1,4,2,4
175343,0,1,1,2
175345,1,6,2,6
175347,0,6,1,7
175349,1,2,2,2
175351,1,12,2,12
175353,1,2,2,2
175355,3,11,4,9
175357,3,5,4,3
175359,2,11,3,10
175361,0,5,1,6
175363,1,3,2,3
175365,0,2,1,3
175367,2,3,3,2
175369,0,1,1,2
175371,3,5,4,3
175373,6,7,7,2
175375,2,4,3,3
175377,1,1,2,1
175379,3,7,4,5
175381,2,2,3,1
175383,5,9,6,5
175385,1,2,2,2
175387,38,55,39,18
175389,1,3,2,3
175391,3,4,4,2
175393,4,14,5,11
175395,1,2,2,2
175397,40,53,41,14
175399,2,5,3,4
175401,19,28,20,10
175403,1,2,2,2
175405,1,3,2,3
175407,8,17,9,10
175409,4,7,5,4
175411,0,8,1,9
175413,0,3,1,4
175415,0,2,1,3
175417,1,4,2,4
175419,0,1,1,2
175421,0,2,1,3
175423,1,3,2,3
175425,0,1,1,2
175427,2,4,3,3
175429,6,15,7,10
175431,24,37,25,14
175433,3,7,4,5
175435,14,21,15,8
175437,0,2,1,3
175439,0,2,1,3
175441,8,17,9,10
175443,0,2,1,3
175445,0,1,1,2
175447,3,5,4,3
175449,4,10,5,7
175451,1,2,2,2
175453,3,5,4,3
175455,6,11,7,6
175457,0,4,1,5
175459,0,4,1,5
175461,0,2,1,3
175463,1,4,2,4
175465,2,4,3,3
175467,0,2,1,3
175469,5,22,6,18
175471,0,5,1,6
175473,6,10,7,5
175475,18,138,19,121
175477,8,17,9,10
175479,5,7,6,3
175481,1,2,2,2
175483,3,3,4,1
175485,34,401,35,368
175487,2,14,3,13
175489,1,3,2,3
175491,0,1,1,2
175493,2,6,3,5
175497,5,7,6,3
175499,0,1,1,2
175503,2,4,3,3
175505,1,29,2,29
175507,2,4,3,3
175509,0,2,1,3
175511,1,3,2,3
175513,0,3,1,4
175515,4,14,5,11
175517,1,4,2,4
175519,2,8,3,7
175523,0,2,1,3
175525,0,1,1,2
175527,0,4,1,5
175529,1,3,2,3
175531,11,31,12,21
175533,0,1,1,2
175539,0,1,1,2
175543,0,4,1,5
175545,0,1,1,2
175547,0,1,1,2
175549,0,1,1,2
175551,0,1,1,2
175553,0,2,1,3
175555,0,1,1,2
175557,0,4,1,5
175559,0,3,1,4
175561,0,1,1,2
175563,0,1,1,2
175569,991,1604,992,614
175571,1,4,2,4
175573,2,4,3,3
175575,0,4,1,5
175577,2,8,3,7
175579,12,40,13,29
175581,8,12,9,5
175583,2,8,3,7
175585,204,395,205,192
175587,0,3,1,4
175589,0,1,1,2
175591,0,3,1,4
175593,12,20,13,9
175595,3,6,4,4
175597,0,1,1,2
175599,0,1,1,2
175601,1,5,2,5
175603,7,34,8,28
175605,2,8,3,7
175609,0,2,1,3
175611,2,7,3,6
175613,0,2,1,3
175615,2,6,3,5
175617,1,5,2,5
175619,1,4,2,4
175621,3,9,4,7
175623,0,2,1,3
175625,1,2,2,2
175627,2,4,3,3
175629,0,1,1,2
175631,1,3,2,3
175633,0,2,1,3
175635,2,2,3,1
175637,0,1,1,2
175639,12,16,13,5
175641,1,5,2,5
175643,13,30,14,18
175647,1,2,2,2
175649,4,63,5,60
175651,0,2,1,3
175653,0,1,1,2
175655,39,155,40,117
175657,8,29,9,22
175659,84,166,85,83
175661,498,1127,499,630
175663,1,3,2,3
175665,17,37,18,21
175667,75,129,76,55
175669,9,46,10,38
175671,8,20,9,13
175673,3,42,4,40
175675,1,3,2,3
175677,0,1,1,2
175679,1,1,2,1
175681,0,1,1,2
175685,1,3,2,3
175687,1,5,2,5
175689,0,5,1,6
175693,24,44,25,21
175695,8,9,9,2
175697,0,3,1,4
175699,1,5,2,5
175701,4,5,5,2
175705,1,6,2,6
175707,0,2,1,3
175709,2,2,3,1
175711,1,2,2,2
175713,1,2,2,2
175715,1,4,2,4
175717,1,2,2,2
175719,1,2,2,2
175721,0,4,1,5
175723,1,7,2,7
175725,0,1,1,2
175727,1,1,2,1
175729,1,2,2,2
175731,2,3,3,2
175733,1,2,2,2
175735,1,1,2,1
175737,1,5,2,5
175739,1,4,2,4
175741,2,9,3,8
175743,2,7,3,6
175745,0,3,1,4
175747,2,7,3,6
175749,1,3,2,3
175751,1,3,2,3
175753,0,9,1,10
175755,7,37,8,31
175757,1,3,2,3
175759,1,3,2,3
175761,1,3,2,3
175763,1,5,2,5
175765,9,20,10,12
175767,2,4,3,3
175769,1,4,2,4
175771,1,1,2,1
175773,4,7,5,4
175775,7,10,8,4
175777,4,6,5,3
175779,6,15,7,10
175781,1,2,2,2
175783,2,29,3,28
175785,0,2,1,3
175787,3,13,4,11
175789,1,3,2,3
175791,32,43,33,12
175793,0,1,1,2
175795,21,58,22,38
175797,8,18,9,11
175799,0,2,1,3
175801,1,3,2,3
175803,2,7,3,6
175805,1,4,2,4
175807,1,2,2,2
175809,43,117,44,75
175811,0,3,1,4
175813,93,147,94,55
175815,0,3,1,4
175817,0,2,1,3
175819,1,4,2,4
175821,0,1,1,2
175823,1,5,2,5
175827,1,1,2,1
175829,6,7,7,2
175831,18,37,19,20
175833,0,2,1,3
175835,1,2,2,2
175837,0,2,1,3
175839,0,1,1,2
175841,3,6,4,4
175843,0,2,1,3
175845,1,1,2,1
175847,0,2,1,3
175849,1,2,2,2
175851,1,2,2,2
175853,3,7,4,5
175855,1,1,2,1
175857,1,4,2,4
175859,1,2,2,2
175861,4,6,5,3
175863,1,3,2,3
175865,1,3,2,3
175867,1,4,2,4
175869,4,8,5,5
175871,2,6,3,5
175873,0,1,1,2
175875,0,3,1,4
175877,8,11,9,4
175879,4,7,5,4
175881,0,2,1,3
175883,0,2,1,3
175885,0,2,1,3
175887,0,4,1,5
175889,0,4,1,5
175891,3,6,4,4
175893,0,3,1,4
175895,0,2,1,3
175897,0,3,1,4
175899,1,5,2,5
175901,2,6,3,5
175903,0,3,1,4
175905,5,8,6,4
175907,1,1,2,1
175909,0,3,1,4
175911,0,2,1,3
175913,1,3,2,3
175915,1,1,2,1
175917,1,2,2,2
175919,0,3,1,4
175921,1,1,2,1
175923,0,2,1,3
175925,1,2,2,2
175927,0,2,1,3
175929,1,2,2,2
175931,1,3,2,3
175933,0,2,1,3
175935,1,2,2,2
175937,1,6,2,6
175939,0,2,1,3
175941,0,3,1,4
175943,0,1,1,2
175945,2,4,3,3
175947,3,7,4,5
175951,0,3,1,4
175953,0,1,1,2
175955,0,2,1,3
175957,0,2,1,3
175959,1,2,2,2
175961,1,2,2,2
175963,1,2,2,2
175965,3,3,4,1
175967,2,7,3,6
175969,0,1,1,2
175971,2,6,3,5
175973,2,4,3,3
175975,1,1,2,1
175977,3,8,4,6
175979,1,6,2,6
175981,84,101,85,18
175983,0,2,1,3
175987,3,10,4,8
175989,0,5,1,6
175991,0,4,1,5
175993,0,1,1,2
175995,1,12,2,12
175997,2,5,3,4
175999,0,2,1,3
176001,0,2,1,3
176003,0,4,1,5
176005,0,8,1,9
176007,0,3,1,4
176009,1,4,2,4
176011,0,1,1,2
176013,1,8,2,8
176015,0,9,1,10
176017,0,4,1,5
176019,1,6,2,6
176021,0,2,1,3
176023,1,2,2,2
176025,4,7,5,4
176027,0,1,1,2
176029,0,1,1,2
176031,0,2,1,3
176033,0,1,1,2
176035,2,3,3,2
176037,0,1,1,2
176039,0,2,1,3
176041,0,1,1,2
176043,0,1,1,2
176045,0,1,1,2
176047,1,3,2,3
176049,1,4,2,4
176051,0,6,1,7
176053,1,7,2,7
176055,0,1,1,2
176057,7,25,8,19
176059,2,2,3,1
176061,1,4,2,4
176063,1,4,2,4
176065,0,1,1,2
176067,0,1,1,2
176069,1,2,2,2
176071,1,2,2,2
176073,8,32,9,25
176075,12,24,13,13
176077,0,2,1,3
176079,0,1,1,2
176081,0,1,1,2
176083,0,6,1,7
176085,1,14,2,14
176087,1,3,2,3
176089,0,3,1,4
176091,1,4,2,4
176093,1,3,2,3
176095,2,5,3,4
176099,0,3,1,4
176101,681,1805,682,1125
176103,21,103,22,83
176105,28,164,29,137
176107,0,1,1,2
176109,1,1,2,1
176113,5,5,6,1
176115,2,2,3,1
176117,0,2,1,3
176119,0,1,1,2
176121,2,6,3,5
176123,2,3,3,2
176125,6,7,7,2
176127,3,7,4,5
176129,5,14,6,10
176131,2,5,3,4
176133,0,3,1,4
176135,0,6,1,7
176137,1,3,2,3
176139,0,2,1,3
176141,3,7,4,5
176143,0,10,1,11
176145,0,3,1,4
176147,0,1,1,2
176149,4,7,5,4
176151,0,2,1,3
176153,2,3,3,2
176155,1,2,2,2
176157,4,9,5,6
176159,1,2,2,2
176161,1,2,2,2
176163,0,1,1,2
176165,1,5,2,5
176167,1,6,2,6
176169,0,11,1,12
176171,3,3,4,1
176173,7,35,8,29
176175,3,7,4,5
176177,0,2,1,3
176179,2,3,3,2
176181,2,4,3,3
176183,4,6,5,3
176185,4,9,5,6
176187,0,1,1,2
176189,1,8,2,8
176191,0,1,1,2
176193,0,4,1,5
176195,0,1,1,2
176197,1,2,2,2
176199,0,1,1,2
176201,1,2,2,2
176203,0,1,1,2
176205,0,5,1,6
176207,1,6,2,6
176209,0,1,1,2
176211,66,113,67,48
176213,1,7,2,7
176215,0,2,1,3
176217,4,6,5,3
176219,17,58,18,42
176221,1,5,2,5
176223,6,15,7,10
176225,2,6,3,5
176227,1,5,2,5
176229,5,7,6,3
176231,2,5,3,4
176233,0,1,1,2
176235,2,6,3,5
176237,1,8,2,8
176239,2,9,3,8
176241,0,1,1,2
176243,0,1,1,2
176245,1,1,2,1
176247,1,11,2,11
176249,2,5,3,4
176251,1,2,2,2
176253,1,3,2,3
176255,0,3,1,4
176257,0,2,1,3
176259,0,3,1,4
176261,2,3,3,2
176263,0,1,1,2
176265,2,15,3,14
176267,1,5,2,5
176269,1,4,2,4
176271,2,4,3,3
176273,1,4,2,4
176275,0,2,1,3
176279,0,1,1,2
176281,0,1,1,2
176283,0,3,1,4
176289,1,4,2,4
176291,1,2,2,2
176293,0,5,1,6
176295,2,9,3,8
176297,0,3,1,4
176299,0,4,1,5
176301,0,3,1,4
176303,1,2,2,2
176305,0,1,1,2
176307,0,1,1,2
176309,0,3,1,4
176311,2,5,3,4
176313,1,3,2,3
176317,2,6,3,5
176319,1,5,2,5
176321,0,3,1,4
176323,0,1,1,2
176325,3,4,4,2
176327,2,8,3,7
176329,2,6,3,5
176331,0,10,1,11
176333,0,1,1,2
176335,2,3,3,2
176337,4,8,5,5
176339,3,15,4,13
176341,4,10,5,7
176343,4,7,5,4
176345,3,7,4,5
176347,1,8,2,8
176349,21,45,22,25
176351,2,35,3,34
176353,0,1,1,2
176355,47,197,48,151
176357,0,2,1,3
176359,1,2,2,2
176361,1,3,2,3
176363,2,6,3,5
176365,17,34,18,18
176367,1,2,2,2
176369,1,1,2,1
176371,3381,5119,3382,1739
176373,3,11,4,9
176375,0,5,1,6
176379,0,2,1,3
176381,1,3,2,3
176383,0,2,1,3
176385,0,1,1,2
176387,0,1,1,2
176389,5,25,6,21
176391,1,27,2,27
176393,0,2,1,3
176395,4,9,5,6
176397,5,12,6,8
176399,0,3,1,4
176401,0,2,1,3
176403,9,16,10,8
176405,6,8,7,3
176407,0,4,1,5
176409,1,3,2,3
176411,0,1,1,2
176413,1,2,2,2
176415,0,2,1,3
176417,0,1,1,2
176419,594,1170,595,577
176421,0,4,1,5
176423,235,356,236,122
176425,1,2,2,2
176427,0,2,1,3
176429,1,4,2,4
176431,0,2,1,3
176435,0,1,1,2
176437,4,12,5,9
176439,0,1,1,2
176441,1,1,2,1
176443,0,1,1,2
176445,1,1,2,1
176447,1,1,2,1
176449,2,4,3,3
176451,1,2,2,2
176453,1,1,2,1
176455,1,1,2,1
176457,2,7,3,6
176459,3,7,4,5
176463,0,3,1,4
176465,1,1,2,1
176467,0,1,1,2
176469,1,1,2,1
176471,2,3,3,2
176473,0,3,1,4
176477,1,3,2,3
176479,0,2,1,3
176481,1,1,2,1
176483,0,2,1,3
176485,0,1,1,2
176487,20,61,21,42
176489,0,1,1,2
176491,1,2,2,2
176493,1,6,2,6
176495,0,2,1,3
176497,0,4,1,5
176499,4,8,5,5
176501,1,4,2,4
176503,0,4,1,5
176505,3,10,4,8
176507,2,5,3,4
176509,0,4,1,5
176511,0,2,1,3
176513,4,4,5,1
176515,6,10,7,5
176517,3,5,4,3
176519,2,11,3,10
176521,6,52,7,47
176523,50,101,51,52
176525,0,2,1,3
176527,0,1,1,2
176529,0,3,1,4
176531,1,6,2,6
176533,6,13,7,8
176535,0,2,1,3
176537,0,2,1,3
176539,0,2,1,3
176541,0,5,1,6
176543,0,3,1,4
176545,0,3,1,4
176547,0,1,1,2
176549,0,1,1,2
176551,14,73,15,60
176553,1,4,2,4
176555,0,2,1,3
176557,0,3,1,4
176559,0,1,1,2
176561,1,4,2,4
176563,1,4,2,4
176565,3,3,4,1
176567,126,300,127,175
176569,5,8,6,4
176571,8,18,9,11
176575,0,1,1,2
176577,1,2,2,2
176579,0,8,1,9
176583,0,2,1,3
176585,2,8,3,7
176587,1,2,2,2
176589,3,5,4,3
176591,1,2,2,2
176593,1,1,2,1
176595,1,5,2,5
176597,1,3,2,3
176599,15,66,16,52
176601,382,456,383,75
176603,25,184,26,160
176605,7,21,8,15
176607,0,1,1,2
176609,4,16,5,13
176611,1,2,2,2
176613,0,1,1,2
176615,5,13,6,9
176617,7,14,8,8
176619,7,15,8,9
176621,8,16,9,9
176623,1,5,2,5
176625,8,29,9,22
176627,2,3,3,2
176629,0,2,1,3
176631,0,3,1,4
176633,1,4,2,4
176635,3,3,4,1
176637,1,1,2,1
176639,0,1,1,2
176641,0,4,1,5
176643,0,2,1,3
176645,0,2,1,3
176647,1,2,2,2
176649,0,2,1,3
176651,0,3,1,4
176653,9,25,10,17
176655,0,1,1,2
176657,1,3,2,3
176659,0,1,1,2
176661,0,2,1,3
176663,1,5,2,5
176665,0,1,1,2
176669,0,2,1,3
176675,0,2,1,3
176677,1,4,2,4
176679,0,1,1,2
176681,11,59,12,49
176683,0,2,1,3
176685,2,7,3,6
176691,0,2,1,3
176693,1,2,2,2
176697,2,8,3,7
176699,12,24,13,13
176701,8,18,9,11
176703,1,2,2,2
176705,1,1,2,1
176707,0,1,1,2
176709,1,1,2,1
176711,1,2,2,2
176713,0,1,1,2
176715,1,3,2,3
176717,0,1,1,2
176721,1,2,2,2
176723,0,2,1,3
176725,1,2,2,2
176727,0,2,1,3
176729,1,4,2,4
176731,1,4,2,4
176733,0,2,1,3
176735,0,2,1,3
176737,0,1,1,2
176739,0,1,1,2
176741,0,1,1,2
176743,0,2,1,3
176745,0,1,1,2
176747,0,1,1,2
176749,0,1,1,2
176751,435,904,436,470
176753,19,29,20,11
176755,1,2,2,2
176757,2,6,3,5
176759,1,8,2,8
176761,1,11,2,11
176763,5,12,6,8
176765,1,2,2,2
176767,1,6,2,6
176769,0,1,1,2
176773,0,6,1,7
176775,0,4,1,5
176777,0,4,1,5
176779,2,12,3,11
176781,1,5,2,5
176783,3,6,4,4
176785,0,1,1,2
176787,2,5,3,4
176789,2,2,3,1
176791,0,1,1,2
176795,3,5,4,3
176797,0,6,1,7
176799,0,3,1,4
176801,163,329,164,167
176803,1,4,2,4
176805,4,12,5,9
176807,3,5,4,3
176809,1,9,2,9
176811,0,2,1,3
176813,6,12,7,7
176815,0,3,1,4
176819,2,5,3,4
176823,1,2,2,2
176825,2,4,3,3
176827,1,3,2,3
176829,18,63,19,46
176841,0,1,1,2
176843,0,2,1,3
176845,3,6,4,4
176847,2,5,3,4
176849,2,19,3,18
176851,1,1,2,1
176855,0,2,1,3
176857,1,3,2,3
176859,6,10,7,5
176861,2,6,3,5
176863,0,1,1,2
176865,0,1,1,2
176867,0,2,1,3
176875,1,9,2,9
176879,0,1,1,2
176881,3,6,4,4
176883,6,10,7,5
176887,25,45,26,21
176889,0,6,1,7
176891,1,5,2,5
176893,1,2,2,2
176897,1,2,2,2
176899,7,9,8,3
176901,0,3,1,4
176903,3,6,4,4
176905,1,2,2,2
176907,1,4,2,4
176909,0,3,1,4
176911,0,1,1,2
176915,0,1,1,2
176917,3,12,4,10
176919,19,53,20,35
176921,24,79,25,56
176923,3,30,4,28
176925,0,2,1,3
176927,4,17,5,14
176929,225,592,226,368
176931,9,17,10,9
176933,175,477,176,303
176935,63,347,64,285
176937,58,256,59,199
176939,7,16,8,10
176941,1,9,2,9
176943,15,45,16,31
176945,3,9,4,7
176947,0,2,1,3
176949,4,11,5,8
176951,0,1,1,2
176953,0,2,1,3
176959,1,1,2,1
176961,0,2,1,3
176963,0,1,1,2
176965,1,2,2,2
176967,2,3,3,2
176969,0,2,1,3
176971,0,1,1,2
176973,0,3,1,4
176975,0,1,1,2
176977,2,7,3,6
176979,1,3,2,3
176981,0,4,1,5
176983,4,12,5,9
176987,4,14,5,11
176989,3,5,4,3
176991,2,2,3,1
176993,1,1,2,1
176995,0,1,1,2
176997,3,12,4,10
176999,3,11,4,9
177001,2,3,3,2
177003,9,27,10,19
177005,2,3,3,2
177007,3,6,4,4
177009,1,2,2,2
177011,4,6,5,3
177013,5,8,6,4
177017,0,2,1,3
177019,0,2,1,3
177023,3,5,4,3
177025,2,4,3,3
177027,1,1,2,1
177029,2,9,3,8
177031,3,4,4,2
177033,0,3,1,4
177035,3,7,4,5
177037,0,7,1,8
177039,1,3,2,3
177041,1,4,2,4
177043,0,3,1,4
177045,5,10,6,6
177047,1,7,2,7
177049,1,2,2,2
177053,0,4,1,5
177055,0,2,1,3
177057,1,6,2,6
177059,0,1,1,2
177061,1,3,2,3
177063,2,6,3,5
177065,0,1,1,2
177067,4,16,5,13
177069,8,15,9,8
177071,5,8,6,4
177073,1,8,2,8
177075,0,2,1,3
177077,0,2,1,3
177079,0,1,1,2
177081,0,1,1,2
177083,0,2,1,3
177085,0,2,1,3
177089,1,4,2,4
177091,1,5,2,5
177093,0,7,1,8
177095,10,18,11,9
177097,0,1,1,2
177099,1,3,2,3
177101,9,70,10,62
177103,1,2,2,2
177105,2,6,3,5
177107,4,7,5,4
177109,0,1,1,2
177111,0,5,1,6
177113,5,14,6,10
177115,1,7,2,7
177117,0,2,1,3
177119,9,38,10,30
177121,0,1,1,2
177123,20,60,21,41
177125,1,2,2,2
177127,0,1,1,2
177129,0,2,1,3
177131,0,1,1,2
177133,1,2,2,2
177135,0,3,1,4
177137,2,2,3,1
177139,0,1,1,2
177141,0,3,1,4
177143,1,2,2,2
177145,1,3,2,3
177147,2,3,3,2
177149,0,1,1,2
177153,0,2,1,3
177155,1,4,2,4
177157,0,2,1,3
177159,0,2,1,3
177161,3,5,4,3
177163,1,5,2,5
177167,2,2,3,1
177169,0,2,1,3
177171,0,2,1,3
177173,0,2,1,3
177175,0,1,1,2
177177,0,2,1,3
177179,0,1,1,2
177181,2,3,3,2
177183,1,1,2,1
177185,4,8,5,5
177187,3,8,4,6
177189,2,4,3,3
177191,0,1,1,2
177193,5,16,6,12
177195,1,7,2,7
177197,1,3,2,3
177199,2,3,3,2
177203,1,7,2,7
177205,1,4,2,4
177207,0,4,1,5
177209,1,2,2,2
177211,1,4,2,4
177213,3,11,4,9
177215,1,3,2,3
177217,1,2,2,2
177219,0,1,1,2
177223,0,1,1,2
177225,30,118,31,89
177227,2,10,3,9
177229,5,13,6,9
177231,27,92,28,66
177233,10,32,11,23
177235,0,7,1,8
177237,125,408,126,284
177239,39,128,40,90
177241,8,32,9,25
177243,25,78,26,54
177245,5,18,6,14
177247,1,1,2,1
177249,8,11,9,4
177251,5,7,6,3
177255,1,4,2,4
177257,1,5,2,5
177259,0,1,1,2
177261,1,12,2,12
177263,0,6,1,7
177265,0,1,1,2
177267,1,3,2,3
177269,0,4,1,5
177271,1,2,2,2
177273,3,5,4,3
177275,0,3,1,4
177277,1,2,2,2
177279,0,2,1,3
177281,0,1,1,2
177283,1,4,2,4
177285,5,12,6,8
177287,22,109,23,88
177289,0,3,1,4
177295,0,3,1,4
177297,1,23,2,23
177299,0,2,1,3
177301,1,4,2,4
177303,1,1,2,1
177305,1,10,2,10
177307,0,2,1,3
177309,1,3,2,3
177313,1,3,2,3
177315,1,2,2,2
177317,0,1,1,2
177319,1,1,2,1
177323,1,2,2,2
177325,1,2,2,2
177327,0,5,1,6
177329,0,1,1,2
177331,2,6,3,5
177335,0,1,1,2
177337,2,12,3,11
177339,3,12,4,10
177341,1,6,2,6
177343,0,3,1,4
177345,0,2,1,3
177347,0,1,1,2
177349,0,1,1,2
177351,0,1,1,2
177353,0,2,1,3
177355,0,1,1,2
177357,1,2,2,2
177359,1,2,2,2
177361,0,1,1,2
177365,3,5,4,3
177367,2,4,3,3
177369,5,7,6,3
177371,3,8,4,6
177373,0,3,1,4
177379,6,30,7,25
177381,1,8,2,8
177383,0,1,1,2
177385,2,5,3,4
177397,2,3,3,2
177399,0,1,1,2
177401,1,2,2,2
177403,0,1,1,2
177405,1,2,2,2
177407,0,2,1,3
177411,2,3,3,2
177413,3,9,4,7
177415,2,5,3,4
177417,0,1,1,2
177419,0,1,1,2
177421,0,2,1,3
177423,0,1,1,2
177425,0,1,1,2
177427,1,2,2,2
177429,1,2,2,2
177431,1,13,2,13
177433,0,1,1,2
177435,1,1,2,1
177437,0,1,1,2
177439,2,7,3,6
177441,1,1,2,1
177443,0,3,1,4
177445,0,2,1,3
177447,0,4,1,5
177449,0,2,1,3
177451,1,5,2,5
177453,1,8,2,8
177455,1,3,2,3
177457,0,1,1,2
177459,1,1,2,1
177461,0,1,1,2
177465,2,4,3,3
177467,0,1,1,2
177469,1,6,2,6
177471,2,9,3,8
177473,0,2,1,3
177475,1,2,2,2
177477,0,1,1,2
177479,0,1,1,2
177481,1,2,2,2
177483,5,19,6,15
177485,1,1,2,1
177487,2,4,3,3
177489,0,2,1,3
177491,3,7,4,5
177495,19,33,20,15
177497,124,277,125,154
177499,0,2,1,3
177501,6,12,7,7
177503,4,7,5,4
177505,1,1,2,1
177507,0,2,1,3
177511,1,2,2,2
177513,0,1,1,2
177515,2,5,3,4
177517,1,1,2,1
177521,1,1,2,1
177523,1,3,2,3
177527,2,3,3,2
177529,3,7,4,5
177531,0,8,1,9
177533,2,3,3,2
177535,0,2,1,3
177539,0,1,1,2
177541,1,1,2,1
177543,0,1,1,2
177545,7,18,8,12
177547,1,3,2,3
177549,3,6,4,4
177551,1,1,2,1
177553,1,3,2,3
177555,7,9,8,3
177557,0,1,1,2
177559,0,1,1,2
177561,1,4,2,4
177563,0,1,1,2
177565,9,18,10,10
177567,2,12,3,11
177569,1,6,2,6
177571,3,3,4,1
177573,0,5,1,6
177575,0,3,1,4
177577,0,3,1,4
177579,1,6,2,6
177581,3,4,4,2
177583,1,3,2,3
177585,1,4,2,4
177587,7,12,8,6
177589,1,1,2,1
177591,0,3,1,4
177593,2628,3710,2629,1083
177595,2,5,3,4
177597,0,3,1,4
177599,0,3,1,4
177601,12,24,13,13
177605,2,5,3,4
177607,44,222,45,179
177609,1,1,2,1
177611,2,35,3,34
177613,0,2,1,3
177615,1260,2163,1261,904
177617,3,3,4,1
177619,1,4,2,4
177621,0,6,1,7
177627,0,1,1,2
177629,5,8,6,4
177631,0,2,1,3
177637,0,4,1,5
177639,1,6,2,6
177641,0,1,1,2
177643,0,4,1,5
177645,1,5,2,5
177647,2,4,3,3
177649,0,5,1,6
177651,493,787,494,295
177653,1,6,2,6
177655,1,2,2,2
177657,1,3,2,3
177659,2,4,3,3
177661,1,1,2,1
177663,1,1,2,1
177665,0,2,1,3
177667,0,2,1,3
177669,3,4,4,2
177671,0,1,1,2
177673,1,2,2,2
177677,0,1,1,2
177679,0,3,1,4
177681,0,1,1,2
177683,1,2,2,2
177685,1,3,2,3
177689,444,833,445,390
177691,0,1,1,2
177693,5,9,6,5
177695,1,3,2,3
177697,1,2,2,2
177699,0,5,1,6
177701,0,2,1,3
177703,1,5,2,5
177705,0,2,1,3
177707,1,2,2,2
177709,1,5,2,5
177711,1,2,2,2
177713,0,5,1,6
177715,1,2,2,2
177717,3,4,4,2
177719,1,2,2,2
177721,0,6,1,7
177723,1,2,2,2
177725,5,19,6,15
177727,0,1,1,2
177729,1,3,2,3
177731,2,3,3,2
177735,0,1,1,2
177737,21,34,22,14
177739,0,2,1,3
177741,1,1,2,1
177743,0,1,1,2
177745,0,2,1,3
177747,2,8,3,7
177749,0,1,1,2
177751,0,2,1,3
177753,2,7,3,6
177755,0,3,1,4
177757,4,8,5,5
177759,0,3,1,4
177761,0,11,1,12
177763,350,1100,351,751
177765,2739,3819,2740,1081
177767,1,2,2,2
177769,2,18,3,17
177771,27,158,28,132
177775,0,5,1,6
177777,0,3,1,4
177779,0,3,1,4
177781,1,2,2,2
177783,0,2,1,3
177785,1,2,2,2
177787,22,79,23,58
177791,1,5,2,5
177793,1,7,2,7
177795,1,1,2,1
177797,3,8,4,6
177799,3,6,4,4
177801,0,2,1,3
177803,2,4,3,3
177807,14,24,15,11
177809,0,3,1,4
177811,0,1,1,2
177813,0,2,1,3
177815,1,2,2,2
177819,2,7,3,6
177821,3,6,4,4
177823,1,6,2,6
177825,2,3,3,2
177827,1,5,2,5
177829,0,1,1,2
177831,3,5,4,3
177833,0,3,1,4
177835,0,2,1,3
177837,0,4,1,5
177839,1,3,2,3
177841,0,3,1,4
177843,0,2,1,3
177845,2,2,3,1
177847,0,1,1,2
177849,2,8,3,7
177851,2,9,3,8
177853,2,3,3,2
177855,0,1,1,2
177857,2,2,3,1
177859,0,2,1,3
177861,0,1,1,2
177863,1,2,2,2
177865,6,18,7,13
177867,28,75,29,48
177869,0,1,1,2
177871,56,124,57,69
177873,1,4,2,4
177875,0,1,1,2
177877,2,6,3,5
177879,4,7,5,4
177881,7,12,8,6
177883,16,73,17,58
177887,1,5,2,5
177889,1,2,2,2
177891,0,1,1,2
177893,0,3,1,4
177895,1,4,2,4
177897,0,4,1,5
177899,0,1,1,2
177901,0,2,1,3
177903,2,2,3,1
177905,2,5,3,4
177907,1,5,2,5
177909,0,1,1,2
177911,0,1,1,2
177913,7,16,8,10
177915,0,2,1,3
177917,0,3,1,4
177919,0,2,1,3
177921,1,2,2,2
177923,1,8,2,8
177925,1,2,2,2
177927,2,2,3,1
177929,2,6,3,5
177931,0,2,1,3
177933,3,6,4,4
177935,0,2,1,3
177937,0,2,1,3
177939,29,53,30,25
177941,4,7,5,4
177943,1,2,2,2
177945,5,9,6,5
177947,0,2,1,3
177949,1,3,2,3
177951,25,35,26,11
177953,0,3,1,4
177955,0,2,1,3
177957,1,2,2,2
177959,1,2,2,2
177961,1,2,2,2
177963,0,2,1,3
177965,0,2,1,3
177967,1,4,2,4
177969,1,3,2,3
177971,0,1,1,2
177973,0,1,1,2
177975,0,1,1,2
177977,0,2,1,3
177979,0,1,1,2
177981,0,2,1,3
177983,0,1,1,2
177985,0,4,1,5
177987,1,6,2,6
177989,1,3,2,3
177991,0,4,1,5
177993,1,27,2,27
177999,1,1,2,1
178003,1,2,2,2
178009,0,1,1,2
178011,1,4,2,4
178013,1,5,2,5
178015,0,2,1,3
178017,0,1,1,2
178019,0,2,1,3
178021,0,3,1,4
178023,0,1,1,2
178025,0,2,1,3
178027,2,4,3,3
178029,2,8,3,7
178031,1,4,2,4
178033,1,2,2,2
178035,1,2,2,2
178037,0,3,1,4
178039,0,1,1,2
178041,0,9,1,10
178043,0,2,1,3
178045,1,3,2,3
178047,2,3,3,2
178049,5,12,6,8
178051,0,4,1,5
178053,0,3,1,4
178055,0,2,1,3
178057,1,2,2,2
178059,15,18,16,4
178061,592,1134,593,543
178063,15,50,16,36
178065,1,2,2,2
178067,0,2,1,3
178071,2,7,3,6
178073,1,3,2,3
178075,0,4,1,5
178077,2,3,3,2
178079,6,12,7,7
178081,0,3,1,4
178083,3,21,4,19
178085,9,38,10,30
178087,1,5,2,5
178091,0,1,1,2
178093,0,3,1,4
178095,2,3,3,2
178097,1,3,2,3
178099,1,3,2,3
178101,0,2,1,3
178103,0,1,1,2
178105,1,1,2,1
178109,0,2,1,3
178111,1,15,2,15
178113,0,2,1,3
178115,0,2,1,3
178121,0,1,1,2
178123,4,6,5,3
178125,0,1,1,2
178127,0,1,1,2
178129,1,3,2,3
178135,1,1,2,1
178147,2,2,3,1
178149,0,2,1,3
178151,1,4,2,4
178153,3,7,4,5
178157,1,1,2,1
178163,0,2,1,3
178167,1,2,2,2
178183,0,1,1,2
178185,1,1,2,1
178193,1,1,2,1
178203,1,1,2,1
178209,0,1,1,2
178213,0,1,1,2
178217,1,1,2,1
178221,1,1,2,1
178223,1,1,2,1
178233,0,1,1,2
178235,0,1,1,2
178239,0,1,1,2
178247,1,1,2,1
178251,1,1,2,1
178255,0,1,1,2
178257,0,1,1,2
178269,1,2,2,2
178271,3,3,4,1
178279,1,1,2,1
178281,1,1,2,1
178283,0,1,1,2
178285,0,1,1,2
178289,0,1,1,2
178297,1,1,2,1
178299,0,1,1,2
178311,1,3,2,3
178313,0,1,1,2
178315,1,1,2,1
178317,0,2,1,3
178319,1,15,2,15
178321,0,1,1,2
178323,18,60,19,43
178325,0,2,1,3
178327,1,2,2,2
178329,0,2,1,3
178331,0,4,1,5
178333,1,2,2,2
178335,77,188,78,112
178337,0,4,1,5
178339,2,8,3,7
178341,7,9,8,3
178343,1,3,2,3
178345,1,13,2,13
178347,0,4,1,5
178349,1,1,2,1
178351,0,2,1,3
178353,4,5,5,2
178355,2,48,3,47
178357,1,5,2,5
178359,0,1,1,2
178361,0,1,1,2
178363,2,5,3,4
178365,2,2,3,1
178367,0,7,1,8
178369,2,5,3,4
178371,6,18,7,13
178373,0,3,1,4
178375,7,14,8,8
178379,3,6,4,4
178383,0,1,1,2
178385,1,2,2,2
178387,1,3,2,3
178391,0,1,1,2
178393,2,2,3,1
178397,2,5,3,4
178401,42,104,43,63
178403,0,3,1,4
178407,0,4,1,5
178409,1,1,2,1
178411,0,1,1,2
178413,1,2,2,2
178415,2,3,3,2
178417,1,1,2,1
178419,4,35,5,32
178421,4,12,5,9
178429,0,2,1,3
178439,1,1,2,1
178445,1,1,2,1
178447,10,78,11,69
178451,0,1,1,2
178453,2,3,3,2
178455,1,1,2,1
178459,0,1,1,2
178461,0,1,1,2
178465,1,5,2,5
178467,2,2,3,1
178469,5,8,6,4
178471,1,2,2,2
178473,0,2,1,3
178475,2,3,3,2
178477,7,21,8,15
178479,0,1,1,2
178481,0,3,1,4
178483,0,2,1,3
178485,0,1,1,2
178487,0,3,1,4
178489,1,3,2,3
178491,1,5,2,5
178493,0,1,1,2
178495,0,2,1,3
178497,0,2,1,3
178499,0,2,1,3
178501,0,1,1,2
178503,0,1,1,2
178505,0,2,1,3
178507,0,4,1,5
178509,20,42,21,23
178511,1,4,2,4
178513,1,2,2,2
178517,3,13,4,11
178519,0,3,1,4
178521,97,328,98,232
178523,51,251,52,201
178525,0,3,1,4
178527,1,2,2,2
178529,0,6,1,7
178531,0,1,1,2
178533,1,1,2,1
178535,2,3,3,2
178537,0,3,1,4
178539,0,1,1,2
178541,0,3,1,4
178543,0,2,1,3
178545,0,1,1,2
178547,0,1,1,2
178549,0,1,1,2
178551,2,3,3,2
178553,0,1,1,2
178555,0,1,1,2
178557,2,3,3,2
178559,1,1,2,1
178561,1,1,2,1
178563,1,3,2,3
178565,2,7,3,6
178567,1,2,2,2
178569,0,1,1,2
178571,3,6,4,4
178573,0,1,1,2
178575,1,4,2,4
178577,0,1,1,2
178579,1,6,2,6
178581,1,2,2,2
178583,0,1,1,2
178585,0,4,1,5
178587,3,6,4,4
178591,1,2,2,2
178593,0,4,1,5
178595,0,2,1,3
178597,2,2,3,1
178599,2,4,3,3
178603,0,1,1,2
178605,2,6,3,5
178607,2,7,3,6
178609,0,2,1,3
178611,0,1,1,2
178613,71,101,72,31
178615,2,9,3,8
178617,0,5,1,6
178619,1,3,2,3
178621,1,1,2,1
178623,0,1,1,2
178625,0,1,1,2
178629,0,1,1,2
178633,0,2,1,3
178635,1,2,2,2
178637,0,1,1,2
178639,0,16,1,17
178641,5,12,6,8
178643,1,1,2,1
178645,4,7,5,4
178647,0,1,1,2
178649,2,10,3,9
178651,0,1,1,2
178653,0,2,1,3
178655,0,1,1,2
178657,2,2,3,1
178663,3,6,4,4
178665,1,9,2,9
178667,125,378,126,254
178669,1,8,2,8
178671,0,1,1,2
178673,1,1,2,1
178675,0,1,1,2
178679,10,21,11,12
178681,0,2,1,3
178683,4,7,5,4
178685,0,3,1,4
178687,0,1,1,2
178693,1,3,2,3
178695,0,1,1,2
178697,1,2,2,2
178699,0,2,1,3
178701,0,2,1,3
178703,1,1,2,1
178705,0,2,1,3
178707,1,1,2,1
178709,1,1,2,1
178711,2,3,3,2
178713,2,7,3,6
178715,9,30,10,22
178717,0,1,1,2
178719,4,8,5,5
178721,1,1,2,1
178725,0,1,1,2
178727,3,6,4,4
178729,2,6,3,5
178731,0,2,1,3
178733,0,1,1,2
178735,2,16,3,15
178737,0,1,1,2
178739,1,1,2,1
178741,1,1,2,1
178743,1,5,2,5
178745,1,3,2,3
178747,5,9,6,5
178749,1,2,2,2
178751,0,1,1,2
178753,0,2,1,3
178755,3,6,4,4
178757,3,3,4,1
178759,1,2,2,2
178761,1,1,2,1
178763,1,1,2,1
178765,1,1,2,1
178767,1,3,2,3
178769,3,3,4,1
178771,4,8,5,5
178773,3,6,4,4
178775,2,4,3,3
178777,1,1,2,1
178779,2,2,3,1
178781,2,2,3,1
178783,3,6,4,4
178785,3,5,4,3
178787,2,2,3,1
178789,1,1,2,1
178791,1,2,2,2
178793,1,1,2,1
178795,2,2,3,1
178797,1,1,2,1
178799,2,2,3,1
178801,2,2,3,1
178803,1,2,2,2
178805,0,3,1,4
178807,1,3,2,3
178817,0,1,1,2
178819,2,3,3,2
178821,0,3,1,4
178823,1,3,2,3
178825,7,10,8,4
178827,284,475,285,192
178829,0,2,1,3
178831,0,2,1,3
178833,1,3,2,3
178835,1,5,2,5
178837,4,7,5,4
178839,21,79,22,59
178843,11,30,12,20
178845,1,1,2,1
178847,0,1,1,2
178849,0,3,1,4
178851,1,4,2,4
178853,1,2,2,2
178855,2,12,3,11
178857,0,1,1,2
178859,2,2,3,1
178861,1,6,2,6
178863,0,3,1,4
178865,3,7,4,5
178869,1,1,2,1
178873,1,3,2,3
178875,1,1,2,1
178877,4,10,5,7
178879,0,2,1,3
178881,1,2,2,2
178883,0,3,1,4
178885,14,31,15,18
178887,0,2,1,3
178889,0,2,1,3
178891,2,5,3,4
178893,0,2,1,3
178895,1,9,2,9
178897,0,2,1,3
178899,1,2,2,2
178901,0,2,1,3
178903,1,2,2,2
178905,1,3,2,3
178907,30,83,31,54
178909,0,1,1,2
178911,0,4,1,5
178913,0,1,1,2
178915,0,1,1,2
178917,0,4,1,5
178919,0,3,1,4
178921,0,2,1,3
178923,3,3,4,1
178925,2,3,3,2
178927,1,3,2,3
178929,0,2,1,3
178933,11,21,12,11
178935,0,2,1,3
178937,0,2,1,3
178939,1,3,2,3
178941,0,2,1,3
178943,1,5,2,5
178947,0,2,1,3
178949,0,4,1,5
178951,1,3,2,3
178953,2,2,3,1
178955,3,16,4,14
178957,0,4,1,5
178959,1,2,2,2
178961,0,13,1,14
178963,2,10,3,9
178965,0,3,1,4
178967,1,3,2,3
178969,0,5,1,6
178971,1,2,2,2
178973,0,2,1,3
178975,0,3,1,4
178977,0,2,1,3
178979,0,3,1,4
178981,0,5,1,6
178983,1,3,2,3
178985,0,3,1,4
178987,0,1,1,2
178989,0,2,1,3
178991,2,3,3,2
178995,3,7,4,5
178997,4,26,5,23
178999,2,5,3,4
179001,0,3,1,4
179003,0,2,1,3
179005,16,41,17,26
179007,0,6,1,7
179009,0,2,1,3
179011,3,8,4,6
179013,0,3,1,4
179015,2,4,3,3
179017,2,4,3,3
179019,3,3,4,1
179021,0,4,1,5
179025,1,4,2,4
179027,1,2,2,2
179029,1,3,2,3
179031,0,1,1,2
179035,1,3,2,3
179037,1,3,2,3
179039,0,2,1,3
179041,0,2,1,3
179043,0,3,1,4
179045,2,7,3,6
179047,0,1,1,2
179049,2,4,3,3
179051,0,3,1,4
179053,10,37,11,28
179055,12,35,13,24
179057,0,1,1,2
179059,1,3,2,3
179061,0,1,1,2
179063,2,5,3,4
179065,2,6,3,5
179067,2,2,3,1
179069,1,2,2,2
179073,0,2,1,3
179075,0,1,1,2
179077,0,2,1,3
179079,2,2,3,1
179081,0,12,1,13
179083,0,1,1,2
179085,143,371,144,229
179089,0,4,1,5
179091,9,25,10,17
179093,1,4,2,4
179095,0,1,1,2
179097,0,4,1,5
179099,7,25,8,19
179101,2,5,3,4
179103,1,1,2,1
179105,0,1,1,2
179107,1,3,2,3
179109,3,4,4,2
179111,2,9,3,8
179113,2,6,3,5
179115,4,9,5,6
179117,2,4,3,3
179119,352,666,353,315
179121,2,5,3,4
179127,4,5,5,2
179129,1,5,2,5
179131,0,4,1,5
179133,202,364,203,163
179135,549,659,550,111
179137,61,114,62,54
179139,2,3,3,2
179143,2,5,3,4
179145,0,3,1,4
179147,0,3,1,4
179149,0,4,1,5
179151,0,3,1,4
179153,0,10,1,11
179155,8,15,9,8
179157,0,7,1,8
179159,0,1,1,2
179161,0,1,1,2
179163,8,48,9,41
179165,0,2,1,3
179167,0,2,1,3
179169,0,1,1,2
179173,80,104,81,25
179175,8,26,9,19
179177,0,1,1,2
179179,1,4,2,4
179181,0,1,1,2
179185,0,1,1,2
179187,1,3,2,3
179189,0,1,1,2
179191,0,1,1,2
179193,0,1,1,2
179197,0,2,1,3
179199,0,1,1,2
179201,1,1,2,1
179203,0,2,1,3
179205,0,2,1,3
179207,0,1,1,2
179209,0,1,1,2
179211,6,18,7,13
179213,2,4,3,3
179215,1,2,2,2
179217,1,4,2,4
179219,2,10,3,9
179221,148,312,149,165
179223,0,1,1,2
179225,9,12,10,4
179227,1,2,2,2
179231,0,1,1,2
179233,2,6,3,5
179237,2,3,3,2
179239,0,1,1,2
179241,1,3,2,3
179243,2,3,3,2
179245,1,11,2,11
179247,54,154,55,101
179249,3,9,4,7
179251,1,4,2,4
179253,0,3,1,4
179255,0,1,1,2
179257,0,1,1,2
179259,0,2,1,3
179261,0,2,1,3
179263,0,1,1,2
179265,1,2,2,2
179267,0,3,1,4
179269,1,7,2,7
179271,1,2,2,2
179273,1,1,2,1
179275,19,54,20,36
179277,4,9,5,6
179279,0,3,1,4
179281,1,2,2,2
179283,2,3,3,2
179285,12,55,13,44
179287,20,56,21,37
179289,1,5,2,5
179291,0,3,1,4
179293,7,21,8,15
179295,18,88,19,71
179297,13,22,14,10
179299,8,16,9,9
179301,29,55,30,27
179303,0,5,1,6
179305,1,1,2,1
179307,1,3,2,3
179309,0,3,1,4
179311,1,3,2,3
179313,0,2,1,3
179315,1,3,2,3
179317,2,3,3,2
179325,4,13,5,10
179327,1,2,2,2
179329,15,35,16,21
179331,132,248,133,117
179333,26,116,27,91
179337,1,6,2,6
179339,1,3,2,3
179341,0,5,1,6
179343,0,1,1,2
179345,35,63,36,29
179347,0,2,1,3
179349,2,3,3,2
179351,0,1,1,2
179353,0,2,1,3
179355,0,3,1,4
179357,4,7,5,4
179361,1,3,2,3
179363,1,5,2,5
179365,0,1,1,2
179367,0,3,1,4
179369,3,7,4,5
179371,3,17,4,15
179373,3,8,4,6
179375,1,2,2,2
179377,1,3,2,3
179379,5,9,6,5
179381,0,4,1,5
179383,1,1,2,1
179385,0,1,1,2
179387,0,3,1,4
179389,3,7,4,5
179391,1,1,2,1
179393,0,2,1,3
179397,5,12,6,8
179399,1,5,2,5
179401,775,1718,776,944
179403,1,8,2,8
179405,1,2,2,2
179409,25,74,26,50
179411,13,49,14,37
179413,0,1,1,2
179415,16,69,17,54
179417,21,46,22,26
179419,0,3,1,4
179421,0,4,1,5
179423,0,3,1,4
179425,1,1,2,1
179427,5,11,6,7
179429,1,3,2,3
179431,5,7,6,3
179433,1,1,2,1
179435,3,5,4,3
179437,2,16,3,15
179439,3,6,4,4
179441,0,1,1,2
179443,2,8,3,7
179445,0,2,1,3
179447,0,2,1,3
179449,1,1,2,1
179451,20,37,21,18
179453,11,19,12,9
179455,0,2,1,3
179461,0,1,1,2
179463,1,1,2,1
179475,1,1,2,1
179477,0,2,1,3
179479,1,2,2,2
179481,0,3,1,4
179483,1,2,2,2
179485,1,1,2,1
179489,1,1,2,1
179491,16,66,17,51
179493,5,8,6,4
179495,4,25,5,22
179497,3,24,4,22
179499,2,4,3,3
179501,1,3,2,3
179503,2,4,3,3
179505,2,3,3,2
179507,2,4,3,3
179509,6,10,7,5
179511,5,11,6,7
179513,1,1,2,1
179515,1,2,2,2
179517,1,1,2,1
179519,1,1,2,1
179521,5,13,6,9
179523,2,3,3,2
179525,1,2,2,2
179527,2,6,3,5
179529,2,2,3,1
179531,1,2,2,2
179533,2,3,3,2
179535,2,3,3,2
179537,1,1,2,1
179539,1,1,2,1
179541,3,3,4,1
179543,2,3,3,2
179545,1,1,2,1
179547,1,2,2,2
179549,1,1,2,1
179551,1,1,2,1
179553,1,2,2,2
179555,1,2,2,2
179557,2,2,3,1
179559,2,2,3,1
179561,3,5,4,3
179563,2,3,3,2
179565,4,6,5,3
179567,1,1,2,1
179569,2,3,3,2
179571,1,1,2,1
179573,1,1,2,1
179575,1,3,2,3
179577,1,1,2,1
179579,1,1,2,1
179581,2,5,3,4
179583,1,1,2,1
179585,2,2,3,1
179587,3,7,4,5
179589,2,2,3,1
179591,3,4,4,2
179593,8,19,9,12
179595,3,6,4,4
179597,0,1,1,2
179599,2,7,3,6
179601,1,3,2,3
179603,1,2,2,2
179605,4,7,5,4
179607,2,2,3,1
179609,2,3,3,2
179611,1,2,2,2
179613,2,2,3,1
179615,1,4,2,4
179617,1,2,2,2
179619,1,1,2,1
179621,1,1,2,1
179623,1,1,2,1
179625,1,1,2,1
179627,1,1,2,1
179629,1,1,2,1
179631,1,1,2,1
179633,1,1,2,1
179635,1,1,2,1
179637,2,4,3,3
179639,1,2,2,2
179641,1,1,2,1
179643,1,2,2,2
179645,2,2,3,1
179647,9,24,10,16
179649,3,3,4,1
179653,0,2,1,3
179655,2,5,3,4
179657,1,1,2,1
179659,1,1,2,1
179661,1,1,2,1
179665,0,1,1,2
179667,0,1,1,2
179669,0,1,1,2
179671,0,1,1,2
179673,0,2,1,3
179675,0,3,1,4
179677,1,1,2,1
179679,1,4,2,4
179681,2,2,3,1
179683,1,2,2,2
179685,1,1,2,1
179687,0,2,1,3
179689,3,4,4,2
179691,2,6,3,5
179693,0,1,1,2
179695,2,7,3,6
179697,0,3,1,4
179701,5,23,6,19
179703,2,4,3,3
179705,0,5,1,6
179707,1,2,2,2
179709,20,86,21,67
179711,0,2,1,3
179713,0,1,1,2
179715,0,2,1,3
179719,2,4,3,3
179721,3,3,4,1
179723,1,2,2,2
179725,2,6,3,5
179727,1,2,2,2
179729,0,3,1,4
179731,3,3,4,1
179733,1,2,2,2
179737,0,1,1,2
179739,0,2,1,3
179741,0,2,1,3
179743,2,2,3,1
179745,1,4,2,4
179747,1,20,2,20
179749,69,158,70,90
179755,0,2,1,3
179757,1,2,2,2
179759,2,3,3,2
179761,22,27,23,6
179763,1,8,2,8
179765,0,1,1,2
179767,1,6,2,6
179769,1,4,2,4
179773,1,2,2,2
179779,33,56,34,24
179781,1,1,2,1
179783,4,12,5,9
179785,9,36,10,28
179789,1,2,2,2
179791,1,2,2,2
179793,0,1,1,2
179795,7,20,8,14
179797,0,4,1,5
179799,0,1,1,2
179803,1,3,2,3
179805,1,1,2,1
179807,0,1,1,2
179809,1,4,2,4
179811,38,98,39,61
179813,12,32,13,21
179815,28,116,29,89
179817,548,1000,549,453
179819,1472,3307,1473,1836
179821,5,33,6,29
179823,4,23,5,20
179825,2,7,3,6
179827,1,17,2,17
179829,0,2,1,3
179831,0,1,1,2
179833,1,2,2,2
179835,0,1,1,2
179837,1,3,2,3
179839,0,2,1,3
179841,0,1,1,2
179843,0,1,1,2
179845,1,2,2,2
179847,0,3,1,4
179849,0,3,1,4
179855,1,1,2,1
179857,0,1,1,2
179859,1,3,2,3
179861,0,1,1,2
179863,22,83,23,62
179869,1,3,2,3
179871,1,1,2,1
179873,1,3,2,3
179875,0,4,1,5
179877,1,7,2,7
179881,94,490,95,397
179883,0,3,1,4
179885,0,2,1,3
179889,1,8,2,8
179891,2,2,3,1
179893,0,1,1,2
179895,1,2,2,2
179897,2,4,3,3
179899,0,1,1,2
179901,11,45,12,35
179903,1,5,2,5
179905,1,3,2,3
179907,0,1,1,2
179909,1,7,2,7
179911,1,4,2,4
179913,2,8,3,7
179915,8,13,9,6
179917,0,3,1,4
179919,4,9,5,6
179921,3,5,4,3
179923,0,7,1,8
179925,28,52,29,25
179927,1,4,2,4
179929,0,2,1,3
179931,0,3,1,4
179933,5,8,6,4
179935,2,2,3,1
179937,1,3,2,3
179939,1,1,2,1
179941,14,34,15,21
179943,1,3,2,3
179945,2,2,3,1
179947,0,2,1,3
179949,0,1,1,2
179951,0,1,1,2
179953,26,118,27,93
179955,0,1,1,2
179957,0,1,1,2
179959,2,6,3,5
179961,1,11,2,11
179963,1,5,2,5
179965,1,3,2,3
179967,5,12,6,8
179969,1,1,2,1
179971,1,4,2,4
179973,1,2,2,2
179977,25,66,26,42
179979,1,4,2,4
179981,1,2,2,2
179983,15,35,16,21
179985,2,4,3,3
179987,0,2,1,3
179989,0,4,1,5
179991,1,1,2,1
179993,0,2,1,3
179995,3,6,4,4
179997,1,2,2,2
179999,0,1,1,2
180001,11,18,12,8
180003,0,1,1,2
180005,0,1,1,2
180007,0,3,1,4
180009,1,2,2,2
180013,0,1,1,2
180017,0,5,1,6
180019,3,6,4,4
180021,0,2,1,3
180023,1,1,2,1
180025,0,2,1,3
180027,0,1,1,2
180029,1,3,2,3
180031,1060,2301,1061,1242
180033,10,32,11,23
180035,0,3,1,4
180037,10,50,11,41
180039,3,13,4,11
180041,2,13,3,12
180043,5,15,6,11
180045,513,907,514,395
180049,0,1,1,2
180053,0,1,1,2
180055,0,3,1,4
180057,0,1,1,2
180059,0,1,1,2
180061,0,2,1,3
180063,1,5,2,5
180065,1,5,2,5
180067,3,7,4,5
180069,0,5,1,6
180071,0,2,1,3
180073,3,4,4,2
180075,1,4,2,4
180077,0,1,1,2
180079,0,2,1,3
180081,3,7,4,5
180083,0,1,1,2
180087,0,4,1,5
180091,6,25,7,20
180093,4,43,5,40
180095,593,987,594,395
180097,1,6,2,6
180099,3,11,4,9
180101,0,2,1,3
180103,1,4,2,4
180105,0,1,1,2
180107,1,1,2,1
180109,0,3,1,4
180111,0,2,1,3
180113,0,1,1,2
180115,0,1,1,2
180117,0,2,1,3
180119,3,6,4,4
180121,2,2,3,1
180123,6,9,7,4
180125,0,2,1,3
180127,0,1,1,2
180129,7,14,8,8
180131,2,9,3,8
180133,1,3,2,3
180137,18,37,19,20
180139,4,9,5,6
180141,1,1,2,1
180143,1,1,2,1
180145,0,6,1,7
180147,2,6,3,5
180149,2,9,3,8
180151,2,7,3,6
180153,0,1,1,2
180155,0,3,1,4
180159,1,2,2,2
180161,7,25,8,19
180163,1,1,2,1
180165,1,2,2,2
180167,1,1,2,1
180169,2,6,3,5
180171,0,1,1,2
180173,0,2,1,3
180175,1,1,2,1
180177,0,2,1,3
180179,0,3,1,4
180181,3,6,4,4
180185,1,2,2,2
180191,3,6,4,4
180193,1,1,2,1
180195,1,4,2,4
180197,1,2,2,2
180199,0,9,1,10
180201,2,3,3,2
180203,0,1,1,2
180205,3,11,4,9
180209,3,5,4,3
180211,5,14,6,10
180213,0,1,1,2
180215,0,1,1,2
180217,0,2,1,3
180219,1,2,2,2
180221,2,4,3,3
180223,0,3,1,4
180225,0,1,1,2
180227,1,5,2,5
180231,73,234,74,162
180233,2,4,3,3
180235,2,3,3,2
180237,1,2,2,2
180239,0,1,1,2
180241,1,1,2,1
180243,0,3,1,4
180245,6,13,7,8
180249,7,11,8,5
180251,0,2,1,3
180253,1,5,2,5
180255,1,2,2,2
180257,1,3,2,3
180259,0,1,1,2
180261,6,33,7,28
180263,12,46,13,35
180265,98,215,99,118
180267,1,7,2,7
180269,1,2,2,2
180273,2,2,3,1
180275,3,4,4,2
180277,3,3,4,1
180279,2,3,3,2
180281,7,8,8,2
180283,1,4,2,4
180285,1,2,2,2
180289,1,8,2,8
180291,0,3,1,4
180293,4,10,5,7
180295,2,4,3,3
180297,451,942,452,492
180299,1,4,2,4
180301,1,9,2,9
180303,3,5,4,3
180305,1,3,2,3
180307,2,2,3,1
180309,1,4,2,4
180311,0,4,1,5
180313,0,2,1,3
180315,1,4,2,4
180317,1,6,2,6
180319,1,5,2,5
180321,1,2,2,2
180323,2,3,3,2
180325,2,22,3,21
180327,0,3,1,4
180333,0,1,1,2
180335,0,1,1,2
180337,0,1,1,2
180339,0,1,1,2
180341,1,2,2,2
180343,1,3,2,3
180345,1,4,2,4
180347,1,2,2,2
180353,0,1,1,2
180355,0,2,1,3
180357,2,5,3,4
180359,0,2,1,3
180361,0,1,1,2
180363,0,1,1,2
180365,0,1,1,2
180367,11,48,12,38
180369,0,2,1,3
180371,0,1,1,2
180373,0,1,1,2
180377,0,3,1,4
180379,0,1,1,2
180385,5,6,6,2
180387,1,1,2,1
180389,0,1,1,2
180393,1,6,2,6
180395,0,1,1,2
180397,0,1,1,2
180399,0,1,1,2
180401,0,1,1,2
180403,1,1,2,1
180405,1,1,2,1
180411,0,4,1,5
180413,0,2,1,3
180415,0,2,1,3
180417,0,2,1,3
180419,0,1,1,2
180425,3,7,4,5
180427,0,3,1,4
180429,1,8,2,8
180431,0,8,1,9
180435,3,37,4,35
180437,1,11,2,11
180439,0,4,1,5
180441,0,8,1,9
180443,1,11,2,11
180445,5,17,6,13
180447,3,9,4,7
180449,2,6,3,5
180451,3,11,4,9
180453,5,13,6,9
180455,1,6,2,6
180457,0,1,1,2
180461,0,1,1,2
180463,0,1,1,2
180465,3,12,4,10
180467,0,1,1,2
180469,0,2,1,3
180471,4,8,5,5
180473,0,3,1,4
180475,0,2,1,3
180477,0,2,1,3
180479,2,5,3,4
180481,1,9,2,9
180483,0,1,1,2
180485,0,1,1,2
180487,0,6,1,7
180489,0,3,1,4
180491,1,5,2,5
180493,0,1,1,2
180495,0,1,1,2
180497,464,966,465,503
180499,3,4,4,2
180501,1,1,2,1
180503,0,6,1,7
180505,0,1,1,2
180507,2,6,3,5
180511,1,4,2,4
180513,0,1,1,2
180515,0,1,1,2
180519,0,1,1,2
180523,1,3,2,3
180525,1,1,2,1
180531,0,3,1,4
180533,1,5,2,5
180535,2,6,3,5
180537,1,11,2,11
180539,3,22,4,20
180543,3,4,4,2
180545,0,1,1,2
180547,0,3,1,4
180553,0,3,1,4
180555,16,100,17,85
180557,1,3,2,3
180559,2,4,3,3
180561,0,1,1,2
180563,1,2,2,2
180565,1,1,2,1
180567,1,3,2,3
180569,6,16,7,11
180571,1,5,2,5
180573,0,2,1,3
180575,0,1,1,2
180577,0,2,1,3
180579,2,5,3,4
180581,1,2,2,2
180583,0,1,1,2
180585,1,1,2,1
180587,63,130,64,68
180589,4,8,5,5
180591,16,27,17,12
180593,0,1,1,2
180595,0,1,1,2
180599,0,2,1,3
180601,0,1,1,2
180607,2,3,3,2
180611,0,2,1,3
180615,0,1,1,2
180619,1,4,2,4
180629,0,4,1,5
180631,1,1,2,1
180633,0,1,1,2
180639,0,1,1,2
180641,0,2,1,3
180643,1,1,2,1
180645,0,2,1,3
180647,0,1,1,2
180651,2,2,3,1
180653,1,2,2,2
180655,1,3,2,3
180663,1,1,2,1
180665,0,2,1,3
180667,0,2,1,3
180669,1,1,2,1
180675,2,3,3,2
180677,0,1,1,2
180679,1,2,2,2
180681,0,1,1,2
180685,0,5,1,6
180687,0,2,1,3
180689,2,3,3,2
180693,0,2,1,3
180695,2,5,3,4
180699,0,1,1,2
180701,0,1,1,2
180711,0,1,1,2
180713,1,1,2,1
180715,0,1,1,2
180717,0,1,1,2
180719,0,2,1,3
180723,0,1,1,2
180725,2,6,3,5
180727,0,1,1,2
180729,1,1,2,1
180731,2,4,3,3
180733,0,1,1,2
180735,0,2,1,3
180737,18,76,19,59
180745,0,1,1,2
180749,1,2,2,2
180753,0,1,1,2
180757,1,2,2,2
180759,0,1,1,2
180763,0,1,1,2
180765,0,2,1,3
180769,2,5,3,4
180771,0,1,1,2
180773,0,1,1,2
180775,0,1,1,2
180777,1,1,2,1
180783,0,1,1,2
180785,0,1,1,2
180787,0,1,1,2
180791,0,1,1,2
180793,0,1,1,2
180795,0,1,1,2
180799,0,2,1,3
180803,0,1,1,2
180807,0,1,1,2
180815,0,1,1,2
180825,1,1,2,1
180829,0,2,1,3
180833,2,32,3,31
180835,1,1,2,1
180837,1,2,2,2
180839,2,5,3,4
180841,0,2,1,3
180843,1,1,2,1
180845,0,1,1,2
180851,1,1,2,1
180859,0,1,1,2
180861,0,4,1,5
180863,0,1,1,2
180865,1,5,2,5
180867,0,1,1,2
180869,0,1,1,2
180871,0,1,1,2
180873,0,2,1,3
180875,2,2,3,1
180879,0,1,1,2
180881,0,1,1,2
180883,0,1,1,2
180885,2,7,3,6
180887,0,1,1,2
180889,0,1,1,2
180891,1,2,2,2
180897,0,1,1,2
180899,0,2,1,3
180901,0,1,1,2
180903,0,1,1,2
180905,0,1,1,2
180907,0,1,1,2
180909,0,1,1,2
180913,1,1,2,1
180915,0,1,1,2
180917,0,1,1,2
180919,0,1,1,2
180923,3,5,4,3
180929,0,1,1,2
180933,0,1,1,2
180935,0,1,1,2
180941,0,1,1,2
180945,0,1,1,2
180949,0,1,1,2
180953,2,4,3,3
180955,1,3,2,3
180957,4,8,5,5
180959,0,1,1,2
180961,0,1,1,2
180963,1,7,2,7
180965,2,7,3,6
180967,2,8,3,7
180969,0,1,1,2
180971,0,1,1,2
180973,0,1,1,2
180975,0,1,1,2
180979,1,4,2,4
180981,0,2,1,3
180983,3,4,4,2
180985,458,904,459,447
180987,60,202,61,143
180989,0,1,1,2
180993,0,2,1,3
180997,0,1,1,2
180999,0,1,1,2
181003,0,1,1,2
181007,0,2,1,3
181011,0,1,1,2
181015,0,1,1,2
181019,0,1,1,2
181023,0,2,1,3
181025,0,1,1,2
181027,1,1,2,1
181029,1,2,2,2
181031,1,2,2,2
181033,0,1,1,2
181035,0,2,1,3
181037,0,1,1,2
181039,1,4,2,4
181041,3,7,4,5
181047,0,1,1,2
181051,0,1,1,2
181055,0,1,1,2
181057,0,4,1,5
181059,0,1,1,2
181061,1,3,2,3
181065,5,14,6,10
181067,0,2,1,3
181069,0,1,1,2
181071,1,3,2,3
181073,0,2,1,3
181075,22,40,23,19
181077,4,20,5,17
181079,2,6,3,5
181081,0,2,1,3
181085,0,1,1,2
181089,0,2,1,3
181091,0,1,1,2
181093,0,1,1,2
181095,1,2,2,2
181097,0,1,1,2
181099,0,1,1,2
181101,1,2,2,2
181103,0,1,1,2
181105,0,3,1,4
181107,0,1,1,2
181111,3,7,4,5
181113,1,2,2,2
181115,7,40,8,34
181117,0,1,1,2
181119,0,2,1,3
181121,0,1,1,2
181123,1,5,2,5
181125,0,1,1,2
181127,0,1,1,2
181131,0,1,1,2
181133,0,2,1,3
181135,1,7,2,7
181137,1,2,2,2
181139,2,5,3,4
181141,2,5,3,4
181143,1,4,2,4
181149,0,1,1,2
181151,0,1,1,2
181155,9,17,10,9
181157,4,6,5,3
181159,2,4,3,3
181163,0,1,1,2
181169,0,6,1,7
181171,1,2,2,2
181175,1,1,2,1
181179,0,1,1,2
181181,0,1,1,2
181189,2,3,3,2
181191,0,1,1,2
181193,0,1,1,2
181197,0,2,1,3
181201,2,2,3,1
181203,0,2,1,3
181205,2,4,3,3
181209,6,8,7,3
181211,0,5,1,6
181215,0,10,1,11
181217,20,37,21,18
181219,5,6,6,2
181221,6,11,7,6
181223,1,2,2,2
181225,1,5,2,5
181227,2,2,3,1
181229,0,1,1,2
181231,7,16,8,10
181235,7,16,8,10
181239,1,2,2,2
181241,0,1,1,2
181243,0,2,1,3
181245,5,13,6,9
181247,0,1,1,2
181249,0,2,1,3
181251,5,10,6,6
181255,0,1,1,2
181257,2,10,3,9
181259,0,2,1,3
181261,0,4,1,5
181263,1,1,2,1
181265,1,3,2,3
181267,24,51,25,28
181269,0,1,1,2
181271,0,1,1,2
181273,1,2,2,2
181275,1,6,2,6
181277,9,17,10,9
181279,1,3,2,3
181281,0,1,1,2
181283,0,1,1,2
181285,3,5,4,3
181287,0,1,1,2
181289,0,1,1,2
181291,2,5,3,4
181293,0,1,1,2
181295,2,4,3,3
181297,0,2,1,3
181299,0,1,1,2
181301,2,2,3,1
181303,0,1,1,2
181305,0,1,1,2
181307,0,3,1,4
181309,1,2,2,2
181311,0,2,1,3
181313,0,1,1,2
181315,416,754,417,339
181317,0,1,1,2
181319,0,1,1,2
181321,0,1,1,2
181323,0,1,1,2
181325,0,3,1,4
181327,0,1,1,2
181329,0,3,1,4
181331,0,1,1,2
181333,1,4,2,4
181335,0,1,1,2
181337,2,4,3,3
181339,0,2,1,3
181341,0,2,1,3
181343,0,1,1,2
181345,2,4,3,3
181347,0,2,1,3
181349,0,6,1,7
181351,1,3,2,3
181353,0,1,1,2
181355,13,28,14,16
181357,26,46,27,21
181359,0,1,1,2
181361,0,3,1,4
181363,1,5,2,5
181365,3,6,4,4
181367,0,1,1,2
181369,0,2,1,3
181371,0,1,1,2
181373,1,5,2,5
181375,0,1,1,2
181377,0,2,1,3
181379,0,1,1,2
181381,1,2,2,2
181383,0,1,1,2
181385,1,3,2,3
181387,0,1,1,2
181389,0,2,1,3
181391,0,1,1,2
181393,0,2,1,3
181395,0,1,1,2
181397,0,1,1,2
181399,0,1,1,2
181401,0,1,1,2
181403,0,2,1,3
181405,3,3,4,1
181407,0,1,1,2
181409,0,1,1,2
181411,0,1,1,2
181413,10,20,11,11
181415,5,12,6,8
181419,0,1,1,2
181421,0,1,1,2
181423,2,4,3,3
181431,1,2,2,2
181433,0,1,1,2
181435,0,1,1,2
181437,0,1,1,2
181439,1,2,2,2
181441,3,3,4,1
181443,0,2,1,3
181445,0,2,1,3
181447,0,2,1,3
181449,0,5,1,6
181451,0,3,1,4
181453,6,21,7,16
181455,1,2,2,2
181459,1,3,2,3
181461,1,2,2,2
181463,0,1,1,2
181465,0,4,1,5
181467,0,7,1,8
181469,1,5,2,5
181473,1,7,2,7
181475,2,21,3,20
181479,1,2,2,2
181483,0,1,1,2
181485,1,1,2,1
181487,0,2,1,3
181489,0,6,1,7
181491,6,11,7,6
181493,8,10,9,3
181495,1,1,2,1
181497,6,8,7,3
181499,4,9,5,6
181501,1,9,2,9
181503,0,1,1,2
181505,1,5,2,5
181507,0,2,1,3
181509,1,1,2,1
181511,0,1,1,2
181513,0,3,1,4
181515,0,4,1,5
181517,0,1,1,2
181519,0,1,1,2
181525,2,2,3,1
181527,1,2,2,2
181529,1,2,2,2
181531,2,5,3,4
181533,2,4,3,3
181535,1,1,2,1
181537,1,4,2,4
181539,0,4,1,5
181541,1,2,2,2
181543,0,3,1,4
181545,6,31,7,26
181547,1,4,2,4
181549,0,1,1,2
181551,1,1,2,1
181553,3,5,4,3
181555,0,1,1,2
181559,2,4,3,3
181563,0,2,1,3
181565,0,2,1,3
181567,0,4,1,5
181569,0,1,1,2
181571,0,1,1,2
181573,0,1,1,2
181575,1,3,2,3
181577,0,1,1,2
181579,1,1,2,1
181581,0,2,1,3
181583,2,3,3,2
181585,1,2,2,2
181587,1,4,2,4
181589,0,1,1,2
181591,1,3,2,3
181593,2,6,3,5
181595,0,2,1,3
181597,0,1,1,2
181599,2,2,3,1
181601,10,48,11,39
181603,0,1,1,2
181605,0,6,1,7
181607,1,5,2,5
181609,1,3,2,3
181611,2,3,3,2
181613,2,3,3,2
181617,2,2,3,1
181619,2,2,3,1
181621,1,2,2,2
181623,1,3,2,3
181625,0,1,1,2
181627,2,6,3,5
181629,0,2,1,3
181631,2,3,3,2
181633,2,4,3,3
181635,3,8,4,6
181637,0,1,1,2
181641,0,1,1,2
181643,1,5,2,5
181645,0,1,1,2
181649,0,1,1,2
181651,1,2,2,2
181653,0,4,1,5
181655,0,1,1,2
181659,3,18,4,16
181663,3,4,4,2
181665,1,2,2,2
181667,0,1,1,2
181669,2,2,3,1
181671,75,135,76,61
181673,1,4,2,4
181675,0,1,1,2
181677,0,1,1,2
181679,1,5,2,5
181681,0,1,1,2
181683,0,5,1,6
181685,0,2,1,3
181687,0,3,1,4
181689,0,3,1,4
181691,0,3,1,4
181693,0,3,1,4
181695,2,10,3,9
181697,1,3,2,3
181699,3,5,4,3
181701,3,9,4,7
181703,3,4,4,2
181705,5,8,6,4
181707,0,4,1,5
181709,0,2,1,3
181711,0,2,1,3
181713,1,1,2,1
181715,0,1,1,2
181719,1,3,2,3
181721,0,1,1,2
181723,0,5,1,6
181725,0,5,1,6
181727,0,3,1,4
181729,0,2,1,3
181731,0,1,1,2
181733,0,2,1,3
181735,0,2,1,3
181737,0,5,1,6
181739,0,2,1,3
181741,0,3,1,4
181743,1,2,2,2
181745,2,3,3,2
181747,0,2,1,3
181749,0,1,1,2
181751,32,51,33,20
181753,7,11,8,5
181755,5,11,6,7
181757,7,12,8,6
181759,1,2,2,2
181761,1,6,2,6
181763,1,2,2,2
181765,1,1,2,1
181767,1,3,2,3
181769,2,5,3,4
181771,1,3,2,3
181773,1,4,2,4
181775,2,6,3,5
181777,2,6,3,5
181779,4,7,5,4
181781,0,3,1,4
181783,1,4,2,4
181785,2,3,3,2
181787,2,4,3,3
181789,2,3,3,2
181791,2,3,3,2
181793,1,3,2,3
181795,0,1,1,2
181797,1,2,2,2
181799,1,2,2,2
181801,2,3,3,2
181803,6,8,7,3
181805,0,1,1,2
181807,1,2,2,2
181809,1,2,2,2
181811,2,4,3,3
181813,1,3,2,3
181815,2,3,3,2
181817,0,1,1,2
181819,1,2,2,2
181821,1,3,2,3
181823,0,1,1,2
181825,0,1,1,2
181827,0,1,1,2
181829,0,1,1,2
181831,0,1,1,2
181833,0,1,1,2
181835,0,1,1,2
181837,0,2,1,3
181839,2,4,3,3
181841,1,4,2,4
181843,1,3,2,3
181845,1,4,2,4
181847,1,3,2,3
181849,3,8,4,6
181851,1,2,2,2
181853,1,3,2,3
181855,1,2,2,2
181857,2,3,3,2
181859,2,5,3,4
181861,2,4,3,3
181863,0,2,1,3
181865,1,2,2,2
181867,0,2,1,3
181869,1,1,2,1
181871,1,3,2,3
181873,1,3,2,3
181875,0,4,1,5
181877,2,4,3,3
181879,2,7,3,6
181881,0,3,1,4
181883,2,4,3,3
181885,1,3,2,3
181887,0,2,1,3
181889,1,3,2,3
181891,1,3,2,3
181893,0,2,1,3
181895,1,5,2,5
181897,2,5,3,4
181899,0,2,1,3
181901,2,5,3,4
181903,2,5,3,4
181905,1,3,2,3
181907,0,2,1,3
181909,0,3,1,4
181911,2,5,3,4
181913,1,3,2,3
181915,2,3,3,2
181917,0,2,1,3
181919,0,2,1,3
181921,1,4,2,4
181923,1,4,2,4
181925,11,27,12,17
181927,1,3,2,3
181929,1,5,2,5
181931,0,3,1,4
181933,1,1,2,1
181935,1,2,2,2
181937,1,6,2,6
181939,1,5,2,5
181941,0,4,1,5
181943,0,3,1,4
181945,1,7,2,7
181947,1,5,2,5
181949,3,5,4,3
181951,0,1,1,2
181953,0,5,1,6
181955,1,4,2,4
181957,2,4,3,3
181959,2,7,3,6
181961,0,2,1,3
181963,1,3,2,3
181965,1,3,2,3
181967,0,6,1,7
181969,0,4,1,5
181971,0,6,1,7
181973,1,6,2,6
181975,0,5,1,6
181977,0,5,1,6
181979,1,6,2,6
181981,1,5,2,5
181983,1,5,2,5
181985,0,3,1,4
181987,1,2,2,2
181989,0,2,1,3
181991,0,1,1,2
181993,1,4,2,4
181995,1,4,2,4
181997,1,3,2,3
181999,0,2,1,3
182001,1,5,2,5
182003,0,5,1,6
182005,2,4,3,3
182007,1,4,2,4
182009,1,3,2,3
182011,1,3,2,3
182013,1,2,2,2
182015,2,4,3,3
182017,2,4,3,3
182019,1,5,2,5
182021,4,8,5,5
182023,2,4,3,3
182025,3,7,4,5
182027,0,2,1,3
182029,2,5,3,4
182031,0,2,1,3
182033,1,4,2,4
182035,0,3,1,4
182037,1,6,2,6
182039,1,4,2,4
182041,1,5,2,5
182043,1,3,2,3
182045,1,3,2,3
182047,2,7,3,6
182049,1,3,2,3
182051,0,2,1,3
182053,0,4,1,5
182055,0,3,1,4
182057,1,3,2,3
182059,1,5,2,5
182061,3,8,4,6
182063,3,7,4,5
182065,1,6,2,6
182067,1,5,2,5
182069,2,6,3,5
182071,2,7,3,6
182073,3,8,4,6
182075,1,6,2,6
182077,1,4,2,4
182079,2,9,3,8
182081,3,8,4,6
182083,0,1,1,2
182085,0,3,1,4
182087,2,5,3,4
182089,1,3,2,3
182091,1,3,2,3
182093,1,3,2,3
182095,2,5,3,4
182097,1,1,2,1
182099,1,6,2,6
182101,1,3,2,3
182103,1,5,2,5
182105,1,3,2,3
182107,0,5,1,6
182109,2,4,3,3
182111,1,5,2,5
182113,1,4,2,4
182115,1,4,2,4
182117,3,7,4,5
182119,1,4,2,4
182121,0,1,1,2
182123,2,8,3,7
182125,4,11,5,8
182127,0,1,1,2
182129,0,3,1,4
182131,2,7,3,6
182133,3,6,4,4
182135,0,3,1,4
182137,10,16,11,7
182139,0,2,1,3
182141,1,2,2,2
182143,2,4,3,3
182145,0,3,1,4
182147,1,2,2,2
182149,2,4,3,3
182151,1,3,2,3
182153,2,6,3,5
182155,2,7,3,6
182157,2,7,3,6
182159,0,4,1,5
182161,2,4,3,3
182163,0,3,1,4
182165,1,6,2,6
182167,1,4,2,4
182169,2,5,3,4
182171,2,6,3,5
182173,1,4,2,4
182175,3,9,4,7
182177,1,5,2,5
182179,1,4,2,4
182181,2,5,3,4
182183,6,11,7,6
182185,2,4,3,3
182187,0,4,1,5
182189,3,7,4,5
182191,3,12,4,10
182193,7,14,8,8
182195,2,4,3,3
182197,3,6,4,4
182199,8,16,9,9
182201,0,3,1,4
182203,2,4,3,3
182205,4,11,5,8
182207,1,4,2,4
182209,0,4,1,5
182211,2,4,3,3
182213,0,4,1,5
182215,1,5,2,5
182217,1,5,2,5
182219,0,4,1,5
182221,0,4,1,5
182223,1,5,2,5
182225,0,4,1,5
182227,0,5,1,6
182229,2,6,3,5
182231,2,5,3,4
182233,0,3,1,4
182235,0,4,1,5
182237,0,5,1,6
182239,4,12,5,9
182241,0,4,1,5
182243,2,2,3,1
182245,0,3,1,4
182247,0,3,1,4
182249,0,3,1,4
182251,0,4,1,5
182253,0,2,1,3
182255,0,3,1,4
182257,0,2,1,3
182259,0,3,1,4
182261,1,4,2,4
182263,0,4,1,5
182265,2,7,3,6
182267,0,7,1,8
182269,4,15,5,12
182271,1,4,2,4
182273,0,4,1,5
182275,0,2,1,3
182277,1,4,2,4
182279,0,3,1,4
182281,0,4,1,5
182283,0,3,1,4
182285,1,7,2,7
182287,1,8,2,8
182289,0,4,1,5
182291,0,6,1,7
182293,2,9,3,8
182295,1,7,2,7
182297,9,18,10,10
182299,4,9,5,6
182301,5,12,6,8
182303,0,4,1,5
182305,0,4,1,5
182307,4,9,5,6
182309,0,4,1,5
182311,0,1,1,2
182313,2,2,3,1
182317,1,1,2,1
182319,3,11,4,9
182323,2,4,3,3
182325,3,4,4,2
182327,1,3,2,3
182329,0,1,1,2
182331,2,4,3,3
182333,0,1,1,2
182335,0,2,1,3
182337,1,3,2,3
182339,0,1,1,2
182341,4,30,5,27
182343,1,2,2,2
182345,1,1,2,1
182347,4,9,5,6
182349,0,3,1,4
182351,1,4,2,4
182353,2,9,3,8
182355,0,1,1,2
182357,0,1,1,2
182359,2,21,3,20
182361,0,1,1,2
182363,0,2,1,3
182365,0,2,1,3
182367,0,9,1,10
182369,7,24,8,18
182371,0,2,1,3
182373,0,1,1,2
182377,1,4,2,4
182379,3,6,4,4
182381,1,2,2,2
182383,1,6,2,6
182387,14,26,15,13
182389,0,2,1,3
182393,0,2,1,3
182395,1,7,2,7
182397,0,3,1,4
182399,0,1,1,2
182401,1,3,2,3
182403,4,13,5,10
182407,6,21,7,16
182409,3,9,4,7
182411,0,1,1,2
182413,0,1,1,2
182415,1,2,2,2
182417,1,2,2,2
182419,11,30,12,20
182421,2,2,3,1
182425,0,2,1,3
182427,2,9,3,8
182429,5,7,6,3
182431,0,2,1,3
182433,3,10,4,8
182435,4,8,5,5
182437,1,1,2,1
182439,0,1,1,2
182441,1,2,2,2
182443,1,3,2,3
182445,2,18,3,17
182447,2,3,3,2
182449,0,4,1,5
182451,0,1,1,2
182455,0,2,1,3
182457,1,2,2,2
182459,1,4,2,4
182461,1,1,2,1
182465,1,1,2,1
182467,15,26,16,12
182471,1,2,2,2
182473,1,4,2,4
182475,5,29,6,25
182477,5,26,6,22
182479,35,112,36,78
182481,0,4,1,5
182483,1,5,2,5
182485,2,8,3,7
182487,1,8,2,8
182489,2,8,3,7
182491,0,3,1,4
182493,1,3,2,3
182495,1,4,2,4
182501,0,1,1,2
182503,0,1,1,2
182505,1,3,2,3
182507,2,3,3,2
182509,1,2,2,2
182511,0,1,1,2
182513,0,1,1,2
182515,1,2,2,2
182517,0,1,1,2
182525,0,1,1,2
182527,1,2,2,2
182529,0,9,1,10
182531,1,10,2,10
182533,0,6,1,7
182535,0,5,1,6
182537,2,10,3,9
182539,1,12,2,12
182541,1,10,2,10
182543,2,5,3,4
182545,0,3,1,4
182547,7,13,8,7
182549,4,9,5,6
182551,6,12,7,7
182553,2,5,3,4
182555,2,7,3,6
182557,22,42,23,21
182559,6,13,7,8
182563,2,18,3,17
182565,1,2,2,2
182567,0,1,1,2
182569,0,1,1,2
182573,0,1,1,2
182575,0,2,1,3
182581,1,2,2,2
182585,1,2,2,2
182587,0,1,1,2
182589,1,1,2,1
182597,0,1,1,2
182611,0,1,1,2
182613,2,9,3,8
182615,25,48,26,24
182617,0,2,1,3
182619,1,3,2,3
182623,2,3,3,2
182625,1,2,2,2
182627,0,1,1,2
182629,0,1,1,2
182631,0,1,1,2
182633,1,3,2,3
182635,0,1,1,2
182637,77,120,78,44
182641,0,1,1,2
182643,4,11,5,8
182645,1,3,2,3
182647,0,1,1,2
182651,0,2,1,3
182653,1,13,2,13
182655,1,2,2,2
182657,2,2,3,1
182659,0,3,1,4
182661,1,3,2,3
182663,3,6,4,4
182665,0,2,1,3
182667,0,2,1,3
182669,0,1,1,2
182671,3,17,4,15
182673,3,6,4,4
182675,0,1,1,2
182677,2,6,3,5
182679,6,45,7,40
182681,0,2,1,3
182683,0,3,1,4
182685,0,1,1,2
182687,0,1,1,2
182689,0,3,1,4
182691,0,3,1,4
182693,1,1,2,1
182695,0,3,1,4
182697,1,4,2,4
182699,0,2,1,3
182703,1,6,2,6
182705,1,10,2,10
182707,0,1,1,2
182709,0,1,1,2
182711,1,3,2,3
182713,6,16,7,11
182715,957,2017,958,1061
182717,1,1,2,1
182719,1,2,2,2
182721,0,1,1,2
182723,152,191,153,40
182725,0,2,1,3
182727,4,16,5,13
182729,1,4,2,4
182731,4,11,5,8
182733,1,1,2,1
182735,3,3,4,1
182737,3,10,4,8
182739,1,3,2,3
182741,1,6,2,6
182743,0,3,1,4
182745,0,1,1,2
182747,1,5,2,5
182749,2,19,3,18
182751,0,1,1,2
182753,0,1,1,2
182755,0,3,1,4
182757,0,1,1,2
182759,1,3,2,3
182761,0,1,1,2
182763,6,10,7,5
182767,0,3,1,4
182769,0,2,1,3
182771,1,3,2,3
182773,4,6,5,3
182775,2,8,3,7
182777,1,4,2,4
182779,1,3,2,3
182781,1,1,2,1
182783,29,61,30,33
182785,1,3,2,3
182787,0,1,1,2
182789,0,2,1,3
182791,1,3,2,3
182793,2,6,3,5
182795,0,2,1,3
182797,0,2,1,3
182799,0,1,1,2
182801,0,1,1,2
182803,1,3,2,3
182805,2,3,3,2
182811,2,6,3,5
182813,2,8,3,7
182815,2,7,3,6
182817,0,1,1,2
182819,9,59,10,51
182821,1,1,2,1
182823,211,927,212,717
182825,89,282,90,194
182829,0,12,1,13
182831,1,2,2,2
182835,5,73,6,69
182837,0,1,1,2
182841,0,1,1,2
182843,0,1,1,2
182845,0,3,1,4
182847,0,2,1,3
182851,1,2,2,2
182853,23,47,24,25
182857,3,9,4,7
182859,0,2,1,3
182861,1,2,2,2
182863,6,8,7,3
182865,0,3,1,4
182867,1,2,2,2
182869,2,4,3,3
182871,10,17,11,8
182873,0,3,1,4
182875,0,1,1,2
182877,0,1,1,2
182885,1,1,2,1
182887,0,1,1,2
182889,1,9,2,9
182891,1,2,2,2
182893,3,6,4,4
182895,0,4,1,5
182897,0,1,1,2
182899,1,2,2,2
182901,3,6,4,4
182903,2,5,3,4
182905,2,3,3,2
182907,0,1,1,2
182909,3,7,4,5
182911,0,3,1,4
182915,2,3,3,2
182921,1,4,2,4
182923,1,1,2,1
182925,1,1,2,1
182927,0,1,1,2
182929,1,2,2,2
182931,2,7,3,6
182933,2,2,3,1
182935,2,2,3,1
182937,0,1,1,2
182939,0,1,1,2
182941,1,10,2,10
182943,0,1,1,2
182945,1,2,2,2
182947,0,1,1,2
182951,3,4,4,2
182955,0,1,1,2
182957,2,7,3,6
182959,0,3,1,4
182961,0,1,1,2
182963,0,1,1,2
182965,4,6,5,3
182967,4,9,5,6
182969,2,3,3,2
182971,0,1,1,2
182973,1,4,2,4
182975,1,3,2,3
182977,1,1,2,1
182979,1,1,2,1
182981,4,5,5,2
182983,0,2,1,3
182985,0,2,1,3
182987,0,2,1,3
182989,0,1,1,2
182991,1,2,2,2
182993,3,10,4,8
182997,0,1,1,2
182999,0,2,1,3
183001,0,1,1,2
183003,0,2,1,3
183005,4,6,5,3
183007,0,1,1,2
183009,0,1,1,2
183011,132,458,133,327
183013,1,3,2,3
183015,0,3,1,4
183017,0,3,1,4
183019,0,2,1,3
183021,1,1,2,1
183025,1,2,2,2
183027,1,5,2,5
183029,0,6,1,7
183031,0,1,1,2
183033,0,1,1,2
183035,1,1,2,1
183037,3,6,4,4
183039,1,1,2,1
183041,1,1,2,1
183043,1,3,2,3
183045,1,2,2,2
183047,1,9,2,9
183049,1,3,2,3
183051,0,3,1,4
183053,0,2,1,3
183055,7,39,8,33
183057,1,2,2,2
183059,0,2,1,3
183061,0,1,1,2
183063,2,5,3,4
183065,0,2,1,3
183067,0,2,1,3
183069,0,2,1,3
183071,3,6,4,4
183073,14,24,15,11
183075,5,7,6,3
183077,12,44,13,33
183079,1,3,2,3
183085,2,4,3,3
183087,23,46,24,24
183089,0,2,1,3
183091,0,1,1,2
183113,0,1,1,2
183121,0,1,1,2
183123,1,4,2,4
183125,6,11,7,6
183127,1,2,2,2
183129,1,3,2,3
183133,0,1,1,2
183135,2,6,3,5
183137,0,1,1,2
183139,2,15,3,14
183141,0,1,1,2
183143,1,5,2,5
183145,1,3,2,3
183149,3,7,4,5
183151,10,31,11,22
183153,0,1,1,2
183155,27,58,28,32
183157,5,22,6,18
183159,10,31,11,22
183161,3,11,4,9
183163,0,3,1,4
183165,1,1,2,1
183167,0,1,1,2
183169,0,3,1,4
183171,1,2,2,2
183173,1,1,2,1
183175,1,4,2,4
183179,4,8,5,5
183181,0,4,1,5
183183,3,5,4,3
183187,1,4,2,4
183193,0,1,1,2
183195,1,1,2,1
183197,70,115,71,46
183199,2,3,3,2
183201,1,3,2,3
183203,1,1,2,1
183205,0,1,1,2
183207,2,7,3,6
183209,0,2,1,3
183213,1,1,2,1
183215,0,3,1,4
183217,0,4,1,5
183219,1,3,2,3
183221,2,7,3,6
183223,1,2,2,2
183225,2,4,3,3
183227,50,97,51,48
183229,0,1,1,2
183231,6,13,7,8
183233,0,1,1,2
183235,0,5,1,6
183237,0,4,1,5
183239,2,4,3,3
183241,1,5,2,5
183243,0,1,1,2
183245,3,6,4,4
183247,2,7,3,6
183249,1,2,2,2
183251,1,13,2,13
183253,0,1,1,2
183255,0,3,1,4
183257,0,1,1,2
183259,0,1,1,2
183261,0,2,1,3
183263,2,13,3,12
183265,0,1,1,2
183267,1,4,2,4
183269,0,3,1,4
183273,0,2,1,3
183277,2,5,3,4
183279,3,7,4,5
183281,0,1,1,2
183283,0,2,1,3
183285,0,3,1,4
183287,7,9,8,3
183289,1,5,2,5
183291,1,1,2,1
183293,0,4,1,5
183295,37,132,38,96
183297,0,1,1,2
183299,0,1,1,2
183301,0,3,1,4
183303,1,5,2,5
183305,0,3,1,4
183307,1,3,2,3
183309,31,86,32,56
183311,0,2,1,3
183313,2,3,3,2
183315,1,4,2,4
183317,1,2,2,2
183319,0,1,1,2
183321,3,8,4,6
183323,13,41,14,29
183325,2,8,3,7
183327,0,1,1,2
183329,3,6,4,4
183331,2,5,3,4
183333,0,2,1,3
183335,1,3,2,3
183337,0,1,1,2
183339,6,14,7,9
183341,1,3,2,3
183343,0,2,1,3
183345,1,4,2,4
183347,1,3,2,3
183349,3,10,4,8
183351,0,1,1,2
183353,5,40,6,36
183355,0,4,1,5
183357,2,2,3,1
183359,0,2,1,3
183361,1,2,2,2
183363,0,1,1,2
183365,1,2,2,2
183369,6,12,7,7
183373,0,2,1,3
183375,0,5,1,6
183377,0,2,1,3
183379,6,18,7,13
183381,4,17,5,14
183383,4,7,5,4
183385,0,3,1,4
183387,1,3,2,3
183389,2,6,3,5
183391,1,3,2,3
183393,1,8,2,8
183395,1,2,2,2
183397,17,37,18,21
183399,0,6,1,7
183401,1,3,2,3
183403,1,7,2,7
183405,0,3,1,4
183407,0,3,1,4
183409,3,5,4,3
183411,3,11,4,9
183413,4,24,5,21
183415,0,1,1,2
183417,2,8,3,7
183419,5,31,6,27
183421,202,641,203,440
183423,111,155,112,45
183425,0,3,1,4
183429,0,5,1,6
183431,1,1,2,1
183433,1,1,2,1
183435,2,5,3,4
183437,56,78,57,23
183439,1,1,2,1
183441,2,5,3,4
183443,0,1,1,2
183445,7,12,8,6
183451,1,1,2,1
183453,0,1,1,2
183455,3,8,4,6
183457,2,33,3,32
183459,0,9,1,10
183461,30,57,31,28
183463,0,1,1,2
183467,0,1,1,2
183469,0,1,1,2
183473,1,1,2,1
183475,2,3,3,2
183477,0,2,1,3
183479,0,1,1,2
183485,0,1,1,2
183487,0,2,1,3
183489,0,8,1,9
183491,0,3,1,4
183493,0,3,1,4
183495,2,6,3,5
183497,11,50,12,40
183499,4,7,5,4
183501,0,7,1,8
183503,0,2,1,3
183507,5,28,6,24
183509,0,4,1,5
183511,1,1,2,1
183513,1,1,2,1
183515,1,4,2,4
183517,2,5,3,4
183519,0,2,1,3
183521,0,2,1,3
183523,0,1,1,2
183527,0,1,1,2
183529,4,15,5,12
183531,0,1,1,2
183533,2,6,3,5
183535,1,2,2,2
183537,0,2,1,3
183539,0,3,1,4
183541,0,1,1,2
183543,0,2,1,3
183547,0,1,1,2
183549,0,1,1,2
183551,0,3,1,4
183553,0,2,1,3
183555,1,2,2,2
183557,1,7,2,7
183559,0,1,1,2
183561,2,3,3,2
183563,3,5,4,3
183565,0,4,1,5
183567,2,11,3,10
183569,1,2,2,2
183571,0,2,1,3
183573,2,5,3,4
183575,2,4,3,3
183577,0,4,1,5
183579,0,2,1,3
183581,0,2,1,3
183583,1,2,2,2
183585,1,1,2,1
183587,0,1,1,2
183589,37,182,38,146
183591,0,3,1,4
183593,3,18,4,16
183595,0,1,1,2
183597,23,53,24,31
183599,1,1,2,1
183601,0,8,1,9
183603,0,1,1,2
183605,1,7,2,7
183607,1,8,2,8
183609,1,10,2,10
183611,611,1358,612,748
183613,100,258,101,159
183615,0,2,1,3
183619,101,288,102,188
183621,0,1,1,2
183623,0,2,1,3
183625,1,5,2,5
183627,0,2,1,3
183629,0,1,1,2
183631,1,10,2,10
183633,3,12,4,10
183635,153,517,154,365
183637,4,5,5,2
183639,0,2,1,3
183641,17,37,18,21
183643,0,3,1,4
183645,1,2,2,2
183649,0,3,1,4
183651,3,19,4,17
183653,0,2,1,3
183655,0,3,1,4
183657,0,1,1,2
183659,1,2,2,2
183661,9,44,10,36
183663,0,1,1,2
183665,0,1,1,2
183667,0,2,1,3
183669,1,3,2,3
183671,21,40,22,20
183675,0,1,1,2
183677,3,5,4,3
183679,1,5,2,5
183681,2,5,3,4
183683,1,5,2,5
183685,0,2,1,3
183687,0,1,1,2
183689,0,1,1,2
183695,15,56,16,42
183697,2,7,3,6
183699,13,30,14,18
183701,44,156,45,113
183703,13,42,14,30
183705,0,2,1,3
183707,0,2,1,3
183709,0,1,1,2
183711,1,3,2,3
183713,1,3,2,3
183715,1,4,2,4
183717,2,3,3,2
183719,0,3,1,4
183721,3,7,4,5
183723,2,6,3,5
183725,0,1,1,2
183727,8,35,9,28
183729,2,4,3,3
183731,0,1,1,2
183735,1,2,2,2
183737,2,6,3,5
183739,7,15,8,9
183741,2,4,3,3
183743,3,6,4,4
183745,0,1,1,2
183747,1,2,2,2
183749,1,1,2,1
183755,0,1,1,2
183757,0,2,1,3
183759,2,4,3,3
183761,1,1,2,1
183763,1,1,2,1
183765,0,5,1,6
183767,5,9,6,5
183771,1,3,2,3
183775,0,1,1,2
183779,0,4,1,5
183781,0,1,1,2
183785,0,1,1,2
183787,0,1,1,2
183789,1,1,2,1
183791,1,2,2,2
183793,1,1,2,1
183795,6,16,7,11
183797,0,2,1,3
183799,0,5,1,6
183801,0,1,1,2
183803,1,6,2,6
183805,0,6,1,7
183807,0,2,1,3
183809,0,2,1,3
183811,2,4,3,3
183813,1,4,2,4
183815,2,67,3,66
183817,5,10,6,6
183819,2,6,3,5
183821,0,1,1,2
183823,0,2,1,3
183825,1,2,2,2
183827,10,36,11,27
183829,1,3,2,3
183831,6,25,7,20
183833,19,125,20,107
183835,0,3,1,4
183837,824,1296,825,473
183839,0,1,1,2
183841,0,2,1,3
183843,202,407,203,206
183845,2,5,3,4
183847,1,12,2,12
183849,2,9,3,8
183851,0,2,1,3
183853,2,7,3,6
183855,10,74,11,65
183857,1,1,2,1
183859,2,4,3,3
183861,0,1,1,2
183863,0,2,1,3
183865,7,34,8,28
183869,755,1313,756,559
183871,0,1,1,2
183873,3,9,4,7
183875,4,7,5,4
183877,0,2,1,3
183879,0,3,1,4
183881,0,1,1,2
183885,0,1,1,2
183889,1,1,2,1
183891,4,22,5,19
183893,4,7,5,4
183895,1,5,2,5
183897,1353,2098,1354,746
183901,1,2,2,2
183903,1,2,2,2
183905,1,3,2,3
183907,2,5,3,4
183909,32,90,33,59
183911,4,40,5,37
183913,6,11,7,6
183915,21,66,22,46
183917,1,3,2,3
183919,0,4,1,5
183921,0,2,1,3
183923,1,3,2,3
183925,0,3,1,4
183927,2,9,3,8
183929,0,1,1,2
183931,0,2,1,3
183933,0,3,1,4
183935,1,3,2,3
183937,0,1,1,2
183939,0,1,1,2
183941,0,4,1,5
183943,3,8,4,6
183945,2,5,3,4
183947,1,1,2,1
183949,0,1,1,2
183951,0,3,1,4
183953,1,4,2,4
183955,7,14,8,8
183959,12,19,13,8
183963,1,1,2,1
183965,0,3,1,4
183967,5,7,6,3
183969,0,3,1,4
183971,0,2,1,3
183973,1,5,2,5
183977,0,2,1,3
183979,7,12,8,6
183981,4,8,5,5
183983,1,7,2,7
183985,7,19,8,13
183987,4,8,5,5
183989,0,2,1,3
183991,0,1,1,2
183995,0,1,1,2
183997,0,2,1,3
183999,2,4,3,3
184001,0,1,1,2
184003,8,14,9,7
184005,1,1,2,1
184007,1,2,2,2
184009,6,34,7,29
184011,4,12,5,9
184013,0,1,1,2
184015,46,163,47,118
184017,31,167,32,137
184019,0,2,1,3
184021,0,2,1,3
184023,54,210,55,157
184025,4,8,5,5
184027,0,1,1,2
184029,0,4,1,5
184031,1,1,2,1
184033,2,3,3,2
184035,0,1,1,2
184039,0,1,1,2
184041,0,3,1,4
184043,1,3,2,3
184045,1,3,2,3
184047,1,2,2,2
184049,1,2,2,2
184051,1,2,2,2
184053,0,4,1,5
184055,0,1,1,2
184057,0,2,1,3
184059,0,2,1,3
184061,2,4,3,3
184065,1,2,2,2
184067,1,4,2,4
184069,13,37,14,25
184071,2,11,3,10
184073,0,1,1,2
184075,0,2,1,3
184077,1,3,2,3
184079,3,9,4,7
184081,0,1,1,2
184083,0,1,1,2
184085,0,7,1,8
184087,2,7,3,6
184089,8,109,9,102
184091,1,2,2,2
184093,0,8,1,9
184095,2,14,3,13
184097,1,8,2,8
184099,4,19,5,16
184101,0,2,1,3
184103,0,2,1,3
184105,0,2,1,3
184107,1,9,2,9
184109,1,3,2,3
184113,4,7,5,4
184115,0,1,1,2
184117,1,3,2,3
184119,13,66,14,54
184123,2,3,3,2
184125,0,2,1,3
184127,4,7,5,4
184129,8,14,9,7
184133,0,1,1,2
184135,5,6,6,2
184137,2,2,3,1
184139,0,2,1,3
184141,1,3,2,3
184143,1,1,2,1
184145,1,1,2,1
184147,2,3,3,2
184149,1,2,2,2
184151,1,2,2,2
184155,0,2,1,3
184157,5,17,6,13
184159,4,5,5,2
184161,0,1,1,2
184165,10,31,11,22
184167,1,2,2,2
184169,6,14,7,9
184173,1,1,2,1
184177,0,2,1,3
184179,1,3,2,3
184181,1,3,2,3
184189,6,31,7,26
184191,3,7,4,5
184193,4,10,5,7
184195,1,2,2,2
184197,2,2,3,1
184199,1,4,2,4
184203,1,2,2,2
184205,1,2,2,2
184207,1,2,2,2
184209,1,2,2,2
184211,8,9,9,2
184213,6,11,7,6
184215,0,2,1,3
184217,0,2,1,3
184219,1,3,2,3
184221,3,5,4,3
184223,4,12,5,9
184225,0,2,1,3
184229,1,10,2,10
184231,0,4,1,5
184233,2,11,3,10
184235,2,5,3,4
184237,1,2,2,2
184239,30,110,31,81
184241,2,6,3,5
184243,0,3,1,4
184247,0,1,1,2
184249,0,12,1,13
184251,2,9,3,8
184253,107,590,108,484
184255,2,8,3,7
184257,279,403,280,125
184259,1,2,2,2
184261,0,2,1,3
184265,6,21,7,16
184267,0,2,1,3
184269,1,10,2,10
184271,0,5,1,6
184273,0,1,1,2
184275,2,11,3,10
184277,0,1,1,2
184279,1,2,2,2
184285,1,4,2,4
184287,1,10,2,10
184289,3,12,4,10
184291,1,10,2,10
184293,1,1,2,1
184295,0,2,1,3
184299,2,3,3,2
184301,0,2,1,3
184303,0,3,1,4
184305,0,2,1,3
184307,1,3,2,3
184309,1,2,2,2
184311,0,2,1,3
184313,0,10,1,11
184315,2,24,3,23
184317,1,3,2,3
184319,0,3,1,4
184321,0,2,1,3
184323,1,2,2,2
184325,0,4,1,5
184327,0,1,1,2
184329,0,2,1,3
184331,0,1,1,2
184335,1,1,2,1
184337,1,3,2,3
184339,0,1,1,2
184341,0,1,1,2
184343,0,2,1,3
184345,2,10,3,9
184347,2,5,3,4
184349,1,7,2,7
184351,1,5,2,5
184353,20,31,21,12
184357,3,7,4,5
184359,0,2,1,3
184361,1,3,2,3
184363,2,6,3,5
184365,0,2,1,3
184367,1,3,2,3
184369,3,5,4,3
184371,1,2,2,2
184373,0,1,1,2
184375,0,1,1,2
184379,4,4,5,1
184381,0,1,1,2
184383,5,7,6,3
184385,1,2,2,2
184387,0,3,1,4
184389,2,4,3,3
184391,0,1,1,2
184393,6,6,7,1
184395,0,2,1,3
184397,0,4,1,5
184399,317,544,318,228
184401,1,12,2,12
184403,0,1,1,2
184405,4,14,5,11
184407,7,14,8,8
184409,0,4,1,5
184411,0,2,1,3
184413,0,2,1,3
184415,2,7,3,6
184417,0,1,1,2
184421,2,10,3,9
184423,5,9,6,5
184427,2,13,3,12
184429,0,1,1,2
184433,0,2,1,3
184435,1,3,2,3
184437,1,1,2,1
184441,0,2,1,3
184443,1,2,2,2
184445,15,32,16,18
184447,0,2,1,3
184451,1,8,2,8
184453,1,5,2,5
184455,2,2,3,1
184459,0,1,1,2
184461,0,5,1,6
184463,1,1,2,1
184467,1,3,2,3
184469,18,61,19,44
184471,161,751,162,591
184473,5,22,6,18
184475,1,1,2,1
184477,1,2,2,2
184479,2,6,3,5
184481,2,4,3,3
184483,1,1,2,1
184485,0,3,1,4
184487,1,4,2,4
184489,0,3,1,4
184491,0,3,1,4
184493,1,7,2,7
184495,1,3,2,3
184497,0,2,1,3
184499,1,2,2,2
184501,2,10,3,9
184503,0,7,1,8
184505,1,5,2,5
184507,0,2,1,3
184509,3,9,4,7
184511,0,1,1,2
184513,0,2,1,3
184515,1,4,2,4
184517,2,8,3,7
184519,0,2,1,3
184521,1,4,2,4
184525,0,3,1,4
184527,0,1,1,2
184529,0,2,1,3
184535,1,2,2,2
184537,2,2,3,1
184539,1,5,2,5
184541,1,1,2,1
184543,0,1,1,2
184545,1,3,2,3
184547,0,2,1,3
184549,0,2,1,3
184551,1,5,2,5
184555,2,3,3,2
184557,2,2,3,1
184559,2,2,3,1
184561,2,14,3,13
184563,1,3,2,3
184565,1,4,2,4
184567,0,3,1,4
184569,0,3,1,4
184571,4,10,5,7
184573,3,8,4,6
184575,4,7,5,4
184577,2,7,3,6
184579,2,6,3,5
184583,4,10,5,7
184585,0,2,1,3
184587,0,3,1,4
184589,2,4,3,3
184591,0,1,1,2
184593,1,4,2,4
184595,0,2,1,3
184597,1,1,2,1
184599,3,13,4,11
184601,1,1,2,1
184603,0,1,1,2
184605,1,2,2,2
184607,0,1,1,2
184609,2,6,3,5
184611,0,2,1,3
184613,2,3,3,2
184615,0,2,1,3
184617,1,1,2,1
184619,4,9,5,6
184621,1,2,2,2
184623,20,77,21,58
184625,4,9,5,6
184627,0,2,1,3
184629,0,5,1,6
184631,1,4,2,4
184633,1,3,2,3
184635,0,4,1,5
184637,8,34,9,27
184639,2,2,3,1
184641,3,32,4,30
184643,1,1,2,1
184647,1,5,2,5
184649,0,4,1,5
184651,0,3,1,4
184653,1,1,2,1
184655,0,1,1,2
184657,0,1,1,2
184659,1,4,2,4
184661,0,2,1,3
184663,1,2,2,2
184667,0,6,1,7
184669,1,1,2,1
184673,0,1,1,2
184675,1,7,2,7
184681,1,4,2,4
184683,0,1,1,2
184685,1,5,2,5
184687,1,12,2,12
184689,4,14,5,11
184691,0,1,1,2
184693,2,8,3,7
184697,0,3,1,4
184699,0,2,1,3
184701,0,3,1,4
184703,1,2,2,2
184705,0,5,1,6
184707,1,5,2,5
184709,1,5,2,5
184713,1,7,2,7
184715,1,5,2,5
184717,3,4,4,2
184719,0,4,1,5
184721,205,363,206,159
184723,1,2,2,2
184725,0,3,1,4
184729,0,1,1,2
184731,0,10,1,11
184733,1,2,2,2
184735,1,1,2,1
184739,6,18,7,13
184741,3,23,4,21
184743,1,1,2,1
184745,0,1,1,2
184747,0,1,1,2
184749,2,2,3,1
184751,0,2,1,3
184753,2,4,3,3
184755,0,1,1,2
184759,0,2,1,3
184763,0,1,1,2
184765,1,2,2,2
184767,0,1,1,2
184769,1,1,2,1
184771,0,1,1,2
184779,0,3,1,4
184781,1,2,2,2
184783,1,2,2,2
184785,1,6,2,6
184787,4,5,5,2
184789,1,1,2,1
184791,6,21,7,16
184793,4,15,5,12
184795,3,10,4,8
184797,9,28,10,20
184799,1,1,2,1
184801,1,5,2,5
184803,0,6,1,7
184805,0,1,1,2
184807,5,10,6,6
184809,0,1,1,2
184811,0,1,1,2
184813,1,6,2,6
184815,1,1,2,1
184817,0,1,1,2
184821,2,2,3,1
184823,0,1,1,2
184825,0,8,1,9
184827,1,2,2,2
184829,3,10,4,8
184831,1,5,2,5
184833,0,2,1,3
184835,8,17,9,10
184839,0,1,1,2
184841,0,2,1,3
184845,1,6,2,6
184847,0,1,1,2
184849,0,1,1,2
184851,0,1,1,2
184853,0,2,1,3
184855,4,5,5,2
184857,1,1,2,1
184859,1,1,2,1
184861,0,3,1,4
184865,10,44,11,35
184867,2,11,3,10
184869,0,4,1,5
184871,1,2,2,2
184873,0,1,1,2
184875,0,3,1,4
184877,0,1,1,2
184883,1,1,2,1
184885,1,3,2,3
184887,1,4,2,4
184889,0,2,1,3
184891,2,7,3,6
184893,1,3,2,3
184895,0,2,1,3
184897,0,1,1,2
184899,0,2,1,3
184901,0,1,1,2
184903,2,2,3,1
184905,0,2,1,3
184907,0,6,1,7
184909,2,9,3,8
184911,0,1,1,2
184913,1,6,2,6
184917,1,4,2,4
184919,1,3,2,3
184921,1,2,2,2
184923,3,4,4,2
184925,13,45,14,33
184927,1,5,2,5
184929,2,3,3,2
184931,58,211,59,154
184933,1,3,2,3
184935,1,2,2,2
184937,5,13,6,9
184939,0,2,1,3
184941,5,10,6,6
184943,0,2,1,3
184945,1,2,2,2
184947,0,1,1,2
184949,0,1,1,2
184951,0,1,1,2
184953,1,2,2,2
184955,1,2,2,2
184959,0,5,1,6
184961,1,2,2,2
184963,0,3,1,4
184965,0,4,1,5
184967,1,3,2,3
184971,3,7,4,5
184973,0,2,1,3
184975,0,3,1,4
184977,2,3,3,2
184979,0,3,1,4
184981,0,1,1,2
184983,2,4,3,3
184985,0,1,1,2
184987,19,228,20,210
184989,8,20,9,13
184991,2,5,3,4
184993,4,7,5,4
184995,1,1,2,1
184997,297,534,298,238
184999,47,129,48,83
185001,41,192,42,152
185003,5,14,6,10
185005,0,6,1,7
185009,0,1,1,2
185013,26,43,27,18
185015,0,1,1,2
185017,1,3,2,3
185019,0,1,1,2
185021,0,1,1,2
185025,5,22,6,18
185027,0,2,1,3
185029,1271,2276,1272,1006
185031,64,179,65,116
185033,31,134,32,104
185035,6,12,7,7
185037,2,5,3,4
185039,4,14,5,11
185041,6,9,7,4
185043,1,2,2,2
185045,1,2,2,2
185047,1,3,2,3
185049,1,2,2,2
185051,5,8,6,4
185053,0,1,1,2
185055,0,1,1,2
185057,0,3,1,4
185059,0,2,1,3
185061,1,2,2,2
185063,0,1,1,2
185065,0,2,1,3
185067,0,1,1,2
185069,0,2,1,3
185071,1,2,2,2
185073,1,2,2,2
185075,1,6,2,6
185077,2,4,3,3
185079,1,2,2,2
185081,6,9,7,4
185083,4,4,5,1
185085,1,1,2,1
185087,2,5,3,4
185089,0,4,1,5
185101,0,1,1,2
185103,0,1,1,2
185105,0,2,1,3
185107,0,2,1,3
185109,50,124,51,75
185111,0,2,1,3
185113,2,2,3,1
185115,0,3,1,4
185117,2,7,3,6
185119,0,1,1,2
185121,1,3,2,3
185123,0,2,1,3
185125,0,1,1,2
185127,0,2,1,3
185129,0,2,1,3
185131,0,1,1,2
185133,1,2,2,2
185137,0,2,1,3
185139,1,2,2,2
185141,0,2,1,3
185143,0,2,1,3
185145,1,2,2,2
185147,1,1,2,1
185149,0,2,1,3
185151,0,1,1,2
185153,0,2,1,3
185155,1,3,2,3
185157,1,1,2,1
185159,1,3,2,3
185161,1,3,2,3
185163,0,1,1,2
185165,0,2,1,3
185167,3,6,4,4
185169,11,58,12,48
185171,5,47,6,43
185179,1,1,2,1
185181,2,3,3,2
185187,1,2,2,2
185189,0,1,1,2
185191,1,2,2,2
185193,2,3,3,2
185197,0,1,1,2
185199,0,2,1,3
185201,0,1,1,2
185205,1,1,2,1
185213,2,2,3,1
185215,7,14,8,8
185217,3,5,4,3
185221,0,1,1,2
185223,2,2,3,1
185225,0,1,1,2
185227,0,1,1,2
185229,0,3,1,4
185231,13,26,14,14
185233,0,1,1,2
185235,3,3,4,1
185237,1,1,2,1
185239,0,1,1,2
185245,1,1,2,1
185247,0,1,1,2
185251,0,1,1,2
185253,0,2,1,3
185259,1,4,2,4
185261,1,3,2,3
185263,1,1,2,1
185265,1,2,2,2
185267,1,8,2,8
185271,0,2,1,3
185273,0,6,1,7
185275,1,7,2,7
185277,0,2,1,3
185279,2,7,3,6
185281,0,2,1,3
185283,0,4,1,5
185285,5,15,6,11
185287,8,12,9,5
185289,0,1,1,2
185291,1,1,2,1
185293,0,6,1,7
185295,13,59,14,47
185297,1,4,2,4
185299,0,3,1,4
185301,0,1,1,2
185303,0,3,1,4
185305,1,1,2,1
185307,0,6,1,7
185309,0,7,1,8
185311,0,2,1,3
185313,8,33,9,26
185315,4,12,5,9
185317,0,3,1,4
185319,35,83,36,49
185321,1,2,2,2
185323,2,5,3,4
185325,1,3,2,3
185329,1,3,2,3
185331,1,1,2,1
185335,2,16,3,15
185337,3,5,4,3
185339,0,1,1,2
185341,5,10,6,6
185343,0,2,1,3
185347,4,14,5,11
185349,0,4,1,5
185351,0,5,1,6
185353,5,20,6,16
185355,0,2,1,3
185357,0,3,1,4
185359,0,3,1,4
185361,0,3,1,4
185365,4,10,5,7
185367,3,10,4,8
185369,3,10,4,8
185371,1,5,2,5
185373,1,2,2,2
185375,0,4,1,5
185377,0,3,1,4
185381,0,1,1,2
185383,2,3,3,2
185385,31,65,32,35
185387,1,6,2,6
185391,1,2,2,2
185393,0,1,1,2
185401,0,1,1,2
185405,2,3,3,2
185411,3,4,4,2
185415,3,6,4,4
185419,0,1,1,2
185421,0,3,1,4
185423,3,11,4,9
185425,9,113,10,105
185427,2,15,3,14
185429,1,9,2,9
185431,4,11,5,8
185433,4,15,5,12
185435,12,94,13,83
185437,8,32,9,25
185439,5,14,6,10
185441,0,1,1,2
185443,36,74,37,39
185459,0,1,1,2
185465,1,2,2,2
185467,1,3,2,3
185469,0,1,1,2
185471,4,9,5,6
185473,89,322,90,234
185475,11,21,12,11
185477,0,1,1,2
185479,1,2,2,2
185481,16,67,17,52
185483,1,3,2,3
185487,1,4,2,4
185489,0,1,1,2
185493,0,6,1,7
185497,1,1,2,1
185499,0,1,1,2
185501,1,1,2,1
185503,1,2,2,2
185513,0,6,1,7
185515,2,3,3,2
185517,0,1,1,2
185519,2,7,3,6
185521,0,2,1,3
185523,1,3,2,3
185525,1,5,2,5
185527,0,3,1,4
185531,0,2,1,3
185533,1,3,2,3
185535,0,2,1,3
185537,5,17,6,13
185539,6,20,7,15
185541,3,7,4,5
185543,0,1,1,2
185545,3,18,4,16
185547,0,2,1,3
185549,0,2,1,3
185551,0,1,1,2
185553,0,1,1,2
185557,0,2,1,3
185561,1,3,2,3
185563,1,2,2,2
185565,0,3,1,4
185567,0,3,1,4
185569,6,50,7,45
185571,22,42,23,21
185573,1,4,2,4
185575,1,10,2,10
185577,1,4,2,4
185579,5,10,6,6
185581,1,4,2,4
185583,1,3,2,3
185585,105,523,106,419
185587,0,3,1,4
185591,0,2,1,3
185593,1,2,2,2
185595,0,1,1,2
185597,3,14,4,12
185599,0,1,1,2
185601,8,18,9,11
185603,0,1,1,2
185605,0,2,1,3
185609,2,4,3,3
185611,0,2,1,3
185613,1,3,2,3
185617,1,1,2,1
185619,0,3,1,4
185621,2,3,3,2
185623,0,3,1,4
185625,0,2,1,3
185627,1,2,2,2
185629,0,2,1,3
185631,1,2,2,2
185633,0,1,1,2
185635,2,2,3,1
185637,1,2,2,2
185639,0,2,1,3
185641,1,1,2,1
185643,1,4,2,4
185645,3,6,4,4
185647,5,8,6,4
185649,2,3,3,2
185651,2,3,3,2
185653,3,4,4,2
185655,2,5,3,4
185657,1,3,2,3
185659,2,6,3,5
185661,1,2,2,2
185663,3,7,4,5
185665,3,6,4,4
185667,2,3,3,2
185669,8,13,9,6
185671,2,3,3,2
185673,0,3,1,4
185675,0,3,1,4
185677,3,3,4,1
185679,1,4,2,4
185681,2,4,3,3
185683,4,14,5,11
185685,0,2,1,3
185687,0,2,1,3
185689,0,1,1,2
185691,0,3,1,4
185693,0,1,1,2
185695,0,2,1,3
185697,1,3,2,3
185699,0,1,1,2
185701,0,2,1,3
185703,0,2,1,3
185705,2,4,3,3
185707,0,3,1,4
185709,2,9,3,8
185711,0,6,1,7
185713,2,2,3,1
185715,2,7,3,6
185717,0,3,1,4
185719,1,2,2,2
185721,1,1,2,1
185723,0,2,1,3
185725,0,1,1,2
185727,1,1,2,1
185729,2,6,3,5
185731,1,2,2,2
185733,0,2,1,3
185737,2,4,3,3
185739,0,2,1,3
185741,0,4,1,5
185743,0,1,1,2
185745,2,5,3,4
185749,0,2,1,3
185751,0,1,1,2
185753,0,1,1,2
185755,0,3,1,4
185757,1,4,2,4
185759,2,13,3,12
185761,1,1,2,1
185763,1,2,2,2
185765,1,1,2,1
185767,1,5,2,5
185769,3,8,4,6
185773,0,1,1,2
185775,0,1,1,2
185777,0,5,1,6
185779,0,1,1,2
185783,1,2,2,2
185785,1,5,2,5
185787,0,1,1,2
185789,0,1,1,2
185791,1,5,2,5
185793,1,8,2,8
185795,0,3,1,4
185797,1,1,2,1
185799,2,3,3,2
185803,1,2,2,2
185807,0,1,1,2
185809,0,3,1,4
185813,1,2,2,2
185815,1,2,2,2
185817,0,2,1,3
185819,2,4,3,3
185821,2,5,3,4
185823,0,1,1,2
185825,0,1,1,2
185827,0,1,1,2
185829,0,4,1,5
185835,1,1,2,1
185837,0,1,1,2
185839,0,3,1,4
185841,12,35,13,24
185843,0,1,1,2
185845,1,5,2,5
185847,0,1,1,2
185849,0,2,1,3
185851,4,17,5,14
185853,0,3,1,4
185857,1,3,2,3
185859,0,2,1,3
185861,0,1,1,2
185865,2,2,3,1
185867,1,1,2,1
185869,6,39,7,34
185871,2,2,3,1
185873,1,1,2,1
185875,0,1,1,2
185877,2,5,3,4
185879,0,1,1,2
185881,1,1,2,1
185883,1,5,2,5
185887,0,2,1,3
185889,0,1,1,2
185891,1,3,2,3
185893,1,1,2,1
185895,1,2,2,2
185897,1,1,2,1
185899,1,3,2,3
185901,1,5,2,5
185903,1,3,2,3
185905,7,34,8,28
185909,1,1,2,1
185913,0,1,1,2
185915,0,1,1,2
185917,0,3,1,4
185919,0,1,1,2
185921,1,2,2,2
185923,0,2,1,3
185925,2,2,3,1
185927,168,241,169,74
185931,0,2,1,3
185933,0,1,1,2
185935,0,2,1,3
185937,0,1,1,2
185939,0,2,1,3
185941,1,1,2,1
185943,0,1,1,2
185947,1,7,2,7
185949,1,2,2,2
185951,1,4,2,4
185953,0,2,1,3
185955,0,1,1,2
185957,2,11,3,10
185959,1,3,2,3
185961,0,1,1,2
185963,0,2,1,3
185965,0,2,1,3
185969,2,5,3,4
185971,1,4,2,4
185973,0,1,1,2
185975,3,12,4,10
185977,11,62,12,52
185979,27,104,28,78
185981,2,29,3,28
185983,1,8,2,8
185985,0,3,1,4
185987,45,87,46,43
185989,20,112,21,93
185991,3,17,4,15
185995,3,5,4,3
185997,27,103,28,77
185999,17,41,18,25
186001,2,25,3,24
186003,12,38,13,27
186005,19,87,20,69
186007,2,3,3,2
186009,2,5,3,4
186011,1,1,2,1
186013,0,2,1,3
186015,1,1,2,1
186017,1,1,2,1
186021,1,2,2,2
186025,0,1,1,2
186027,0,1,1,2
186029,0,1,1,2
186033,0,4,1,5
186037,2,3,3,2
186039,3,6,4,4
186041,0,1,1,2
186045,3,11,4,9
186047,0,1,1,2
186049,0,1,1,2
186053,1,4,2,4
186057,2,5,3,4
186059,1,4,2,4
186061,0,1,1,2
186065,0,2,1,3
186071,0,2,1,3
186073,2,4,3,3
186079,1,2,2,2
186081,0,3,1,4
186087,0,1,1,2
186091,0,2,1,3
186093,0,1,1,2
186101,0,1,1,2
186103,1,2,2,2
186109,0,2,1,3
186113,0,1,1,2
186117,1,1,2,1
186119,1,1,2,1
186121,1,7,2,7
186125,2,6,3,5
186127,1,4,2,4
186129,0,1,1,2
186135,1,3,2,3
186139,0,1,1,2
186145,1,2,2,2
186147,1,1,2,1
186155,0,1,1,2
186157,0,1,1,2
186159,3,4,4,2
186165,1,1,2,1
186169,1,3,2,3
186171,1,5,2,5
186173,0,2,1,3
186175,0,1,1,2
186177,4,14,5,11
186179,0,1,1,2
186181,0,1,1,2
186183,0,3,1,4
186185,0,1,1,2
186187,0,1,1,2
186189,0,1,1,2
186195,0,4,1,5
186197,3,6,4,4
186199,0,2,1,3
186203,1,1,2,1
186205,1,4,2,4
186207,1,5,2,5
186209,2,3,3,2
186211,0,1,1,2
186213,3,6,4,4
186217,0,1,1,2
186219,0,1,1,2
186221,0,2,1,3
186223,1,1,2,1
186225,3,3,4,1
186227,3,6,4,4
186229,1,2,2,2
186233,1,1,2,1
186235,1,1,2,1
186237,0,1,1,2
186239,0,2,1,3
186241,1,1,2,1
186243,0,1,1,2
186245,2,3,3,2
186247,2,8,3,7
186249,5,22,6,18
186251,4,20,5,17
186253,11,23,12,13
186255,1,1,2,1
186257,1,3,2,3
186259,1,3,2,3
186263,10,33,11,24
186265,0,1,1,2
186267,1,3,2,3
186269,2,3,3,2
186271,1,4,2,4
186273,0,3,1,4
186275,6,8,7,3
186277,0,11,1,12
186279,0,4,1,5
186281,1,2,2,2
186283,0,1,1,2
186285,0,1,1,2
186287,0,1,1,2
186289,0,2,1,3
186291,0,2,1,3
186293,0,1,1,2
186295,0,2,1,3
186297,1,2,2,2
186299,1,3,2,3
186301,0,1,1,2
186303,0,1,1,2
186305,16,45,17,30
186309,1,1,2,1
186311,58,106,59,49
186313,1,2,2,2
186315,0,2,1,3
186317,1,5,2,5
186319,0,4,1,5
186321,2,4,3,3
186323,0,4,1,5
186325,1,4,2,4
186327,2,5,3,4
186329,3,8,4,6
186331,3,15,4,13
186333,4,9,5,6
186335,2,5,3,4
186337,0,2,1,3
186339,9,44,10,36
186341,12,22,13,11
186343,1,5,2,5
186345,7,11,8,5
186347,6,7,7,2
186349,4,8,5,5
186351,4,17,5,14
186355,0,2,1,3
186357,1,3,2,3
186359,0,1,1,2
186361,2,6,3,5
186363,11,21,12,11
186365,7,15,8,9
186367,2,8,3,7
186369,0,1,1,2
186371,1,1,2,1
186373,0,1,1,2
186375,0,1,1,2
186377,0,1,1,2
186379,0,2,1,3
186381,8,19,9,12
186383,2,8,3,7
186385,0,2,1,3
186387,0,1,1,2
186389,1,4,2,4
186391,1,4,2,4
186393,0,7,1,8
186395,1,1,2,1
186397,0,1,1,2
186399,0,1,1,2
186403,0,3,1,4
186405,0,2,1,3
186407,1,2,2,2
186409,1,3,2,3
186411,0,1,1,2
186413,1,3,2,3
186415,1,4,2,4
186417,0,2,1,3
186419,1,3,2,3
186421,2,3,3,2
186423,0,2,1,3
186425,0,1,1,2
186427,1,3,2,3
186429,1,5,2,5
186431,0,5,1,6
186433,0,1,1,2
186435,1,5,2,5
186437,2,6,3,5
186439,0,1,1,2
186441,0,3,1,4
186443,0,3,1,4
186445,0,1,1,2
186447,0,2,1,3
186449,0,3,1,4
186451,0,1,1,2
186453,0,2,1,3
186455,0,3,1,4
186457,0,2,1,3
186459,0,2,1,3
186461,0,1,1,2
186463,1,3,2,3
186465,0,2,1,3
186467,2,5,3,4
186469,1,2,2,2
186471,1,2,2,2
186473,0,2,1,3
186475,0,1,1,2
186477,0,1,1,2
186479,1,5,2,5
186481,1,2,2,2
186483,0,1,1,2
186485,1,1,2,1
186487,1,1,2,1
186489,1,1,2,1
186491,1,3,2,3
186493,0,3,1,4
186495,3,13,4,11
186497,0,1,1,2
186499,9,16,10,8
186501,0,1,1,2
186503,1,1,2,1
186505,1,2,2,2
186507,1,1,2,1
186509,0,3,1,4
186511,0,1,1,2
186513,0,1,1,2
186515,0,2,1,3
186517,0,1,1,2
186519,0,3,1,4
186521,1,2,2,2
186523,1,2,2,2
186529,0,2,1,3
186531,1,5,2,5
186533,5,14,6,10
186535,1,1,2,1
186537,0,2,1,3
186539,6,25,7,20
186541,2,10,3,9
186543,0,8,1,9
186545,0,2,1,3
186547,1,1,2,1
186549,1,9,2,9
186551,1,4,2,4
186553,0,1,1,2
186555,2,15,3,14
186557,3,4,4,2
186559,1,2,2,2
186561,1,1,2,1
186563,0,2,1,3
186565,6,13,7,8
186567,1,6,2,6
186569,1,4,2,4
186571,0,1,1,2
186573,11,18,12,8
186575,1,2,2,2
186577,1,2,2,2
186579,3,9,4,7
186581,0,3,1,4
186583,0,2,1,3
186585,5,15,6,11
186587,84,452,85,369
186589,0,3,1,4
186591,0,1,1,2
186593,2,4,3,3
186595,1,1,2,1
186597,1,2,2,2
186599,1,5,2,5
186601,1,2,2,2
186603,0,3,1,4
186605,0,2,1,3
186607,3,7,4,5
186609,0,2,1,3
186611,1,2,2,2
186613,0,8,1,9
186615,0,3,1,4
186617,1,7,2,7
186619,0,1,1,2
186621,1,2,2,2
186625,1,1,2,1
186627,0,1,1,2
186629,0,2,1,3
186631,24,74,25,51
186633,1,3,2,3
186635,0,2,1,3
186637,0,2,1,3
186639,0,3,1,4
186641,2,6,3,5
186643,0,2,1,3
186645,0,2,1,3
186647,1,1,2,1
186649,0,2,1,3
186651,1,3,2,3
186653,0,2,1,3
186655,0,2,1,3
186657,1,1,2,1
186659,0,2,1,3
186661,0,2,1,3
186663,0,3,1,4
186665,0,2,1,3
186667,1,2,2,2
186669,0,1,1,2
186671,0,1,1,2
186673,0,1,1,2
186675,0,1,1,2
186677,0,2,1,3
186679,0,1,1,2
186681,0,1,1,2
186683,0,1,1,2
186685,0,2,1,3
186687,0,2,1,3
186689,1,3,2,3
186691,0,1,1,2
186693,0,1,1,2
186695,0,1,1,2
186697,0,1,1,2
186699,0,4,1,5
186701,0,1,1,2
186703,1,2,2,2
186705,0,2,1,3
186707,1,3,2,3
186709,1,5,2,5
186711,0,2,1,3
186713,0,5,1,6
186715,1,3,2,3
186717,1,2,2,2
186719,0,1,1,2
186721,1,2,2,2
186723,0,1,1,2
186725,0,3,1,4
186727,0,1,1,2
186729,0,2,1,3
186731,0,1,1,2
186733,1,1,2,1
186735,0,1,1,2
186739,1,2,2,2
186743,0,1,1,2
186747,0,1,1,2
186749,7,9,8,3
186751,1,4,2,4
186753,0,3,1,4
186755,1,3,2,3
186757,0,1,1,2
186759,0,1,1,2
186761,2,9,3,8
186763,4,8,5,5
186765,0,1,1,2
186767,1,2,2,2
186769,0,2,1,3
186771,0,1,1,2
186773,2,6,3,5
186775,0,2,1,3
186777,6,11,7,6
186779,2,4,3,3
186781,0,4,1,5
186783,3,6,4,4
186785,1,4,2,4
186787,1,2,2,2
186789,0,1,1,2
186791,0,1,1,2
186793,1,5,2,5
186795,0,1,1,2
186797,0,3,1,4
186799,0,4,1,5
186801,0,3,1,4
186803,0,4,1,5
186805,0,4,1,5
186807,0,1,1,2
186809,1,5,2,5
186811,0,3,1,4
186813,0,4,1,5
186815,0,5,1,6
186817,0,1,1,2
186819,2,2,3,1
186821,2,5,3,4
186823,2,2,3,1
186825,0,2,1,3
186827,0,1,1,2
186829,0,2,1,3
186831,0,2,1,3
186833,0,3,1,4
186835,0,3,1,4
186837,1,4,2,4
186839,0,2,1,3
186841,2,6,3,5
186843,1,2,2,2
186845,1,2,2,2
186847,1,2,2,2
186851,0,2,1,3
186853,0,2,1,3
186855,0,2,1,3
186857,0,1,1,2
186859,1,2,2,2
186861,0,4,1,5
186863,31,93,32,63
186865,1,2,2,2
186867,1,1,2,1
186869,0,1,1,2
186871,3,5,4,3
186873,2,5,3,4
186875,1,5,2,5
186877,0,2,1,3
186879,1,2,2,2
186881,0,2,1,3
186883,1,3,2,3
186885,0,2,1,3
186887,1,1,2,1
186889,0,1,1,2
186891,0,1,1,2
186893,0,1,1,2
186895,0,3,1,4
186899,0,1,1,2
186901,0,1,1,2
186903,2,10,3,9
186905,5,26,6,22
186907,1,7,2,7
186909,0,1,1,2
186911,0,2,1,3
186913,0,1,1,2
186915,0,1,1,2
186917,1,1,2,1
186919,2,2,3,1
186921,0,1,1,2
186923,3,3,4,1
186925,2,2,3,1
186927,0,1,1,2
186929,1,2,2,2
186931,1,4,2,4
186933,3,8,4,6
186935,1,12,2,12
186937,0,3,1,4
186939,1,5,2,5
186941,0,2,1,3
186943,0,2,1,3
186945,0,2,1,3
186947,15,51,16,37
186949,7,17,8,11
186951,0,1,1,2
186953,25,68,26,44
186955,1,30,2,30
186957,1,2,2,2
186959,0,2,1,3
186961,2,7,3,6
186963,0,2,1,3
186965,0,1,1,2
186967,0,3,1,4
186971,0,1,1,2
186973,0,6,1,7
186975,0,1,1,2
186977,0,1,1,2
186979,1,3,2,3
186981,0,2,1,3
186983,127,231,128,105
186985,19,85,20,67
186989,1,1,2,1
186991,1,4,2,4
186993,3,10,4,8
186995,0,1,1,2
186997,0,1,1,2
186999,0,3,1,4
187001,2,41,3,40
187003,0,1,1,2
187005,1,3,2,3
187007,0,2,1,3
187009,0,1,1,2
187011,1,2,2,2
187013,1,1,2,1
187015,0,1,1,2
187017,1,1,2,1
187019,1,2,2,2
187021,0,1,1,2
187023,31,67,32,37
187025,5,7,6,3
187027,3,5,4,3
187029,2,4,3,3
187031,199,904,200,706
187035,1,2,2,2
187037,2,5,3,4
187041,1,2,2,2
187043,2,9,3,8
187045,2,6,3,5
187047,1,1,2,1
187049,2,2,3,1
187051,13,28,14,16
187053,1,3,2,3
187057,2,5,3,4
187059,0,2,1,3
187065,2,3,3,2
187067,26,127,27,102
187069,7,31,8,25
187071,0,1,1,2
187073,1,3,2,3
187075,1,6,2,6
187077,0,5,1,6
187079,0,4,1,5
187081,1,5,2,5
187083,1,2,2,2
187085,4,17,5,14
187087,1,1,2,1
187089,1,1,2,1
187091,1,1,2,1
187093,0,3,1,4
187095,3,7,4,5
187097,2,9,3,8
187101,1,3,2,3
187103,0,2,1,3
187107,0,3,1,4
187109,4,33,5,30
187111,0,3,1,4
187113,1,2,2,2
187115,0,3,1,4
187117,0,1,1,2
187119,0,1,1,2
187121,1,2,2,2
187123,5,16,6,12
187125,1,3,2,3
187127,6,16,7,11
187129,1,2,2,2
187131,1,2,2,2
187133,2,4,3,3
187135,0,2,1,3
187137,0,1,1,2
187139,2,5,3,4
187141,0,2,1,3
187143,0,2,1,3
187145,10,18,11,9
187147,0,2,1,3
187149,5,8,6,4
187151,1,3,2,3
187153,0,5,1,6
187155,1,1,2,1
187157,1,3,2,3
187159,2,5,3,4
187161,2,2,3,1
187163,1,3,2,3
187165,0,1,1,2
187167,7,19,8,13
187169,3,5,4,3
187171,2,9,3,8
187173,0,1,1,2
187175,0,1,1,2
187177,1,1,2,1
187179,0,2,1,3
187183,0,3,1,4
187185,1,3,2,3
187187,0,3,1,4
187191,0,1,1,2
187193,1,3,2,3
187195,1,2,2,2
187197,0,5,1,6
187199,1,2,2,2
187201,1,3,2,3
187203,1,4,2,4
187205,1,1,2,1
187209,0,1,1,2
187211,1,3,2,3
187213,6,28,7,23
187215,1,18,2,18
187217,2,6,3,5
187219,0,4,1,5
187221,0,2,1,3
187225,0,3,1,4
187229,7,21,8,15
187231,110,227,111,118
187235,0,1,1,2
187239,0,1,1,2
187241,0,3,1,4
187245,3,5,4,3
187247,1,4,2,4
187249,1,2,2,2
187251,0,2,1,3
187253,1,3,2,3
187255,1,5,2,5
187257,1,3,2,3
187259,1,10,2,10
187261,2,4,3,3
187263,4,7,5,4
187265,2,4,3,3
187267,1,3,2,3
187269,0,1,1,2
187271,0,2,1,3
187273,2,5,3,4
187275,0,2,1,3
187277,0,4,1,5
187279,3,5,4,3
187281,3,10,4,8
187283,14,21,15,8
187285,1,3,2,3
187287,1,4,2,4
187289,1,4,2,4
187291,0,2,1,3
187293,0,1,1,2
187295,2,5,3,4
187297,0,2,1,3
187299,3,9,4,7
187301,3,7,4,5
187303,1,4,2,4
187305,5,10,6,6
187307,1,5,2,5
187309,8,41,9,34
187311,2,13,3,12
187317,1,5,2,5
187319,0,3,1,4
187321,4,6,5,3
187323,9,18,10,10
187325,5,10,6,6
187327,1,3,2,3
187329,3,12,4,10
187331,2,5,3,4
187333,0,1,1,2
187335,1,4,2,4
187337,1,5,2,5
187339,1,4,2,4
187341,0,3,1,4
187343,0,2,1,3
187345,1,4,2,4
187347,1,6,2,6
187349,1,2,2,2
187351,2,4,3,3
187353,2,7,3,6
187355,5,13,6,9
187357,0,2,1,3
187359,1,5,2,5
187361,0,4,1,5
187363,0,1,1,2
187365,0,2,1,3
187367,0,2,1,3
187369,3,7,4,5
187371,0,2,1,3
187373,0,2,1,3
187375,1,6,2,6
187377,0,6,1,7
187379,0,3,1,4
187381,1,5,2,5
187383,0,4,1,5
187385,1,7,2,7
187387,0,2,1,3
187389,0,8,1,9
187391,1,4,2,4
187393,2,5,3,4
187395,1,7,2,7
187397,0,6,1,7
187399,0,1,1,2
187401,0,2,1,3
187403,0,4,1,5
187405,1,2,2,2
187407,0,5,1,6
187409,1,8,2,8
187411,0,2,1,3
187413,0,2,1,3
187415,0,6,1,7
187417,0,2,1,3
187419,2,4,3,3
187421,0,2,1,3
187423,1,3,2,3
187425,0,1,1,2
187427,1,2,2,2
187429,7,20,8,14
187431,0,2,1,3
187433,2,8,3,7
187435,0,2,1,3
187437,0,2,1,3
187439,0,1,1,2
187441,0,2,1,3
187443,0,1,1,2
187445,0,3,1,4
187447,0,4,1,5
187449,3,10,4,8
187451,0,3,1,4
187453,0,2,1,3
187455,3,18,4,16
187457,4,12,5,9
187459,1,4,2,4
187461,2,7,3,6
187463,3,17,4,15
187465,3,6,4,4
187467,3,4,4,2
187469,1,1,2,1
187471,1,3,2,3
187473,3,3,4,1
187475,0,1,1,2
187477,1,1,2,1
187479,5,9,6,5
187481,2,4,3,3
187483,1,1,2,1
187485,2,3,3,2
187487,0,1,1,2
187489,1,2,2,2
187493,7,15,8,9
187495,10,32,11,23
187497,0,1,1,2
187501,161,322,162,162
187503,1,5,2,5
187505,126,298,127,173
187507,3,12,4,10
187509,0,1,1,2
187511,1,6,2,6
187513,1,1,2,1
187515,1,4,2,4
187517,5,7,6,3
187519,0,3,1,4
187521,0,8,1,9
187523,10,19,11,10
187525,0,1,1,2
187527,3,4,4,2
187529,1,4,2,4
187531,53,84,54,32
187533,2,3,3,2
187535,0,1,1,2
187537,2,2,3,1
187539,1,3,2,3
187541,1569,2870,1570,1302
187543,2,4,3,3
187545,3,6,4,4
187547,1,3,2,3
187549,2,2,3,1
187551,0,1,1,2
187553,1,3,2,3
187555,0,2,1,3
187557,1,3,2,3
187559,2,5,3,4
187561,7,15,8,9
187563,0,3,1,4
187565,0,1,1,2
187567,0,1,1,2
187569,0,2,1,3
187571,1,3,2,3
187573,1,2,2,2
187575,1,2,2,2
187577,2,15,3,14
187579,3,11,4,9
187581,1,1,2,1
187583,7,10,8,4
187585,1,1,2,1
187587,0,2,1,3
187589,0,1,1,2
187591,1,4,2,4
187593,2525,4249,2526,1725
187595,539,1508,540,970
187597,0,1,1,2
187599,2,2,3,1
187601,69,235,70,167
187603,6,9,7,4
187605,1,1,2,1
187607,0,1,1,2
187609,1,1,2,1
187611,57,140,58,84
187613,78,200,79,123
187615,0,1,1,2
187617,0,3,1,4
187619,2,3,3,2
187621,3,4,4,2
187623,2,4,3,3
187625,0,1,1,2
187629,1,7,2,7
187631,1,4,2,4
187641,1,4,2,4
187643,0,4,1,5
187645,0,1,1,2
187649,1,5,2,5
187651,1,2,2,2
187653,0,1,1,2
187655,2,8,3,7
187663,1,2,2,2
187665,0,1,1,2
187667,0,1,1,2
187669,0,1,1,2
187671,1,1,2,1
187673,0,1,1,2
187675,0,1,1,2
187677,1,1,2,1
187679,0,1,1,2
187681,0,5,1,6
187683,1,4,2,4
187685,0,2,1,3
187687,0,2,1,3
187689,4,6,5,3
187691,3,4,4,2
187693,1,2,2,2
187695,1,1,2,1
187697,1,3,2,3
187699,0,1,1,2
187701,0,1,1,2
187703,1,3,2,3
187705,1,2,2,2
187707,2,4,3,3
187709,0,1,1,2
187711,0,1,1,2
187713,4,40,5,37
187715,4,6,5,3
187717,424,616,425,193
187719,15,32,16,18
187721,0,3,1,4
187723,93,242,94,150
187725,4,20,5,17
187727,0,6,1,7
187733,0,2,1,3
187735,0,3,1,4
187737,1,3,2,3
187739,0,1,1,2
187741,2,5,3,4
187743,0,5,1,6
187745,1,1,2,1
187747,0,2,1,3
187749,1,5,2,5
187751,0,21,1,22
187753,1,9,2,9
187755,0,8,1,9
187759,0,2,1,3
187761,0,1,1,2
187763,1,1,2,1
187765,1,1,2,1
187767,1,1,2,1
187769,2,2,3,1
187771,3,3,4,1
187773,0,2,1,3
187777,1,1,2,1
187783,1,1,2,1
187785,0,1,1,2
187787,1,1,2,1
187789,1,1,2,1
187791,1,1,2,1
187793,1,2,2,2
187795,0,1,1,2
187797,1,2,2,2
187799,1,2,2,2
187801,0,1,1,2
187803,3,4,4,2
187805,2,2,3,1
187807,0,1,1,2
187809,3,8,4,6
187811,0,1,1,2
187813,1,4,2,4
187815,80,134,81,55
187819,0,1,1,2
187825,0,1,1,2
187827,0,1,1,2
187829,0,1,1,2
187831,1,2,2,2
187833,0,1,1,2
187835,0,1,1,2
187837,0,1,1,2
187839,0,1,1,2
187841,0,1,1,2
187843,0,1,1,2
187845,1,1,2,1
187847,4,6,5,3
187849,0,1,1,2
187851,0,1,1,2
187853,0,2,1,3
187855,0,1,1,2
187857,1,4,2,4
187859,0,3,1,4
187861,0,2,1,3
187863,0,2,1,3
187865,2,4,3,3
187867,1,4,2,4
187869,0,3,1,4
187871,1,3,2,3
187873,2,4,3,3
187875,2,7,3,6
187877,0,1,1,2
187879,0,1,1,2
187881,1,2,2,2
187883,0,2,1,3
187885,1,2,2,2
187887,1,2,2,2
187889,1,2,2,2
187891,0,1,1,2
187893,0,1,1,2
187895,0,1,1,2
187897,0,1,1,2
187899,4,8,5,5
187901,1,5,2,5
187903,2,8,3,7
187905,0,3,1,4
187907,2,7,3,6
187909,0,1,1,2
187911,0,3,1,4
187913,0,1,1,2
187915,1,2,2,2
187917,1,2,2,2
187919,0,1,1,2
187921,2,6,3,5
187923,1,2,2,2
187925,0,1,1,2
187927,1,2,2,2
187929,0,1,1,2
187931,0,2,1,3
187933,0,1,1,2
187935,0,1,1,2
187937,1,7,2,7
187939,1,2,2,2
187941,0,4,1,5
187943,0,2,1,3
187945,0,8,1,9
187947,1,1,2,1
187949,1,1,2,1
187951,1,1,2,1
187953,1,1,2,1
187955,1,1,2,1
187957,2,7,3,6
187959,5,20,6,16
187961,0,1,1,2
187963,1,3,2,3
187965,0,1,1,2
187967,1,1,2,1
187969,0,1,1,2
187971,0,2,1,3
187973,4,9,5,6
187975,0,1,1,2
187977,3,6,4,4
187979,5,12,6,8
187981,1,1,2,1
187983,3,6,4,4
187985,2,6,3,5
187987,6,11,7,6
187989,1,4,2,4
187991,7,10,8,4
187993,2,2,3,1
187995,3,6,4,4
187997,5,9,6,5
187999,1,2,2,2
188001,2,5,3,4
188005,1,2,2,2
188007,2,5,3,4
188009,0,4,1,5
188011,0,3,1,4
188013,1,4,2,4
188015,0,2,1,3
188017,1,2,2,2
188019,0,2,1,3
188021,1,3,2,3
188023,0,3,1,4
188025,1,1,2,1
188029,0,2,1,3
188031,1,3,2,3
188033,0,6,1,7
188035,6,10,7,5
188037,0,2,1,3
188039,1,2,2,2
188041,0,1,1,2
188043,0,6,1,7
188045,0,1,1,2
188047,1,4,2,4
188049,4,9,5,6
188051,0,2,1,3
188053,6,10,7,5
188055,4,11,5,8
188057,0,2,1,3
188059,1,4,2,4
188061,0,2,1,3
188063,0,2,1,3
188065,1,4,2,4
188067,11,36,12,26
188069,0,1,1,2
188071,0,1,1,2
188073,3,6,4,4
188075,0,2,1,3
188077,3,9,4,7
188079,2,4,3,3
188081,2,6,3,5
188083,0,3,1,4
188085,1,4,2,4
188087,2,5,3,4
188089,1,3,2,3
188091,5,6,6,2
188093,0,3,1,4
188095,1,3,2,3
188097,0,1,1,2
188099,2,3,3,2
188101,0,1,1,2
188103,0,3,1,4
188105,0,1,1,2
188107,3,10,4,8
188109,8,12,9,5
188111,3,3,4,1
188113,3,6,4,4
188115,1,3,2,3
188117,2,3,3,2
188119,0,2,1,3
188121,1,6,2,6
188123,0,2,1,3
188125,1,8,2,8
188127,0,4,1,5
188129,0,1,1,2
188131,1,5,2,5
188133,0,2,1,3
188135,1,3,2,3
188137,0,1,1,2
188139,0,1,1,2
188141,1,5,2,5
188143,0,1,1,2
188145,6,8,7,3
188147,1,2,2,2
188149,0,8,1,9
188151,1,2,2,2
188153,1,1,2,1
188155,4,8,5,5
188157,0,3,1,4
188159,0,2,1,3
188161,2,3,3,2
188163,0,1,1,2
188165,1,4,2,4
188167,1,5,2,5
188169,1,3,2,3
188171,0,1,1,2
188173,13,18,14,6
188175,9,22,10,14
188177,1,7,2,7
188179,2,4,3,3
188181,0,8,1,9
188183,7,15,8,9
188185,1,2,2,2
188187,9,45,10,37
188189,439,783,440,345
188191,0,8,1,9
188193,1,2,2,2
188195,0,2,1,3
188197,0,1,1,2
188199,0,1,1,2
188201,0,4,1,5
188203,1,2,2,2
188205,0,1,1,2
188207,94,187,95,94
188209,0,3,1,4
188211,2,6,3,5
188213,2,6,3,5
188215,17,28,18,12
188217,15,35,16,21
188219,0,5,1,6
188221,1,6,2,6
188223,0,1,1,2
188225,1,6,2,6
188227,1,3,2,3
188229,0,3,1,4
188231,0,1,1,2
188233,0,2,1,3
188235,0,2,1,3
188237,0,3,1,4
188239,1,4,2,4
188241,0,1,1,2
188243,2,3,3,2
188245,0,1,1,2
188247,1,3,2,3
188249,1,2,2,2
188251,3,6,4,4
188253,2,7,3,6
188255,0,1,1,2
188257,0,1,1,2
188259,0,1,1,2
188261,1,3,2,3
188263,1,3,2,3
188265,0,4,1,5
188267,0,2,1,3
188269,1,3,2,3
188271,5,7,6,3
188273,2,5,3,4
188275,0,1,1,2
188277,0,2,1,3
188279,2,3,3,2
188281,9,13,10,5
188283,4,9,5,6
188285,2,5,3,4
188287,0,2,1,3
188289,0,2,1,3
188291,1,5,2,5
188293,2,5,3,4
188295,0,2,1,3
188297,0,2,1,3
188299,12,26,13,15
188301,781,1836,782,1056
188303,26,162,27,137
188305,26,77,27,52
188307,64,194,65,131
188309,62,309,63,248
188311,9,30,10,22
188313,0,1,1,2
188315,1,6,2,6
188317,8,44,9,37
188319,0,2,1,3
188321,0,2,1,3
188323,0,1,1,2
188325,0,2,1,3
188327,4,5,5,2
188329,3,5,4,3
188331,0,4,1,5
188333,1,4,2,4
188335,0,6,1,7
188337,2,4,3,3
188339,4,9,5,6
188341,8,13,9,6
188343,2,5,3,4
188345,1,3,2,3
188347,0,2,1,3
188349,1,3,2,3
188351,1,3,2,3
188353,3,5,4,3
188355,2,7,3,6
188357,1,3,2,3
188359,0,1,1,2
188361,0,1,1,2
188363,0,1,1,2
188365,3,8,4,6
188367,0,1,1,2
188369,0,2,1,3
188371,3,4,4,2
188373,1,4,2,4
188375,1,5,2,5
188377,1,8,2,8
188379,1,6,2,6
188381,1,3,2,3
188383,18,44,19,27
188385,2,3,3,2
188387,2,4,3,3
188389,1,3,2,3
188391,0,1,1,2
188393,0,1,1,2
188395,0,1,1,2
188397,0,2,1,3
188399,0,2,1,3
188401,0,2,1,3
188403,0,1,1,2
188405,0,1,1,2
188407,0,1,1,2
188411,1,3,2,3
188413,1,3,2,3
188415,3,4,4,2
188417,0,1,1,2
188419,4,7,5,4
188421,1,2,2,2
188427,1,3,2,3
188429,0,1,1,2
188431,1,4,2,4
188433,2,3,3,2
188441,0,1,1,2
188447,0,2,1,3
188449,4,14,5,11
188451,0,1,1,2
188453,0,1,1,2
188455,0,2,1,3
188457,2,2,3,1
188459,2,15,3,14
188473,0,1,1,2
188477,24,51,25,28
188479,0,1,1,2
188483,0,1,1,2
188489,0,1,1,2
188491,1,4,2,4
188493,0,3,1,4
188495,0,1,1,2
188497,1,1,2,1
188499,2,8,3,7
188501,0,1,1,2
188503,0,1,1,2
188505,15,28,16,14
188507,0,2,1,3
188509,5,10,6,6
188511,0,7,1,8
188513,2,8,3,7
188515,2,6,3,5
188517,0,3,1,4
188519,3,14,4,12
188521,0,1,1,2
188523,1,2,2,2
188525,1,1,2,1
188527,1,5,2,5
188529,1,1,2,1
188531,1,2,2,2
188533,0,4,1,5
188535,1,5,2,5
188537,1,6,2,6
188539,1,2,2,2
188541,34,111,35,78
188543,2,3,3,2
188545,2,4,3,3
188547,1,1,2,1
188549,1,1,2,1
188551,5,8,6,4
188553,0,3,1,4
188555,0,2,1,3
188557,0,1,1,2
188559,0,1,1,2
188561,1,4,2,4
188565,2,7,3,6
188567,0,1,1,2
188569,2,2,3,1
188571,2,3,3,2
188573,1,1,2,1
188575,2,6,3,5
188577,3,6,4,4
188579,0,4,1,5
188581,0,1,1,2
188583,1,2,2,2
188585,0,1,1,2
188587,2,3,3,2
188589,1,3,2,3
188591,2,4,3,3
188593,1,2,2,2
188595,1,2,2,2
188597,1,2,2,2
188599,0,1,1,2
188601,0,2,1,3
188603,3,11,4,9
188605,0,4,1,5
188607,2,8,3,7
188609,2,3,3,2
188611,1,1,2,1
188613,1,5,2,5
188615,0,2,1,3
188617,0,2,1,3
188621,0,1,1,2
188623,146,251,147,106
188625,34,73,35,40
188627,0,1,1,2
188629,0,3,1,4
188631,0,1,1,2
188633,2,8,3,7
188635,0,2,1,3
188637,0,2,1,3
188641,3,9,4,7
188643,3,5,4,3
188645,1,2,2,2
188647,1,4,2,4
188649,3,7,4,5
188651,0,1,1,2
188653,0,1,1,2
188655,0,1,1,2
188657,1,2,2,2
188659,3,14,4,12
188663,1,2,2,2
188665,0,1,1,2
188669,0,1,1,2
188671,1,3,2,3
188673,0,1,1,2
188675,42,70,43,29
188677,0,1,1,2
188679,8,93,9,86
188681,4,9,5,6
188685,1,1,2,1
188691,0,1,1,2
188693,1,2,2,2
188695,2,9,3,8
188697,24,54,25,31
188699,1,1,2,1
188701,0,2,1,3
188703,0,1,1,2
188705,1,1,2,1
188707,0,3,1,4
188711,0,1,1,2
188715,0,2,1,3
188723,0,3,1,4
188731,2,15,3,14
188733,1,2,2,2
188735,0,1,1,2
188737,0,4,1,5
188741,1,6,2,6
188743,1,4,2,4
188745,0,4,1,5
188747,0,2,1,3
188749,144,407,145,264
188751,97,289,98,193
188753,16,58,17,43
188755,1,2,2,2
188757,6,13,7,8
188761,5,22,6,18
188763,1,1,2,1
188765,5,8,6,4
188767,2,6,3,5
188769,4,8,5,5
188771,4,7,5,4
188773,259,369,260,111
188775,1,5,2,5
188777,0,1,1,2
188779,1,2,2,2
188781,0,1,1,2
188783,0,2,1,3
188785,2,8,3,7
188787,1,3,2,3
188789,0,1,1,2
188791,0,1,1,2
188793,1,3,2,3
188795,2,3,3,2
188797,163,498,164,336
188799,0,1,1,2
188801,2,2,3,1
188803,0,1,1,2
188805,0,2,1,3
188807,0,2,1,3
188809,0,7,1,8
188811,1,4,2,4
188813,0,1,1,2
188815,1,1,2,1
188817,2,9,3,8
188819,1,1,2,1
188821,1,1,2,1
188823,3,22,4,20
188825,0,10,1,11
188827,0,3,1,4
188829,56,85,57,30
188831,0,3,1,4
188833,24,68,25,45
188837,0,5,1,6
188839,0,4,1,5
188841,0,1,1,2
188843,1,2,2,2
188845,0,2,1,3
188847,0,2,1,3
188849,0,1,1,2
188851,0,1,1,2
188853,0,2,1,3
188855,2,6,3,5
188857,0,7,1,8
188859,4,14,5,11
188861,1,2,2,2
188863,4,7,5,4
188865,1,5,2,5
188867,0,1,1,2
188869,1,1,2,1
188871,0,1,1,2
188873,0,1,1,2
188875,1,4,2,4
188877,0,5,1,6
188879,1,2,2,2
188881,0,2,1,3
188885,0,3,1,4
188887,0,1,1,2
188895,0,1,1,2
188899,0,1,1,2
188909,0,2,1,3
188911,0,2,1,3
188915,2,3,3,2
188917,1,3,2,3
188919,8,23,9,16
188921,0,2,1,3
188925,1,1,2,1
188927,1,1,2,1
188931,0,4,1,5
188933,5,9,6,5
188937,1,3,2,3
188939,0,2,1,3
188941,44,133,45,90
188943,0,1,1,2
188945,1,1,2,1
188947,0,1,1,2
188949,1,8,2,8
188951,1,2,2,2
188953,3,10,4,8
188961,0,1,1,2
188967,0,1,1,2
188973,0,1,1,2
188975,0,2,1,3
188979,0,1,1,2
188983,1,1,2,1
188987,0,1,1,2
188995,0,2,1,3
188997,0,1,1,2
189003,0,2,1,3
189005,1,2,2,2
189009,1,1,2,1
189011,3,10,4,8
189013,0,1,1,2
189015,1,2,2,2
189017,2,5,3,4
189019,1,6,2,6
189021,1,3,2,3
189023,0,1,1,2
189025,0,1,1,2
189027,3,6,4,4
189029,1,3,2,3
189031,0,3,1,4
189033,0,6,1,7
189035,1,1,2,1
189037,9,23,10,15
189039,3,5,4,3
189041,198,462,199,265
189043,4,15,5,12
189045,2,6,3,5
189047,1,2,2,2
189049,2,7,3,6
189051,0,1,1,2
189053,0,1,1,2
189055,0,1,1,2
189057,0,2,1,3
189061,3,28,4,26
189063,0,4,1,5
189065,7,33,8,27
189067,1,4,2,4
189069,1,2,2,2
189071,26,53,27,28
189073,1,1,2,1
189075,0,1,1,2
189077,3,4,4,2
189079,1,2,2,2
189081,0,2,1,3
189083,0,8,1,9
189087,1,2,2,2
189089,0,2,1,3
189091,1,1,2,1
189093,0,5,1,6
189095,0,2,1,3
189097,0,2,1,3
189099,2,14,3,13
189101,1,1,2,1
189103,2,7,3,6
189105,3,8,4,6
189109,0,1,1,2
189111,0,3,1,4
189113,1,2,2,2
189115,0,5,1,6
189117,1,6,2,6
189119,1,3,2,3
189121,1,2,2,2
189123,0,1,1,2
189125,2,10,3,9
189129,1,1,2,1
189131,2,13,3,12
189133,0,5,1,6
189137,4,11,5,8
189139,0,2,1,3
189141,0,3,1,4
189143,1,3,2,3
189145,0,2,1,3
189147,0,2,1,3
189149,4,10,5,7
189151,0,4,1,5
189153,0,1,1,2
189155,0,1,1,2
189157,8,12,9,5
189159,7,10,8,4
189161,7,10,8,4
189163,3,8,4,6
189165,0,3,1,4
189167,1,3,2,3
189169,0,4,1,5
189171,0,1,1,2
189173,2,11,3,10
189175,0,4,1,5
189177,2,6,3,5
189179,1,3,2,3
189183,0,2,1,3
189185,0,2,1,3
189187,0,2,1,3
189189,2,2,3,1
189191,1,4,2,4
189193,1,1,2,1
189195,8,22,9,15
189197,1,2,2,2
189199,0,1,1,2
189201,0,1,1,2
189203,576,1049,577,474
189205,5,38,6,34
189207,0,3,1,4
189209,1,2,2,2
189211,1,1,2,1
189213,1,4,2,4
189215,0,2,1,3
189217,2,5,3,4
189219,0,1,1,2
189223,1,2,2,2
189225,3,4,4,2
189227,0,1,1,2
189229,0,1,1,2
189231,0,3,1,4
189233,1,5,2,5
189235,0,2,1,3
189237,2,3,3,2
189239,0,1,1,2
189241,36,180,37,145
189243,0,1,1,2
189245,1,3,2,3
189249,2,16,3,15
189251,0,1,1,2
189253,0,1,1,2
189255,1,4,2,4
189257,0,1,1,2
189259,0,2,1,3
189261,0,1,1,2
189263,0,1,1,2
189265,1,3,2,3
189267,3,5,4,3
189269,1,2,2,2
189271,0,1,1,2
189279,0,1,1,2
189281,0,2,1,3
189291,1,1,2,1
189293,0,1,1,2
189295,0,1,1,2
189299,0,1,1,2
189301,0,3,1,4
189303,1,1,2,1
189307,1,1,2,1
189311,0,1,1,2
189313,0,1,1,2
189317,1,3,2,3
189321,0,1,1,2
189323,0,2,1,3
189329,8,26,9,19
189331,74,268,75,195
189333,874,1550,875,677
189335,0,1,1,2
189337,0,1,1,2
189341,0,1,1,2
189343,1,1,2,1
189345,0,1,1,2
189347,1,3,2,3
189349,2,5,3,4
189351,0,1,1,2
189353,2,4,3,3
189355,1,7,2,7
189357,3,6,4,4
189359,0,4,1,5
189361,1,5,2,5
189363,260,865,261,606
189365,2,3,3,2
189367,4,7,5,4
189369,1,3,2,3
189371,0,4,1,5
189373,0,1,1,2
189377,0,1,1,2
189379,0,4,1,5
189381,3,25,4,23
189383,1,2,2,2
189385,0,1,1,2
189387,0,1,1,2
189389,0,1,1,2
189391,1,1,2,1
189395,1,2,2,2
189397,1,1,2,1
189399,9,42,10,34
189401,0,7,1,8
189403,0,1,1,2
189405,0,3,1,4
189407,0,4,1,5
189409,0,1,1,2
189413,0,1,1,2
189415,0,1,1,2
189417,1,5,2,5
189423,1,2,2,2
189427,2,3,3,2
189429,3,3,4,1
189431,1,5,2,5
189433,0,2,1,3
189435,0,2,1,3
189437,0,2,1,3
189441,0,1,1,2
189443,1,4,2,4
189445,0,1,1,2
189447,0,3,1,4
189449,0,1,1,2
189451,0,1,1,2
189453,0,2,1,3
189455,3,6,4,4
189457,1,3,2,3
189459,2,3,3,2
189461,5,17,6,13
189463,0,1,1,2
189465,0,2,1,3
189467,0,1,1,2
189469,0,1,1,2
189471,0,2,1,3
189473,2,2,3,1
189475,43,106,44,64
189477,0,1,1,2
189481,1,4,2,4
189483,3,6,4,4
189485,2,3,3,2
189489,1,2,2,2
189491,0,2,1,3
189493,1,4,2,4
189495,0,1,1,2
189497,1,3,2,3
189499,1,3,2,3
189501,2,2,3,1
189503,1,3,2,3
189505,1,2,2,2
189507,0,1,1,2
189509,1,3,2,3
189511,1,3,2,3
189513,0,1,1,2
189525,0,4,1,5
189527,5,14,6,10
189529,1,2,2,2
189531,0,5,1,6
189533,0,3,1,4
189535,2,3,3,2
189537,0,3,1,4
189539,6,9,7,4
189541,0,1,1,2
189545,0,1,1,2
189547,0,1,1,2
189549,10,50,11,41
189553,0,1,1,2
189555,1,4,2,4
189559,0,1,1,2
189565,1,3,2,3
189567,34,84,35,51
189569,0,1,1,2
189571,1,5,2,5
189573,1,1,2,1
189577,20,109,21,90
189579,0,1,1,2
189585,2,3,3,2
189589,0,2,1,3
189591,1,1,2,1
189593,1,2,2,2
189595,2,6,3,5
189597,0,3,1,4
189599,0,2,1,3
189601,0,2,1,3
189603,0,1,1,2
189605,0,1,1,2
189607,0,1,1,2
189609,1,1,2,1
189611,0,1,1,2
189615,1,1,2,1
189617,1,1,2,1
189619,0,1,1,2
189621,0,1,1,2
189623,2,3,3,2
189625,7,14,8,8
189627,0,5,1,6
189633,0,1,1,2
189635,0,2,1,3
189637,8,13,9,6
189639,2,3,3,2
189641,3,28,4,26
189643,7,13,8,7
189645,0,5,1,6
189647,1,4,2,4
189649,0,1,1,2
189651,0,1,1,2
189657,0,1,1,2
189659,0,2,1,3
189661,0,1,1,2
189667,6,10,7,5
189669,3,9,4,7
189671,1,2,2,2
189677,1,2,2,2
189679,1,3,2,3
189681,0,2,1,3
189683,1,1,2,1
189685,1,2,2,2
189687,0,2,1,3
189693,3,3,4,1
189695,1,12,2,12
189697,0,1,1,2
189701,6,9,7,4
189703,1,2,2,2
189707,1,1,2,1
189709,2,4,3,3
189711,1,1,2,1
189713,690,1237,691,548
189715,0,2,1,3
189717,0,2,1,3
189719,0,2,1,3
189721,1,4,2,4
189723,0,1,1,2
189725,1,4,2,4
189727,1,2,2,2
189731,0,1,1,2
189735,0,1,1,2
189743,0,5,1,6
189745,10,13,11,4
189747,0,2,1,3
189749,0,1,1,2
189751,1,1,2,1
189753,1,6,2,6
189755,0,4,1,5
189757,0,4,1,5
189759,0,5,1,6
189761,1,4,2,4
189763,0,2,1,3
189765,0,1,1,2
189767,0,3,1,4
189769,1,3,2,3
189773,0,1,1,2
189775,0,1,1,2
189777,0,3,1,4
189779,0,2,1,3
189781,3,32,4,30
189783,140,309,141,170
189785,1,6,2,6
189787,1,5,2,5
189791,2,11,3,10
189793,0,1,1,2
189795,4,15,5,12
189797,1,3,2,3
189799,0,2,1,3
189801,1,2,2,2
189803,0,2,1,3
189805,37,86,38,50
189807,0,1,1,2
189809,8,39,9,32
189811,0,1,1,2
189815,0,1,1,2
189817,2,3,3,2
189819,5,73,6,69
189821,0,1,1,2
189823,2,2,3,1
189825,1,3,2,3
189827,1,3,2,3
189829,1,2,2,2
189831,0,3,1,4
189833,1,2,2,2
189835,6,13,7,8
189837,1,3,2,3
189839,0,1,1,2
189841,1,2,2,2
189843,0,1,1,2
189845,1,1,2,1
189847,1,4,2,4
189849,0,3,1,4
189851,1,3,2,3
189853,5,14,6,10
189855,3,12,4,10
189857,0,5,1,6
189859,0,3,1,4
189861,0,1,1,2
189863,1,7,2,7
189865,1,2,2,2
189867,8,17,9,10
189869,6,9,7,4
189871,0,2,1,3
189873,90,161,91,72
189877,4,7,5,4
189879,9,34,10,26
189881,0,2,1,3
189883,0,1,1,2
189885,121,203,122,83
189887,1,5,2,5
189889,23,51,24,29
189891,1,5,2,5
189893,15,60,16,46
189895,1,2,2,2
189897,2,4,3,3
189899,0,2,1,3
189901,0,2,1,3
189903,1,1,2,1
189905,0,2,1,3
189907,0,3,1,4
189909,1,1,2,1
189911,6,7,7,2
189913,4,5,5,2
189915,1,4,2,4
189917,0,2,1,3
189919,0,1,1,2
189923,2,7,3,6
189925,1,1,2,1
189927,0,1,1,2
189929,1,15,2,15
189931,0,2,1,3
189935,0,2,1,3
189937,2,2,3,1
189939,0,1,1,2
189941,0,1,1,2
189945,0,2,1,3
189947,1,3,2,3
189949,0,2,1,3
189951,1,2,2,2
189953,1,4,2,4
189955,0,3,1,4
189957,8,11,9,4
189959,1,11,2,11
189961,0,2,1,3
189967,0,1,1,2
189971,0,2,1,3
189973,0,2,1,3
189983,0,2,1,3
189985,0,1,1,2
189987,1,7,2,7
189989,0,1,1,2
189991,8,17,9,10
189995,0,1,1,2
189997,0,1,1,2
190003,0,1,1,2
190007,0,3,1,4
190009,0,1,1,2
190011,0,4,1,5
190013,1,2,2,2
190015,1,2,2,2
190017,20,52,21,33
190019,0,1,1,2
190021,0,2,1,3
190023,3,7,4,5
190025,0,2,1,3
190027,0,4,1,5
190029,2,17,3,16
190031,0,1,1,2
190035,0,5,1,6
190037,0,2,1,3
190039,1,4,2,4
190041,1,1,2,1
190043,0,2,1,3
190045,0,1,1,2
190047,1,11,2,11
190049,1,6,2,6
190051,1,1,2,1
190053,1,2,2,2
190055,0,2,1,3
190057,1,2,2,2
190059,0,1,1,2
190061,1,4,2,4
190063,0,1,1,2
190067,1,3,2,3
190069,0,1,1,2
190071,0,2,1,3
190073,0,1,1,2
190077,24,38,25,15
190079,1,3,2,3
190081,0,2,1,3
190083,5,13,6,9
190085,13,103,14,91
190087,4,12,5,9
190089,104,169,105,66
190091,0,5,1,6
190093,0,1,1,2
190095,1,2,2,2
190097,0,5,1,6
190099,0,1,1,2
190101,0,2,1,3
190103,3,6,4,4
190109,0,1,1,2
190111,0,1,1,2
190113,0,2,1,3
190115,0,1,1,2
190117,1,1,2,1
190121,0,1,1,2
190123,0,1,1,2
190125,1,4,2,4
190127,1,5,2,5
190129,0,1,1,2
190131,0,2,1,3
190133,1,2,2,2
190135,1,3,2,3
190137,1,2,2,2
190139,0,2,1,3
190143,0,1,1,2
190145,0,1,1,2
190147,1,3,2,3
190155,3,5,4,3
190157,3,5,4,3
190159,2,4,3,3
190161,1,3,2,3
190163,3,4,4,2
190165,0,3,1,4
190167,1,3,2,3
190169,0,3,1,4
190171,2,2,3,1
190173,2,4,3,3
190175,2,5,3,4
190177,1,6,2,6
190179,3,5,4,3
190181,6,14,7,9
190183,26,110,27,85
190185,1,2,2,2
190187,2,5,3,4
190189,2,4,3,3
190193,2,14,3,13
190195,4,14,5,11
190197,0,4,1,5
190199,0,5,1,6
190201,0,2,1,3
190203,0,3,1,4
190205,2,3,3,2
190207,0,2,1,3
190209,1,3,2,3
190211,1,3,2,3
190213,1,5,2,5
190215,1,4,2,4
190217,1,3,2,3
190219,2,7,3,6
190221,1,5,2,5
190223,0,3,1,4
190225,1,2,2,2
190227,1,2,2,2
190229,1,3,2,3
190231,1,2,2,2
190233,1,3,2,3
190237,0,2,1,3
190239,2,9,3,8
190241,0,2,1,3
190243,0,1,1,2
190245,1,2,2,2
190247,2,3,3,2
190249,1,8,2,8
190253,2,6,3,5
190255,0,2,1,3
190257,3,11,4,9
190259,3,12,4,10
190261,0,2,1,3
190263,1,1,2,1
190265,0,1,1,2
190269,1,1,2,1
190271,0,2,1,3
190273,1,2,2,2
190275,0,2,1,3
190277,0,2,1,3
190279,0,2,1,3
190281,1,3,2,3
190283,0,1,1,2
190285,0,1,1,2
190287,2,38,3,37
190289,0,1,1,2
190291,0,1,1,2
190293,3,6,4,4
190297,1,2,2,2
190299,0,1,1,2
190301,2,6,3,5
190303,1,1,2,1
190305,23,54,24,32
190307,2,6,3,5
190309,1,5,2,5
190317,0,1,1,2
190319,0,1,1,2
190321,0,2,1,3
190323,0,5,1,6
190325,1,3,2,3
190327,0,2,1,3
190329,1,3,2,3
190331,0,1,1,2
190333,0,2,1,3
190335,1,4,2,4
190337,2,5,3,4
190339,5,11,6,7
190343,0,1,1,2
190345,1,1,2,1
190347,0,4,1,5
190349,29,75,30,47
190351,0,1,1,2
190353,0,1,1,2
190355,4,14,5,11
190357,0,3,1,4
190359,0,3,1,4
190361,3,8,4,6
190365,1,1,2,1
190367,8,17,9,10
190369,0,1,1,2
190371,0,1,1,2
190373,0,1,1,2
190375,0,1,1,2
190377,0,1,1,2
190379,1,2,2,2
190381,0,1,1,2
190383,0,1,1,2
190385,0,2,1,3
190387,0,2,1,3
190389,0,1,1,2
190391,1,6,2,6
190395,1,8,2,8
190397,9,35,10,27
190399,2,20,3,19
190401,25,77,26,53
190403,0,1,1,2
190405,0,2,1,3
190407,0,7,1,8
190409,0,2,1,3
190411,0,1,1,2
190413,2,10,3,9
190415,1,4,2,4
190417,0,1,1,2
190419,0,2,1,3
190423,0,1,1,2
190425,0,1,1,2
190431,2,5,3,4
190433,0,1,1,2
190435,1,1,2,1
190445,3,3,4,1
190447,4,4,5,1
190451,1,5,2,5
190459,2,2,3,1
190463,0,1,1,2
190465,0,3,1,4
190467,1,4,2,4
190469,0,2,1,3
190471,0,4,1,5
190473,0,2,1,3
190475,0,1,1,2
190477,0,2,1,3
190479,0,1,1,2
190483,0,1,1,2
190485,0,4,1,5
190487,0,1,1,2
190489,0,1,1,2
190491,0,2,1,3
190493,1,1,2,1
190495,1,4,2,4
190497,0,2,1,3
190499,1,4,2,4
190501,0,4,1,5
190503,2,4,3,3
190505,4,7,5,4
190507,16,40,17,25
190509,0,9,1,10
190511,0,1,1,2
190513,0,1,1,2
190515,0,2,1,3
190519,0,2,1,3
190521,1,4,2,4
190525,3,5,4,3
190527,1,4,2,4
190529,2,3,3,2
190531,0,2,1,3
190533,0,1,1,2
190535,0,1,1,2
190537,0,1,1,2
190539,0,4,1,5
190541,0,2,1,3
190543,1,6,2,6
190545,1,1,2,1
190547,1,1,2,1
190551,106,177,107,72
190553,7,24,8,18
190555,459,826,460,368
190557,2,7,3,6
190559,7,10,8,4
190561,0,3,1,4
190565,2,3,3,2
190567,0,3,1,4
190569,1,6,2,6
190571,0,1,1,2
190573,0,1,1,2
190575,3,8,4,6
190577,1,1,2,1
190579,0,1,1,2
190581,1,2,2,2
190583,1,2,2,2
190585,0,1,1,2
190587,0,1,1,2
190589,0,1,1,2
190591,0,1,1,2
190593,1,2,2,2
190595,0,2,1,3
190599,0,2,1,3
190601,1,2,2,2
190603,0,1,1,2
190605,1,2,2,2
190607,2,3,3,2
190609,1,5,2,5
190611,3,15,4,13
190613,0,4,1,5
190615,1,8,2,8
190617,1,1,2,1
190619,0,1,1,2
190621,2,10,3,9
190623,0,14,1,15
190625,1,5,2,5
190627,0,1,1,2
190629,1,3,2,3
190631,1,2,2,2
190633,0,1,1,2
190635,1,2,2,2
190637,1,1,2,1
190641,1,1,2,1
190645,0,1,1,2
190647,3,8,4,6
190649,0,2,1,3
190651,4,10,5,7
190653,1,2,2,2
190655,0,3,1,4
190657,0,1,1,2
190665,1,1,2,1
190667,0,1,1,2
190669,0,1,1,2
190673,0,1,1,2
190675,0,1,1,2
190681,0,1,1,2
190695,0,1,1,2
190697,0,4,1,5
190699,0,1,1,2
190701,0,1,1,2
190703,1,1,2,1
190705,5,6,6,2
190707,1,4,2,4
190709,1,3,2,3
190713,1,1,2,1
190715,1,1,2,1
190717,0,1,1,2
190719,1,4,2,4
190721,1,2,2,2
190723,1,2,2,2
190725,1,2,2,2
190727,1,1,2,1
190737,0,3,1,4
190739,7,30,8,24
190741,21,95,22,75
190743,18,54,19,37
190745,10,36,11,27
190747,1,15,2,15
190749,16,38,17,23
190751,6,16,7,11
190753,3,15,4,13
190755,6,33,7,28
190757,2,3,3,2
190759,0,16,1,17
190761,0,1,1,2
190763,0,2,1,3
190765,4,11,5,8
190767,0,2,1,3
190769,2,4,3,3
190775,3,4,4,2
190777,1,1,2,1
190781,0,1,1,2
190783,1,3,2,3
190785,1,1,2,1
190793,1,3,2,3
190797,0,1,1,2
190801,1,3,2,3
190803,1,1,2,1
190805,3,4,4,2
190809,1,4,2,4
190811,0,1,1,2
190813,9,39,10,31
190815,0,1,1,2
190817,2,3,3,2
190819,0,1,1,2
190821,1,1,2,1
190823,4,10,5,7
190825,0,1,1,2
190827,1,2,2,2
190829,0,2,1,3
190831,1,1,2,1
190833,0,4,1,5
190835,3,8,4,6
190837,1,10,2,10
190839,0,5,1,6
190841,1,3,2,3
190843,0,1,1,2
190845,1,3,2,3
190849,0,3,1,4
190853,1,2,2,2
190855,0,1,1,2
190857,0,1,1,2
190859,1,2,2,2
190861,0,3,1,4
190863,0,3,1,4
190865,0,2,1,3
190867,1,1,2,1
190869,1,4,2,4
190871,0,1,1,2
190873,1,2,2,2
190875,0,1,1,2
190877,0,2,1,3
190879,0,2,1,3
190883,1,3,2,3
190885,0,5,1,6
190887,0,1,1,2
190889,2,6,3,5
190891,1,1,2,1
190893,1,2,2,2
190895,1,5,2,5
190897,0,1,1,2
190899,1,1,2,1
190901,0,2,1,3
190903,0,2,1,3
190905,2,4,3,3
190907,0,1,1,2
190909,1,3,2,3
190911,1,2,2,2
190913,0,1,1,2
190915,1,3,2,3
190917,0,2,1,3
190919,1,2,2,2
190921,0,4,1,5
190923,0,1,1,2
190925,0,1,1,2
190927,1,4,2,4
190931,0,2,1,3
190933,1,2,2,2
190935,0,1,1,2
190937,0,5,1,6
190939,209,517,210,309
190941,1,6,2,6
190943,2,5,3,4
190945,8,45,9,38
190947,27,121,28,95
190949,30,110,31,81
190951,1,7,2,7
190953,2,5,3,4
190957,2,17,3,16
190959,0,1,1,2
190963,12,24,13,13
190967,0,2,1,3
190971,0,1,1,2
190973,0,4,1,5
190975,0,1,1,2
190977,1,3,2,3
190979,4,30,5,27
190981,0,2,1,3
190983,0,1,1,2
190985,1,2,2,2
190987,0,1,1,2
190989,0,1,1,2
190991,0,2,1,3
190995,0,4,1,5
190997,0,2,1,3
191001,1,1,2,1
191003,0,6,1,7
191005,1,3,2,3
191009,0,1,1,2
191011,0,1,1,2
191013,0,1,1,2
191017,1,4,2,4
191021,0,1,1,2
191025,0,1,1,2
191027,0,1,1,2
191029,0,2,1,3
191039,0,1,1,2
191041,2,2,3,1
191043,1,1,2,1
191061,0,1,1,2
191069,0,1,1,2
191071,1,2,2,2
191073,0,1,1,2
191075,0,2,1,3
191077,0,3,1,4
191081,0,2,1,3
191083,0,1,1,2
191085,1,1,2,1
191087,1,6,2,6
191089,0,4,1,5
191091,1,2,2,2
191093,1,8,2,8
191095,1,4,2,4
191097,0,1,1,2
191099,1,2,2,2
191101,1,5,2,5
191107,1,1,2,1
191109,0,2,1,3
191111,1,1,2,1
191113,18,43,19,26
191119,1,5,2,5
191123,1,1,2,1
191125,0,2,1,3
191127,1,2,2,2
191129,4,7,5,4
191131,1,1,2,1
191133,1,5,2,5
191135,0,1,1,2
191137,0,2,1,3
191139,3,7,4,5
191141,0,1,1,2
191143,2,4,3,3
191145,0,2,1,3
191147,1,1,2,1
191151,1,1,2,1
191153,1,3,2,3
191157,0,2,1,3
191159,0,3,1,4
191161,0,1,1,2
191165,0,2,1,3
191167,0,1,1,2
191169,0,1,1,2
191171,1,1,2,1
191173,1,3,2,3
191177,2,2,3,1
191179,0,2,1,3
191181,0,2,1,3
191183,1,4,2,4
191185,0,1,1,2
191187,0,3,1,4
191189,1,4,2,4
191191,0,1,1,2
191193,0,1,1,2
191195,1,2,2,2
191197,0,1,1,2
191199,0,2,1,3
191201,1,5,2,5
191203,0,4,1,5
191205,0,1,1,2
191207,0,2,1,3
191209,1,1,2,1
191211,1,1,2,1
191213,0,2,1,3
191215,1,2,2,2
191217,0,2,1,3
191219,1,1,2,1
191221,1,4,2,4
191223,0,1,1,2
191225,0,1,1,2
191227,0,2,1,3
191229,0,2,1,3
191231,0,3,1,4
191233,0,1,1,2
191235,4,20,5,17
191237,1,4,2,4
191239,0,1,1,2
191241,0,1,1,2
191243,0,2,1,3
191245,1,2,2,2
191247,0,1,1,2
191251,0,3,1,4
191253,6,25,7,20
191255,0,1,1,2
191257,0,2,1,3
191259,1,2,2,2
191261,0,3,1,4
191263,0,1,1,2
191265,0,1,1,2
191267,2,2,3,1
191269,1,1,2,1
191271,1,1,2,1
191273,1,1,2,1
191277,0,7,1,8
191279,0,1,1,2
191283,1,2,2,2
191289,0,2,1,3
191291,3,3,4,1
191293,1,4,2,4
191295,0,2,1,3
191297,0,2,1,3
191299,0,3,1,4
191301,2,3,3,2
191303,0,3,1,4
191305,0,2,1,3
191307,1,3,2,3
191309,1,3,2,3
191311,1,1,2,1
191313,1,2,2,2
191315,1,3,2,3
191317,1,2,2,2
191319,1,3,2,3
191321,0,2,1,3
191327,1,3,2,3
191329,1,3,2,3
191331,0,1,1,2
191333,0,1,1,2
191335,0,7,1,8
191337,0,1,1,2
191341,1,2,2,2
191343,0,1,1,2
191345,0,3,1,4
191347,3,6,4,4
191349,3,5,4,3
191351,158,380,159,223
191353,0,1,1,2
191355,0,1,1,2
191357,0,3,1,4
191359,16,45,17,30
191361,1,4,2,4
191363,4,11,5,8
191365,3,4,4,2
191367,48,336,49,289
191369,0,2,1,3
191371,2,4,3,3
191373,2,8,3,7
191375,0,2,1,3
191377,0,3,1,4
191381,0,2,1,3
191383,0,2,1,3
191385,0,1,1,2
191387,1,2,2,2
191389,0,1,1,2
191391,0,1,1,2
191393,0,1,1,2
191395,0,2,1,3
191397,0,1,1,2
191399,2,3,3,2
191401,2,6,3,5
191403,0,1,1,2
191405,0,1,1,2
191407,0,1,1,2
191409,0,1,1,2
191411,0,1,1,2
191413,0,2,1,3
191415,0,4,1,5
191417,0,1,1,2
191419,1,2,2,2
191421,2,3,3,2
191423,2,2,3,1
191425,0,4,1,5
191427,0,1,1,2
191431,0,1,1,2
191433,0,2,1,3
191435,2,4,3,3
191437,1,6,2,6
191439,0,14,1,15
191441,13,91,14,79
191443,0,1,1,2
191445,0,1,1,2
191447,0,1,1,2
191449,0,1,1,2
191451,0,1,1,2
191453,0,1,1,2
191455,0,1,1,2
191457,1,4,2,4
191459,83,209,84,127
191463,1,2,2,2
191465,0,1,1,2
191467,1,1,2,1
191469,22,147,23,126
191471,0,2,1,3
191473,0,1,1,2
191475,0,2,1,3
191477,0,2,1,3
191479,24,90,25,67
191481,0,2,1,3
191483,36,237,37,202
191485,0,2,1,3
191487,0,1,1,2
191489,49,149,50,101
191491,3,7,4,5
191495,9,42,10,34
191497,3,6,4,4
191499,0,1,1,2
191501,1,3,2,3
191503,2,4,3,3
191505,2,5,3,4
191509,0,1,1,2
191511,1,3,2,3
191513,1,1,2,1
191515,3,6,4,4
191517,1,3,2,3
191521,1,2,2,2
191529,1,1,2,1
191541,1,1,2,1
191543,1,2,2,2
191549,0,1,1,2
191557,0,1,1,2
191559,0,1,1,2
191561,1,2,2,2
191565,0,1,1,2
191567,1,2,2,2
191571,0,1,1,2
191573,0,1,1,2
191575,0,1,1,2
191579,0,2,1,3
191583,0,1,1,2
191599,0,1,1,2
191601,0,1,1,2
191605,0,1,1,2
191607,0,1,1,2
191611,0,1,1,2
191631,1,2,2,2
191635,0,1,1,2
191637,0,1,1,2
191639,0,1,1,2
191641,1,1,2,1
191643,2,6,3,5
191645,0,2,1,3
191647,0,1,1,2
191649,0,1,1,2
191651,1,3,2,3
191653,1,4,2,4
191655,0,1,1,2
191657,1,1,2,1
191659,0,1,1,2
191661,1,4,2,4
191663,5,12,6,8
191665,0,1,1,2
191667,3,5,4,3
191669,1,2,2,2
191671,0,1,1,2
191673,0,1,1,2
191675,1,2,2,2
191677,1,2,2,2
191679,1,9,2,9
191681,0,3,1,4
191683,0,1,1,2
191685,0,2,1,3
191687,16,70,17,55
191689,2,4,3,3
191691,0,4,1,5
191693,2,3,3,2
191695,1,6,2,6
191697,1,4,2,4
191699,0,5,1,6
191701,1,1,2,1
191703,0,2,1,3
191707,1,4,2,4
191709,1,5,2,5
191711,0,1,1,2
191713,3,5,4,3
191715,0,3,1,4
191717,0,1,1,2
191719,1,6,2,6
191721,1,3,2,3
191723,1,4,2,4
191725,1,2,2,2
191727,1,3,2,3
191729,0,1,1,2
191731,0,1,1,2
191733,1,2,2,2
191735,0,2,1,3
191737,1,1,2,1
191739,1,3,2,3
191741,1,2,2,2
191743,1,4,2,4
191745,1,1,2,1
191747,0,2,1,3
191749,1,2,2,2
191751,0,1,1,2
191753,0,2,1,3
191755,0,2,1,3
191757,0,4,1,5
191759,1,2,2,2
191761,1,1,2,1
191763,0,4,1,5
191765,1,2,2,2
191767,0,1,1,2
191769,0,1,1,2
191771,1,4,2,4
191773,1,2,2,2
191775,4,13,5,10
191777,0,2,1,3
191779,0,2,1,3
191781,2,8,3,7
191783,0,1,1,2
191785,1,4,2,4
191787,0,1,1,2
191789,1,1,2,1
191791,0,3,1,4
191793,1,3,2,3
191795,0,1,1,2
191797,0,3,1,4
191799,25,188,26,164
191801,1,1,2,1
191803,1,10,2,10
191805,2,18,3,17
191807,0,1,1,2
191809,1,2,2,2
191811,13,23,14,11
191813,0,3,1,4
191815,1,4,2,4
191817,1,4,2,4
191819,1,3,2,3
191821,0,1,1,2
191823,1,2,2,2
191829,1,2,2,2
191831,2,2,3,1
191833,1,2,2,2
191835,1,2,2,2
191837,0,2,1,3
191839,0,1,1,2
191841,0,1,1,2
191843,1,2,2,2
191845,0,1,1,2
191849,0,1,1,2
191851,0,1,1,2
191853,0,1,1,2
191855,1,1,2,1
191857,5,12,6,8
191859,1,2,2,2
191861,2,4,3,3
191863,0,1,1,2
191865,1,2,2,2
191867,1,5,2,5
191869,66,172,67,107
191871,1,2,2,2
191873,7,13,8,7
191875,0,1,1,2
191877,1,2,2,2
191879,0,2,1,3
191887,1,1,2,1
191891,1,1,2,1
191895,1,9,2,9
191897,0,2,1,3
191899,1,2,2,2
191901,1,9,2,9
191903,0,2,1,3
191905,0,1,1,2
191907,0,2,1,3
191909,0,1,1,2
191911,1,9,2,9
191915,0,3,1,4
191917,0,1,1,2
191919,0,1,1,2
191921,0,1,1,2
191923,1,1,2,1
191925,2,6,3,5
191927,1,1,2,1
191929,1,3,2,3
191931,2,4,3,3
191933,0,2,1,3
191935,0,1,1,2
191937,0,1,1,2
191939,0,1,1,2
191941,16,29,17,14
191943,0,2,1,3
191945,0,2,1,3
191947,1,3,2,3
191949,0,2,1,3
191951,0,3,1,4
191953,0,2,1,3
191955,0,1,1,2
191957,0,2,1,3
191959,0,2,1,3
191961,1,2,2,2
191963,0,1,1,2
191965,4,22,5,19
191967,2,6,3,5
191969,1,4,2,4
191973,1,1,2,1
191975,0,1,1,2
191979,0,1,1,2
191981,0,1,1,2
191983,0,1,1,2
191985,0,1,1,2
191987,0,1,1,2
191989,0,1,1,2
191991,2,16,3,15
191993,0,1,1,2
191995,0,1,1,2
191997,253,329,254,77
192001,15,24,16,10
192003,1,2,2,2
192005,1,2,2,2
192011,0,1,1,2
192013,0,7,1,8
192015,6,14,7,9
192017,1,4,2,4
192019,0,3,1,4
192021,0,2,1,3
192023,0,2,1,3
192025,12,28,13,17
192027,0,1,1,2
192029,0,1,1,2
192031,0,1,1,2
192033,0,1,1,2
192035,0,5,1,6
192039,0,2,1,3
192041,0,1,1,2
192043,0,1,1,2
192045,91,177,92,87
192047,1,2,2,2
192049,0,2,1,3
192051,2,7,3,6
192053,0,6,1,7
192055,6,19,7,14
192057,0,1,1,2
192059,0,1,1,2
192061,0,1,1,2
192063,2,2,3,1
192065,1,2,2,2
192067,0,1,1,2
192069,0,1,1,2
192071,0,1,1,2
192073,1,2,2,2
192075,0,1,1,2
192077,0,1,1,2
192079,0,2,1,3
192081,16,69,17,54
192083,1,1,2,1
192085,0,3,1,4
192087,0,1,1,2
192089,1,1,2,1
192091,0,2,1,3
192093,1,3,2,3
192095,0,1,1,2
192097,0,2,1,3
192099,0,1,1,2
192101,1,1,2,1
192103,0,6,1,7
192105,4,21,5,18
192107,3,8,4,6
192109,50,76,51,27
192111,0,2,1,3
192113,0,2,1,3
192115,0,2,1,3
192117,0,4,1,5
192119,1,5,2,5
192121,6,19,7,14
192123,1,24,2,24
192125,1,3,2,3
192127,2,3,3,2
192131,0,2,1,3
192133,0,1,1,2
192137,1,3,2,3
192139,0,1,1,2
192141,0,2,1,3
192143,0,1,1,2
192145,1,1,2,1
192147,0,1,1,2
192149,0,3,1,4
192151,0,1,1,2
192153,0,3,1,4
192155,0,1,1,2
192157,6,18,7,13
192159,2,12,3,11
192161,0,3,1,4
192163,0,4,1,5
192165,1,3,2,3
192169,0,2,1,3
192171,0,1,1,2
192175,0,1,1,2
192177,3,6,4,4
192179,0,1,1,2
192181,1,5,2,5
192183,0,1,1,2
192185,1,4,2,4
192187,0,3,1,4
192189,1,2,2,2
192191,1,2,2,2
192195,0,1,1,2
192197,0,3,1,4
192199,0,2,1,3
192201,1,3,2,3
192203,0,2,1,3
192205,0,1,1,2
192207,0,5,1,6
192209,7,23,8,17
192211,2,2,3,1
192213,0,2,1,3
192215,0,1,1,2
192217,1,4,2,4
192219,1,3,2,3
192221,0,1,1,2
192223,1,6,2,6
192225,0,1,1,2
192227,0,1,1,2
192229,1,1,2,1
192231,1,2,2,2
192233,2,3,3,2
192235,1,1,2,1
192237,1,2,2,2
192239,1,1,2,1
192243,1,4,2,4
192245,287,604,288,318
192247,0,1,1,2
192249,0,2,1,3
192251,2,2,3,1
192253,1,3,2,3
192255,2,2,3,1
192257,1,2,2,2
192259,1,5,2,5
192261,1,2,2,2
192263,0,4,1,5
192265,5,12,6,8
192267,0,1,1,2
192271,0,1,1,2
192273,1,6,2,6
192275,3,9,4,7
192277,0,2,1,3
192279,2,4,3,3
192281,2,4,3,3
192283,285,698,286,414
192285,21,31,22,11
192287,1,2,2,2
192289,1,4,2,4
192291,1,5,2,5
192293,4,11,5,8
192295,0,1,1,2
192297,1,3,2,3
192299,0,2,1,3
192301,0,4,1,5
192303,0,1,1,2
192305,0,1,1,2
192307,67,405,68,339
192309,0,1,1,2
192311,0,1,1,2
192313,0,1,1,2
192315,3,17,4,15
192317,1,3,2,3
192319,33,71,34,39
192321,0,1,1,2
192323,0,2,1,3
192325,4,5,5,2
192327,2,4,3,3
192329,0,1,1,2
192331,1,5,2,5
192333,0,1,1,2
192335,0,1,1,2
192337,0,1,1,2
192339,27,39,28,13
192341,7,19,8,13
192343,0,2,1,3
192345,0,2,1,3
192349,0,1,1,2
192351,1,1,2,1
192353,1,1,2,1
192355,1,2,2,2
192357,24,75,25,52
192359,8,22,9,15
192361,2,4,3,3
192363,0,1,1,2
192365,4,11,5,8
192369,0,1,1,2
192371,0,1,1,2
192373,1,3,2,3
192375,2,18,3,17
192377,4,38,5,35
192379,323,686,324,364
192381,54,174,55,121
192383,61,141,62,81
192385,536,1042,537,507
192387,4,15,5,12
192389,339,1098,340,760
192391,4,15,5,12
192393,19,105,20,87
192395,0,1,1,2
192397,0,1,1,2
192399,1,5,2,5
192401,0,2,1,3
192403,0,2,1,3
192405,1,1,2,1
192407,1,4,2,4
192411,3,12,4,10
192413,0,1,1,2
192415,1,1,2,1
192417,2,4,3,3
192419,1,1,2,1
192421,0,1,1,2
192423,1,2,2,2
192425,0,1,1,2
192427,1,2,2,2
192429,0,3,1,4
192431,4,13,5,10
192433,0,2,1,3
192435,0,2,1,3
192437,0,1,1,2
192439,1,2,2,2
192441,0,1,1,2
192443,0,1,1,2
192445,0,1,1,2
192447,0,1,1,2
192449,1,3,2,3
192451,0,1,1,2
192453,0,2,1,3
192455,0,1,1,2
192457,0,2,1,3
192459,0,4,1,5
192461,0,6,1,7
192463,1,2,2,2
192465,2,5,3,4
192467,1,2,2,2
192469,1,3,2,3
192471,1,3,2,3
192473,0,1,1,2
192475,2,2,3,1
192477,0,1,1,2
192479,3,8,4,6
192481,0,1,1,2
192483,0,1,1,2
192487,0,2,1,3
192489,5,14,6,10
192491,5,15,6,11
192493,0,1,1,2
192495,0,1,1,2
192497,7,18,8,12
192499,1,1,2,1
192501,1,1,2,1
192503,29,59,30,31
192509,1,1,2,1
192511,1,1,2,1
192513,1,2,2,2
192515,0,1,1,2
192517,0,3,1,4
192519,0,1,1,2
192521,0,1,1,2
192523,0,2,1,3
192531,0,1,1,2
192533,0,1,1,2
192535,4,5,5,2
192537,2,8,3,7
192539,0,3,1,4
192541,2,4,3,3
192543,1,4,2,4
192545,2,14,3,13
192547,0,5,1,6
192549,0,3,1,4
192551,38,158,39,121
192553,0,3,1,4
192557,1,3,2,3
192559,23,155,24,133
192561,21,122,22,102
192563,0,2,1,3
192565,12,26,13,15
192567,0,2,1,3
192571,1,3,2,3
192573,3,6,4,4
192575,0,1,1,2
192577,1,1,2,1
192579,69,237,70,169
192581,3,5,4,3
192583,0,1,1,2
192587,1,2,2,2
192589,1,1,2,1
192591,0,2,1,3
192593,1,6,2,6
192595,0,1,1,2
192597,0,1,1,2
192599,0,1,1,2
192601,1,1,2,1
192603,0,2,1,3
192611,0,3,1,4
192613,0,2,1,3
192615,0,3,1,4
192617,0,1,1,2
192619,0,1,1,2
192623,1,2,2,2
192625,1,1,2,1
192627,0,1,1,2
192635,0,2,1,3
192637,0,1,1,2
192639,2,16,3,15
192641,0,1,1,2
192643,0,1,1,2
192645,0,3,1,4
192647,0,1,1,2
192649,11,19,12,9
192651,0,3,1,4
192655,0,1,1,2
192659,0,1,1,2
192661,1,1,2,1
192667,0,1,1,2
192669,0,1,1,2
192671,1,2,2,2
192675,2,2,3,1
192677,0,5,1,6
192681,0,1,1,2
192683,2,2,3,1
192685,1,1,2,1
192687,0,1,1,2
192689,1,2,2,2
192691,0,1,1,2
192693,5,11,6,7
192695,1,2,2,2
192697,32,91,33,60
192699,0,2,1,3
192701,4,19,5,16
192703,0,2,1,3
192705,1,2,2,2
192707,0,2,1,3
192709,2,6,3,5
192711,1,1,2,1
192713,2,9,3,8
192715,1,1,2,1
192717,0,3,1,4
192721,0,2,1,3
192723,1,1,2,1
192727,0,1,1,2
192729,3,8,4,6
192731,0,5,1,6
192733,0,1,1,2
192735,0,1,1,2
192737,0,3,1,4
192743,2,2,3,1
192745,2,2,3,1
192747,0,2,1,3
192749,10,18,11,9
192751,0,2,1,3
192753,5,15,6,11
192755,0,12,1,13
192757,1,3,2,3
192759,1,4,2,4
192761,2,19,3,18
192763,0,1,1,2
192765,1,15,2,15
192767,1,1,2,1
192769,1,3,2,3
192771,1,2,2,2
192773,0,1,1,2
192775,0,2,1,3
192777,2,11,3,10
192783,1,3,2,3
192785,0,1,1,2
192787,3,22,4,20
192789,0,2,1,3
192791,0,5,1,6
192793,0,1,1,2
192795,0,2,1,3
192797,1,9,2,9
192799,2,7,3,6
192801,1,2,2,2
192803,1231,2151,1232,921
192811,1,3,2,3
192813,1,2,2,2
192815,0,1,1,2
192819,0,1,1,2
192821,0,1,1,2
192823,2,5,3,4
192825,0,3,1,4
192827,1,1,2,1
192829,1,1,2,1
192831,0,1,1,2
192833,1,5,2,5
192835,0,6,1,7
192837,0,3,1,4
192839,1,1,2,1
192841,2,5,3,4
192843,1,2,2,2
192845,0,7,1,8
192847,0,2,1,3
192849,4,11,5,8
192851,4,7,5,4
192853,0,1,1,2
192855,2,7,3,6
192857,1,2,2,2
192859,0,1,1,2
192861,0,3,1,4
192863,0,2,1,3
192865,2,2,3,1
192869,0,2,1,3
192873,0,1,1,2
192875,0,8,1,9
192877,0,1,1,2
192879,0,1,1,2
192881,2,2,3,1
192883,2,3,3,2
192885,0,2,1,3
192887,0,1,1,2
192889,0,4,1,5
192891,0,2,1,3
192895,0,2,1,3
192897,0,2,1,3
192899,0,2,1,3
192901,1,2,2,2
192903,1,2,2,2
192905,0,1,1,2
192907,1,1,2,1
192909,0,2,1,3
192911,10,32,11,23
192913,1,2,2,2
192915,0,1,1,2
192917,1,2,2,2
192919,1,1,2,1
192923,0,1,1,2
192925,0,2,1,3
192927,0,2,1,3
192929,0,1,1,2
192931,2,4,3,3
192933,0,1,1,2
192935,2,6,3,5
192937,1,4,2,4
192939,0,1,1,2
192941,2,2,3,1
192943,2,3,3,2
192945,4,7,5,4
192953,5,9,6,5
192955,0,2,1,3
192957,0,1,1,2
192959,0,3,1,4
192961,1,5,2,5
192963,3,6,4,4
192965,0,6,1,7
192967,1,2,2,2
192969,0,9,1,10
192971,0,1,1,2
192973,0,2,1,3
192975,0,2,1,3
192979,0,4,1,5
192981,6,13,7,8
192983,2,3,3,2
192985,2,2,3,1
192987,1,2,2,2
192989,2,4,3,3
192991,1,5,2,5
192993,0,7,1,8
192995,0,3,1,4
192997,40,94,41,55
192999,4,17,5,14
193001,3,6,4,4
193003,1,2,2,2
193005,1,1,2,1
193007,1,3,2,3
193009,3,6,4,4
193011,0,2,1,3
193013,2,9,3,8
193015,0,3,1,4
193017,1,5,2,5
193019,0,1,1,2
193021,1,2,2,2
193023,1,2,2,2
193025,1,5,2,5
193027,0,3,1,4
193031,0,2,1,3
193033,0,1,1,2
193035,0,1,1,2
193037,0,1,1,2
193039,1,3,2,3
193041,43,60,44,18
193043,0,2,1,3
193045,0,1,1,2
193047,1,1,2,1
193049,2,5,3,4
193051,1,2,2,2
193053,0,1,1,2
193055,1,1,2,1
193059,1,2,2,2
193061,0,4,1,5
193063,1,3,2,3
193065,490,837,491,348
193067,2,6,3,5
193069,0,4,1,5
193071,1,6,2,6
193073,8,15,9,8
193075,0,2,1,3
193077,1,1,2,1
193087,0,1,1,2
193089,0,1,1,2
193091,1,3,2,3
193095,0,1,1,2
193097,0,1,1,2
193099,0,1,1,2
193101,0,1,1,2
193107,1,3,2,3
193109,0,1,1,2
193113,0,3,1,4
193115,1,3,2,3
193117,1,3,2,3
193119,14,36,15,23
193121,0,1,1,2
193123,2,5,3,4
193125,0,2,1,3
193127,1,1,2,1
193129,1,1,2,1
193131,1,1,2,1
193133,0,2,1,3
193135,0,2,1,3
193137,2,10,3,9
193139,1,3,2,3
193143,1,2,2,2
193145,1,2,2,2
193147,150,286,151,137
193149,0,3,1,4
193155,0,1,1,2
193157,0,1,1,2
193161,0,2,1,3
193163,0,2,1,3
193165,0,2,1,3
193169,0,1,1,2
193171,0,1,1,2
193175,35,128,36,94
193177,1,3,2,3
193179,1,1,2,1
193181,2,6,3,5
193183,1,8,2,8
193185,41,110,42,70
193187,2,2,3,1
193189,6,14,7,9
193191,0,2,1,3
193193,0,2,1,3
193195,0,3,1,4
193197,0,2,1,3
193199,0,2,1,3
193201,1,4,2,4
193203,0,2,1,3
193205,2,3,3,2
193209,0,1,1,2
193211,0,1,1,2
193213,0,1,1,2
193215,0,2,1,3
193217,0,3,1,4
193219,1,5,2,5
193221,0,8,1,9
193223,2,5,3,4
193225,0,1,1,2
193227,1,3,2,3
193229,0,1,1,2
193231,2,4,3,3
193233,1,2,2,2
193235,1,1,2,1
193237,0,1,1,2
193239,0,1,1,2
193241,0,1,1,2
193243,18,73,19,56
193245,1,3,2,3
193247,1,1,2,1
193249,1,2,2,2
193251,0,1,1,2
193253,11,18,12,8
193255,2,3,3,2
193257,1,1,2,1
193259,4,5,5,2
193261,0,5,1,6
193263,0,2,1,3
193265,0,1,1,2
193267,0,3,1,4
193269,0,2,1,3
193271,0,2,1,3
193273,2,5,3,4
193275,0,1,1,2
193277,2,4,3,3
193279,1,1,2,1
193281,0,3,1,4
193283,1,5,2,5
193285,0,1,1,2
193287,4,16,5,13
193289,1,2,2,2
193291,0,3,1,4
193293,0,1,1,2
193295,0,7,1,8
193297,1,5,2,5
193299,0,5,1,6
193303,0,2,1,3
193305,0,1,1,2
193307,4,7,5,4
193309,1,1,2,1
193315,0,5,1,6
193321,1,2,2,2
193323,1,14,2,14
193325,0,1,1,2
193327,2,4,3,3
193329,0,1,1,2
193331,0,1,1,2
193333,1,4,2,4
193335,2,4,3,3
193337,0,1,1,2
193339,1,2,2,2
193341,1,1,2,1
193343,1,3,2,3
193345,3,3,4,1
193347,0,5,1,6
193349,0,1,1,2
193351,1,1,2,1
193353,1,3,2,3
193355,0,1,1,2
193357,2,5,3,4
193359,0,2,1,3
193361,0,2,1,3
193363,0,5,1,6
193365,1,1,2,1
193369,1,2,2,2
193371,7,14,8,8
193373,2,4,3,3
193375,0,1,1,2
193377,1,2,2,2
193379,1,4,2,4
193381,1,3,2,3
193383,1,2,2,2
193385,1,2,2,2
193387,1,3,2,3
193389,1,2,2,2
193391,0,1,1,2
193393,0,1,1,2
193395,2,16,3,15
193397,0,3,1,4
193399,0,1,1,2
193401,0,1,1,2
193403,2,3,3,2
193405,5,14,6,10
193407,3,4,4,2
193409,5,18,6,14
193411,0,1,1,2
193413,0,1,1,2
193415,0,2,1,3
193417,3,7,4,5
193419,0,1,1,2
193421,0,1,1,2
193423,1,2,2,2
193425,0,1,1,2
193427,0,2,1,3
193429,0,2,1,3
193431,0,2,1,3
193435,1,1,2,1
193437,0,1,1,2
193439,12,18,13,7
193441,1,5,2,5
193443,1,1,2,1
193445,15,45,16,31
193447,2,12,3,11
193449,136,251,137,116
193451,2,35,3,34
193455,11,22,12,12
193457,2,3,3,2
193459,1,1,2,1
193461,0,1,1,2
193463,0,2,1,3
193465,1,6,2,6
193467,0,1,1,2
193469,1,3,2,3
193471,0,2,1,3
193473,0,5,1,6
193475,0,5,1,6
193477,66,186,67,121
193479,1,4,2,4
193481,2,4,3,3
193483,0,1,1,2
193485,2,4,3,3
193487,0,1,1,2
193489,1,3,2,3
193491,0,3,1,4
193493,2,5,3,4
193495,0,1,1,2
193497,0,2,1,3
193499,0,2,1,3
193501,3,4,4,2
193503,0,3,1,4
193505,0,2,1,3
193507,1,4,2,4
193509,0,2,1,3
193511,1,1,2,1
193515,0,1,1,2
193517,0,1,1,2
193519,0,2,1,3
193521,0,4,1,5
193523,1,5,2,5
193525,0,2,1,3
193527,3,3,4,1
193529,2,2,3,1
193531,1,1,2,1
193533,9,26,10,18
193535,0,2,1,3
193537,4,8,5,5
193539,2,5,3,4
193541,0,2,1,3
193543,3,7,4,5
193545,0,1,1,2
193547,0,2,1,3
193549,0,1,1,2
193551,0,1,1,2
193553,0,3,1,4
193555,0,2,1,3
193559,0,3,1,4
193561,3,6,4,4
193563,3,6,4,4
193565,1,3,2,3
193567,1,3,2,3
193569,0,1,1,2
193571,1,1,2,1
193573,1,2,2,2
193575,1,8,2,8
193577,1,2,2,2
193579,0,1,1,2
193581,2,2,3,1
193583,2,3,3,2
193585,0,2,1,3
193587,1,4,2,4
193589,33,85,34,53
193591,0,1,1,2
193593,0,2,1,3
193595,4,31,5,28
193597,3,5,4,3
193599,103,187,104,85
193603,0,6,1,7
193605,7,23,8,17
193607,0,2,1,3
193609,1,2,2,2
193611,0,3,1,4
193613,0,2,1,3
193615,0,1,1,2
193617,0,1,1,2
193619,0,1,1,2
193623,0,3,1,4
193629,1,5,2,5
193631,0,2,1,3
193633,0,1,1,2
193635,3,3,4,1
193637,8,18,9,11
193639,3,4,4,2
193641,0,1,1,2
193643,0,2,1,3
193645,0,4,1,5
193647,13,81,14,69
193649,1,2,2,2
193651,0,2,1,3
193653,5,6,6,2
193655,0,1,1,2
193657,0,2,1,3
193659,0,2,1,3
193661,0,3,1,4
193663,3,5,4,3
193665,2,2,3,1
193667,0,3,1,4
193669,0,2,1,3
193671,2,3,3,2
193673,2,3,3,2
193675,1,1,2,1
193677,1,3,2,3
193679,0,2,1,3
193681,1,2,2,2
193683,2,7,3,6
193685,0,1,1,2
193687,3,5,4,3
193689,0,2,1,3
193691,0,2,1,3
193693,0,1,1,2
193695,1,4,2,4
193697,26,110,27,85
193699,2,2,3,1
193701,1,1,2,1
193705,7,15,8,9
193707,0,1,1,2
193709,0,1,1,2
193713,1,1,2,1
193715,0,2,1,3
193719,3,3,4,1
193721,0,1,1,2
193723,0,1,1,2
193725,5,11,6,7
193727,1,1,2,1
193729,2,3,3,2
193731,0,2,1,3
193737,1,2,2,2
193739,0,3,1,4
193743,0,1,1,2
193745,0,4,1,5
193747,1,3,2,3
193749,5,25,6,21
193751,0,1,1,2
193753,5,7,6,3
193755,0,1,1,2
193757,1,5,2,5
193759,4,12,5,9
193761,0,8,1,9
193763,1,3,2,3
193765,1,1,2,1
193767,0,2,1,3
193769,1,2,2,2
193771,6,17,7,12
193773,0,2,1,3
193775,0,4,1,5
193777,0,1,1,2
193779,2,20,3,19
193781,5,9,6,5
193783,0,5,1,6
193785,3,3,4,1
193787,1,2,2,2
193789,1,1,2,1
193791,0,2,1,3
193793,0,3,1,4
193795,1,1,2,1
193797,1,5,2,5
193799,6,8,7,3
193801,5,6,6,2
193803,2,5,3,4
193805,3,7,4,5
193807,1,1,2,1
193809,1,5,2,5
193813,5,10,6,6
193815,0,1,1,2
193819,0,1,1,2
193821,9,27,10,19
193823,1,2,2,2
193825,0,1,1,2
193827,0,2,1,3
193829,1,2,2,2
193831,2,4,3,3
193833,1,2,2,2
193835,1,1,2,1
193837,0,3,1,4
193839,0,1,1,2
193841,0,1,1,2
193843,7,11,8,5
193847,0,1,1,2
193849,0,3,1,4
193851,13,24,14,12
193853,1,2,2,2
193855,1,6,2,6
193859,0,4,1,5
193861,0,1,1,2
193863,0,4,1,5
193864,0,1,1,2
193866,0,4,1,5
193868,1,2,2,2
193872,1,1,2,1
193874,2,2,3,1
193876,0,1,1,2
193878,1,4,2,4
193880,1,2,2,2
193882,0,3,1,4
193884,3,12,4,10
193886,1,2,2,2
193888,0,1,1,2
193894,2,24,3,23
193896,0,1,1,2
193898,14,32,15,19
193900,21,73,22,53
193902,0,5,1,6
193904,0,16,1,17
193906,18,54,19,37
193910,0,4,1,5
193912,1,1,2,1
193914,1,2,2,2
193916,21,59,22,39
193918,1,3,2,3
193920,0,1,1,2
193922,0,1,1,2
193924,1,2,2,2
193926,1,4,2,4
193928,2,3,3,2
193930,1,1,2,1
193932,0,3,1,4
193934,0,2,1,3
193936,1,2,2,2
193938,2,3,3,2
193940,0,1,1,2
193942,118,236,119,119
193944,506,955,507,450
193946,7,15,8,9
193950,555,765,556,211
193952,35,111,36,77
193954,16,78,17,63
193956,29,129,30,101
193958,99,297,100,199
193960,35,84,36,50
193962,0,6,1,7
193964,1,1,2,1
193966,0,2,1,3
193968,1,6,2,6
193970,1,3,2,3
193972,1,1,2,1
193974,6,11,7,6
193976,0,2,1,3
193978,0,1,1,2
193980,1,4,2,4
193982,0,2,1,3
193986,0,2,1,3
193988,0,2,1,3
193990,0,1,1,2
193992,0,1,1,2
193994,1,2,2,2
193998,0,1,1,2
194000,3,9,4,7
194004,97,351,98,255
194006,13,83,14,71
194008,0,1,1,2
194010,4,9,5,6
194012,2,17,3,16
194014,1,1,2,1
194016,231,614,232,384
194018,0,2,1,3
194022,1,1,2,1
194024,1,1,2,1
194026,7,34,8,28
194028,0,1,1,2
194030,1,3,2,3
194032,1,2,2,2
194034,1,1,2,1
194036,1,4,2,4
194038,0,1,1,2
194042,0,2,1,3
194044,6,14,7,9
194046,0,2,1,3
194048,3,5,4,3
194050,0,1,1,2
194052,32,80,33,49
194054,0,1,1,2
194056,0,2,1,3
194058,7,22,8,16
194060,1,7,2,7
194062,0,2,1,3
194064,0,3,1,4
194066,1,1,2,1
194068,0,2,1,3
194070,0,2,1,3
194072,0,1,1,2
194074,61,116,62,56
194076,0,3,1,4
194078,0,1,1,2
194080,0,1,1,2
194082,0,3,1,4
194084,0,1,1,2
194086,0,1,1,2
194088,2,8,3,7
194090,0,4,1,5
194092,1,3,2,3
194094,0,2,1,3
194096,0,2,1,3
194098,0,3,1,4
194100,3,15,4,13
194102,0,1,1,2
194104,1,3,2,3
194106,1,2,2,2
194108,0,2,1,3
194110,0,1,1,2
194112,1,3,2,3
194114,0,2,1,3
194116,0,1,1,2
194118,0,1,1,2
194120,0,2,1,3
194122,0,3,1,4
194124,0,3,1,4
194126,1,4,2,4
194128,0,4,1,5
194130,0,2,1,3
194132,1,8,2,8
194134,3,12,4,10
194136,0,2,1,3
194138,0,3,1,4
194140,7,13,8,7
194142,1,3,2,3
194144,3,11,4,9
194146,0,1,1,2
194148,0,1,1,2
194152,0,3,1,4
194154,0,1,1,2
194156,0,1,1,2
194158,0,4,1,5
194160,1,3,2,3
194162,0,1,1,2
194164,0,2,1,3
194166,0,1,1,2
194168,0,2,1,3
194170,1,4,2,4
194172,2,3,3,2
194174,0,1,1,2
194176,0,1,1,2
194178,0,3,1,4
194180,0,5,1,6
194182,0,1,1,2
194184,0,1,1,2
194186,0,2,1,3
194188,0,5,1,6
194190,0,2,1,3
194192,11,12,12,2
194194,0,2,1,3
194196,1,2,2,2
194198,0,2,1,3
194200,9,37,10,29
194202,1,2,2,2
194204,0,1,1,2
194206,13,47,14,35
194208,3,6,4,4
194212,3,3,4,1
194214,0,4,1,5
194216,0,2,1,3
194218,2,3,3,2
194220,1,2,2,2
194222,2,15,3,14
194224,0,1,1,2
194226,1,1,2,1
194228,1,3,2,3
194230,0,4,1,5
194232,2,7,3,6
194234,1,4,2,4
194238,8,53,9,46
194240,0,4,1,5
194242,0,3,1,4
194244,1,2,2,2
194248,1,1,2,1
194252,1,1,2,1
194254,0,4,1,5
194256,5,15,6,11
194258,2,3,3,2
194260,1,2,2,2
194262,1,2,2,2
194264,0,2,1,3
194266,1,2,2,2
194268,1,2,2,2
194270,1,1,2,1
194274,0,9,1,10
194276,0,4,1,5
194278,1,1,2,1
194280,1,1,2,1
194282,0,1,1,2
194284,1,1,2,1
194286,1,2,2,2
194288,1,1,2,1
194290,3,6,4,4
194292,0,2,1,3
194294,1,6,2,6
194296,1,4,2,4
194298,0,2,1,3
194300,1,4,2,4
194306,2,3,3,2
194308,0,8,1,9
194310,1,1,2,1
194312,42,79,43,38
194314,1,1,2,1
194316,0,1,1,2
194318,1,3,2,3
194320,1,1,2,1
194322,0,3,1,4
194324,0,1,1,2
194326,0,1,1,2
194328,1,4,2,4
194330,0,2,1,3
194332,1,2,2,2
194334,1,1,2,1
194336,0,2,1,3
194338,0,1,1,2
194340,1,1,2,1
194342,3,9,4,7
194344,0,1,1,2
194346,0,4,1,5
194348,102,262,103,161
194350,2,5,3,4
194352,3,5,4,3
194354,0,2,1,3
194356,0,1,1,2
194358,1,4,2,4
194360,1,2,2,2
194362,0,1,1,2
194364,1,2,2,2
194366,0,2,1,3
194368,0,1,1,2
194370,0,2,1,3
194372,2,3,3,2
194374,0,2,1,3
194380,0,1,1,2
194382,0,1,1,2
194386,0,1,1,2
194388,1,4,2,4
194390,0,2,1,3
194394,0,1,1,2
194396,74,254,75,181
194398,5,28,6,24
194400,139,368,140,230
194402,6,14,7,9
194404,0,1,1,2
194406,0,1,1,2
194408,0,2,1,3
194410,0,1,1,2
194412,0,1,1,2
194414,0,2,1,3
194416,0,1,1,2
194418,1,3,2,3
194420,0,4,1,5
194422,0,1,1,2
194424,0,1,1,2
194426,0,1,1,2
194428,0,3,1,4
194430,0,1,1,2
194432,0,1,1,2
194434,1,1,2,1
194436,0,3,1,4
194438,1,3,2,3
194440,0,7,1,8
194442,0,3,1,4
194448,1337,1971,1338,635
194450,12,23,13,12
194452,1,5,2,5
194454,0,2,1,3
194456,0,1,1,2
194458,0,1,1,2
194460,0,1,1,2
194462,0,2,1,3
194464,0,3,1,4
194466,0,2,1,3
194468,0,1,1,2
194472,0,3,1,4
194474,2,6,3,5
194476,1,1,2,1
194478,1,1,2,1
194480,2,6,3,5
194482,1,1,2,1
194486,0,1,1,2
194490,1,3,2,3
194492,0,2,1,3
194494,0,2,1,3
194496,1,3,2,3
194498,0,3,1,4
194500,0,1,1,2
194502,1,8,2,8
194504,1,3,2,3
194506,1,2,2,2
194508,1,3,2,3
194510,1,4,2,4
194512,1,7,2,7
194514,1,5,2,5
194516,1,9,2,9
194518,1,2,2,2
194520,1,1,2,1
194522,0,1,1,2
194526,0,3,1,4
194528,1,3,2,3
194530,2,8,3,7
194532,2,15,3,14
194534,1,1,2,1
194536,2,3,3,2
194538,0,2,1,3
194540,0,2,1,3
194546,0,1,1,2
194548,0,1,1,2
194550,1,3,2,3
194552,0,3,1,4
194554,0,1,1,2
194556,5,24,6,20
194558,0,2,1,3
194560,0,1,1,2
194562,1,1,2,1
194564,2,8,3,7
194566,1,1,2,1
194568,1,1,2,1
194570,0,2,1,3
194574,0,1,1,2
194576,0,1,1,2
194578,2,3,3,2
194580,0,1,1,2
194582,1,2,2,2
194584,5,7,6,3
194586,1,1,2,1
194588,3,5,4,3
194590,0,1,1,2
194592,0,1,1,2
194594,0,1,1,2
194596,0,1,1,2
194598,0,3,1,4
194600,1,3,2,3
194602,2,3,3,2
194604,0,3,1,4
194606,0,1,1,2
194608,0,1,1,2
194610,1,2,2,2
194612,2,8,3,7
194614,1,4,2,4
194616,1,4,2,4
194618,6,11,7,6
194620,1,4,2,4
194622,7,11,8,5
194624,1,1,2,1
194626,0,1,1,2
194628,3,4,4,2
194632,2,3,3,2
194634,0,5,1,6
194636,1,17,2,17
194638,29,73,30,45
194640,2,6,3,5
194642,0,3,1,4
194644,0,3,1,4
194646,1,5,2,5
194648,0,3,1,4
194652,2,4,3,3
194654,0,1,1,2
194656,0,5,1,6
194658,0,5,1,6
194660,0,1,1,2
194662,0,2,1,3
194664,154,247,155,94
194666,0,1,1,2
194668,0,1,1,2
194670,0,2,1,3
194674,2,4,3,3
194678,0,2,1,3
194680,2,5,3,4
194682,0,2,1,3
194684,0,2,1,3
194686,3,8,4,6
194690,0,1,1,2
194692,0,8,1,9
194694,0,1,1,2
194696,27,44,28,18
194698,1,2,2,2
194700,0,3,1,4
194704,0,2,1,3
194706,0,1,1,2
194708,0,2,1,3
194710,2,10,3,9
194712,3,4,4,2
194714,2,3,3,2
194716,0,1,1,2
194718,0,1,1,2
194720,0,3,1,4
194722,7,24,8,18
194724,2,3,3,2
194726,1,2,2,2
194728,4,7,5,4
194729,3,16,4,14
194732,0,3,1,4
194734,1,3,2,3
194736,0,2,1,3
194738,6,28,7,23
194740,0,1,1,2
194744,0,1,1,2
194746,0,2,1,3
194748,1,2,2,2
194750,0,1,1,2
194752,1,1,2,1
194760,0,1,1,2
194762,16,52,17,37
194764,0,1,1,2
194766,1,3,2,3
194768,2,2,3,1
194770,0,1,1,2
194772,0,7,1,8
194773,0,1,1,2
194775,2,4,3,3
194777,1,1,2,1
194779,1,1,2,1
194781,1,2,2,2
194783,8,15,9,8
194785,1,2,2,2
194787,1,4,2,4
194789,1,1,2,1
194793,0,1,1,2
194795,0,2,1,3
194797,4,28,5,25
194799,6,14,7,9
194801,6,21,7,16
194811,0,1,1,2
194813,0,2,1,3
194815,0,2,1,3
194817,0,1,1,2
194819,0,8,1,9
194821,1,2,2,2
194823,1,3,2,3
194825,0,2,1,3
194827,0,1,1,2
194829,1,8,2,8
194831,1,6,2,6
194833,0,1,1,2
194835,1,6,2,6
194837,0,2,1,3
194839,0,2,1,3
194843,0,1,1,2
194845,1,3,2,3
194847,0,2,1,3
194849,0,2,1,3
194851,0,2,1,3
194853,1,2,2,2
194855,0,1,1,2
194857,1,2,2,2
194859,0,1,1,2
194861,9,18,10,10
194863,1,3,2,3
194865,0,2,1,3
194867,0,1,1,2
194869,1,1,2,1
194871,8,28,9,21
194873,1,1,2,1
194875,1,2,2,2
194877,0,3,1,4
194881,1,1,2,1
194883,2,2,3,1
194885,1,2,2,2
194889,1,1,2,1
194891,1,1,2,1
194893,0,1,1,2
194895,0,1,1,2
194897,1,6,2,6
194899,1,3,2,3
194903,8,18,9,11
194905,0,1,1,2
194907,0,1,1,2
194909,0,2,1,3
194911,5,10,6,6
194913,1,4,2,4
194915,1,2,2,2
194917,1,4,2,4
194919,3,14,4,12
194921,1,2,2,2
194925,0,3,1,4
194927,4,13,5,10
194929,3,12,4,10
194931,4,14,5,11
194933,0,1,1,2
194935,0,6,1,7
194937,0,1,1,2
194941,2,2,3,1
194943,2,2,3,1
194945,1,6,2,6
194947,37,128,38,92
194949,1,3,2,3
194951,277,893,278,617
194953,3,5,4,3
194955,0,2,1,3
194957,0,1,1,2
194959,14,73,15,60
194961,1,1,2,1
194963,0,1,1,2
194965,1,3,2,3
194967,1,9,2,9
194969,12,31,13,20
194973,8,12,9,5
194975,13,56,14,44
194977,4,7,5,4
194979,2,5,3,4
194981,0,1,1,2
194983,1,9,2,9
194985,1,5,2,5
194987,0,3,1,4
194989,3,5,4,3
194991,3,12,4,10
194993,0,2,1,3
194995,1,1,2,1
194997,1,1,2,1
194999,1,3,2,3
195001,15,47,16,33
195003,1,1,2,1
195005,1,3,2,3
195007,1,5,2,5
195009,1,9,2,9
195013,1,2,2,2
195017,1,2,2,2
195019,1,7,2,7
195021,1,1,2,1
195023,1,2,2,2
195025,1,1,2,1
195027,2,3,3,2
195029,1,3,2,3
195031,1,2,2,2
195033,0,2,1,3
195037,1,2,2,2
195041,6,27,7,22
195043,0,3,1,4
195045,7,25,8,19
195047,2,4,3,3
195049,2,5,3,4
195051,1,3,2,3
195053,0,1,1,2
195057,0,1,1,2
195059,1,1,2,1
195063,0,2,1,3
195065,1,8,2,8
195067,1,10,2,10
195069,0,1,1,2
195071,2,14,3,13
195073,0,1,1,2
195075,5,18,6,14
195077,0,2,1,3
195079,1,2,2,2
195081,3,4,4,2
195083,0,1,1,2
195085,1,2,2,2
195087,3,3,4,1
195089,0,2,1,3
195091,1,6,2,6
195093,0,1,1,2
195095,8,21,9,14
195097,0,1,1,2
195099,1,2,2,2
195101,0,2,1,3
195103,0,2,1,3
195105,0,2,1,3
195107,0,2,1,3
195109,3,4,4,2
195111,0,1,1,2
195113,0,4,1,5
195115,3,9,4,7
195117,0,1,1,2
195119,1,1,2,1
195121,2,5,3,4
195123,1,2,2,2
195125,2,6,3,5
195127,2,5,3,4
195129,2,2,3,1
195131,0,1,1,2
195133,0,1,1,2
195135,1,4,2,4
195139,1,3,2,3
195141,1,3,2,3
195147,0,1,1,2
195149,3,7,4,5
195151,0,1,1,2
195153,0,2,1,3
195155,1,3,2,3
195157,2,3,3,2
195159,2336,3085,2337,750
195161,82,311,83,230
195163,134,410,135,277
195165,9,100,10,92
195167,58,123,59,66
195169,1,1,2,1
195171,2,7,3,6
195173,2,4,3,3
195175,1,11,2,11
195177,0,1,1,2
195179,0,1,1,2
195181,0,3,1,4
195183,0,2,1,3
195185,0,1,1,2
195187,0,1,1,2
195189,2,2,3,1
195191,2,3,3,2
195193,0,2,1,3
195195,0,2,1,3
195197,1,1,2,1
195199,0,2,1,3
195201,1,2,2,2
195203,0,1,1,2
195205,0,1,1,2
195207,4,9,5,6
195211,1,1,2,1
195213,1,2,2,2
195215,1,1,2,1
195217,1,3,2,3
195219,0,2,1,3
195225,0,2,1,3
195227,0,1,1,2
195229,1,4,2,4
195231,2,2,3,1
195233,0,3,1,4
195235,0,2,1,3
195237,0,3,1,4
195239,0,1,1,2
195241,0,2,1,3
195243,0,1,1,2
195245,0,3,1,4
195247,2,3,3,2
195249,0,1,1,2
195251,4,27,5,24
195253,1,2,2,2
195255,3,19,4,17
195257,1,11,2,11
195259,0,4,1,5
195261,2,8,3,7
195263,7,8,8,2
195265,0,1,1,2
195267,1,6,2,6
195269,0,1,1,2
195271,0,1,1,2
195273,0,3,1,4
195275,0,3,1,4
195277,1,7,2,7
195279,1,4,2,4
195281,4,6,5,3
195283,0,5,1,6
195285,0,2,1,3
195287,1,3,2,3
195289,1,2,2,2
195291,1,7,2,7
195293,6,34,7,29
195295,33,93,34,61
195297,12,19,13,8
195299,1,1,2,1
195301,2,4,3,3
195303,12,24,13,13
195305,46,109,47,64
195307,4,13,5,10
195309,0,1,1,2
195311,1,1,2,1
195313,1,1,2,1
195315,15,24,16,10
195317,1,3,2,3
195319,2,3,3,2
195321,0,1,1,2
195323,0,1,1,2
195325,0,2,1,3
195327,2,3,3,2
195329,0,1,1,2
195331,2,2,3,1
195333,1,1,2,1
195335,1,3,2,3
195337,1,2,2,2
195339,0,1,1,2
195343,2,11,3,10
195345,0,1,1,2
195347,0,3,1,4
195349,5,16,6,12
195351,0,1,1,2
195355,0,1,1,2
195357,2,3,3,2
195359,1,2,2,2
195361,0,2,1,3
195363,0,1,1,2
195365,2,8,3,7
195367,0,3,1,4
195369,1,1,2,1
195371,0,1,1,2
195373,0,1,1,2
195375,1,5,2,5
195377,0,3,1,4
195379,1,1,2,1
195381,0,2,1,3
195383,0,1,1,2
195385,1,7,2,7
195387,0,1,1,2
195389,0,2,1,3
195391,5,10,6,6
195395,0,1,1,2
195399,1,2,2,2
195401,0,1,1,2
195403,0,2,1,3
195405,0,3,1,4
195407,0,3,1,4
195409,1,1,2,1
195411,0,2,1,3
195415,1,6,2,6
195417,1,2,2,2
195419,0,1,1,2
195421,0,2,1,3
195423,3,5,4,3
195425,0,5,1,6
195427,1,4,2,4
195429,3,16,4,14
195431,1,3,2,3
195433,1,2,2,2
195435,1,1,2,1
195437,2,2,3,1
195439,0,1,1,2
195441,0,1,1,2
195443,0,3,1,4
195445,2,4,3,3
195447,0,2,1,3
195449,0,1,1,2
195451,4,7,5,4
195453,3,3,4,1
195455,0,1,1,2
195457,0,1,1,2
195459,0,2,1,3
195461,0,6,1,7
195463,1,9,2,9
195465,0,2,1,3
195467,1,5,2,5
195469,0,2,1,3
195471,0,1,1,2
195473,3,8,4,6
195475,0,1,1,2
195477,0,2,1,3
195479,1,4,2,4
195481,0,2,1,3
195483,0,1,1,2
195485,10,25,11,16
195487,2,8,3,7
195489,1,2,2,2
195491,1,4,2,4
195495,2,3,3,2
195497,234,520,235,287
195499,0,2,1,3
195503,2,4,3,3
195505,0,1,1,2
195507,0,2,1,3
195509,0,1,1,2
195511,1,2,2,2
195513,1,2,2,2
195515,1,4,2,4
195517,0,2,1,3
195519,0,3,1,4
195521,0,1,1,2
195523,1,2,2,2
195525,0,3,1,4
195527,1,1,2,1
195529,9,9,10,1
195533,2,11,3,10
195535,0,3,1,4
195537,0,3,1,4
195543,0,1,1,2
195545,0,2,1,3
195547,0,1,1,2
195549,1,1,2,1
195551,11,24,12,14
195553,2,5,3,4
195555,0,2,1,3
195559,0,1,1,2
195561,11,35,12,25
195563,0,1,1,2
195565,1,2,2,2
195567,1,2,2,2
195573,3,3,4,1
195575,0,1,1,2
195577,0,1,1,2
195581,3,5,4,3
195583,0,3,1,4
195585,0,4,1,5
195587,0,3,1,4
195589,1,3,2,3
195591,0,1,1,2
195593,0,1,1,2
195595,2,4,3,3
195597,1,3,2,3
195601,0,1,1,2
195603,1,2,2,2
195605,0,2,1,3
195607,0,1,1,2
195609,0,1,1,2
195611,1,1,2,1
195613,1,1,2,1
195615,2,3,3,2
195617,1,2,2,2
195619,2,6,3,5
195621,0,1,1,2
195623,0,2,1,3
195625,0,2,1,3
195627,0,3,1,4
195629,0,1,1,2
195631,0,2,1,3
195633,1,3,2,3
195635,1,6,2,6
195637,0,3,1,4
195639,17,71,18,55
195641,2,2,3,1
195643,1,3,2,3
195647,0,1,1,2
195649,3,3,4,1
195651,0,3,1,4
195653,1,1,2,1
195655,3,8,4,6
195659,0,3,1,4
195661,0,1,1,2
195663,1,1,2,1
195665,0,2,1,3
195667,1,1,2,1
195669,3,5,4,3
195671,12,20,13,9
195673,0,3,1,4
195675,0,1,1,2
195679,0,2,1,3
195681,7,11,8,5
195683,1,2,2,2
195685,0,1,1,2
195687,1,1,2,1
195689,0,4,1,5
195691,0,3,1,4
195693,1,1,2,1
195695,1,3,2,3
195697,0,1,1,2
195701,2,7,3,6
195703,1,5,2,5
195705,0,1,1,2
195707,0,6,1,7
195709,1,2,2,2
195713,5,20,6,16
195715,3,5,4,3
195717,1,4,2,4
195719,0,6,1,7
195721,0,5,1,6
195723,4,9,5,6
195725,3,7,4,5
195727,1,4,2,4
195729,1,2,2,2
195731,2,4,3,3
195733,21,36,22,16
195735,0,4,1,5
195739,1,6,2,6
195741,0,3,1,4
195743,1,1,2,1
195745,15,32,16,18
195747,0,3,1,4
195749,2,3,3,2
195751,0,3,1,4
195753,2,5,3,4
195755,2,7,3,6
195757,2,22,3,21
195759,1,1,2,1
195761,2,5,3,4
195763,0,1,1,2
195765,1,2,2,2
195767,1,12,2,12
195769,1,2,2,2
195773,0,1,1,2
195775,0,3,1,4
195777,74,384,75,311
195779,4,6,5,3
195781,1,3,2,3
195783,0,2,1,3
195785,1,3,2,3
195787,2,4,3,3
195795,1,5,2,5
195797,2,3,3,2
195805,1,4,2,4
195809,0,1,1,2
195811,0,2,1,3
195813,0,1,1,2
195815,1,1,2,1
195817,0,1,1,2
195819,1,1,2,1
195821,0,1,1,2
195823,29,114,30,86
195825,1,3,2,3
195827,0,1,1,2
195831,0,1,1,2
195835,1,2,2,2
195837,0,4,1,5
195839,1,4,2,4
195841,0,1,1,2
195843,0,1,1,2
195847,8,45,9,38
195849,34,92,35,59
195851,1,1,2,1
195853,0,2,1,3
195855,0,6,1,7
195859,0,2,1,3
195861,3,6,4,4
195863,1,7,2,7
195865,1,1,2,1
195867,3,4,4,2
195869,0,4,1,5
195871,1,2,2,2
195873,1,5,2,5
195875,0,2,1,3
195877,0,3,1,4
195879,2,3,3,2
195881,0,2,1,3
195885,0,3,1,4
195887,1,4,2,4
195889,2,2,3,1
195891,1,3,2,3
195893,1,3,2,3
195895,1,4,2,4
195897,2,5,3,4
195899,7,10,8,4
195901,2,5,3,4
195903,1,2,2,2
195905,0,1,1,2
195907,0,3,1,4
195909,1,3,2,3
195911,1,6,2,6
195913,0,1,1,2
195915,0,2,1,3
195917,0,2,1,3
195919,0,1,1,2
195921,104,313,105,210
195923,0,3,1,4
195925,0,2,1,3
195927,4,4,5,1
195929,0,3,1,4
195931,8,16,9,9
195933,0,2,1,3
195937,2,4,3,3
195939,3,3,4,1
195941,1,1,2,1
195943,0,1,1,2
195945,0,1,1,2
195947,1,2,2,2
195949,0,1,1,2
195953,1,2,2,2
195955,1,3,2,3
195957,0,1,1,2
195959,1,4,2,4
195961,1,2,2,2
195963,2,4,3,3
195965,0,1,1,2
195967,0,1,1,2
195969,3,3,4,1
195971,0,1,1,2
195973,1,1,2,1
195975,1,1,2,1
195977,2,10,3,9
195979,0,2,1,3
195981,2,9,3,8
195983,2,4,3,3
195985,0,1,1,2
195987,4,8,5,5
195989,0,1,1,2
195991,0,1,1,2
195993,0,6,1,7
195995,1,2,2,2
195997,0,2,1,3
195999,0,2,1,3
196001,3,4,4,2
196003,0,2,1,3
196005,3,6,4,4
196009,0,3,1,4
196011,1,1,2,1
196013,1,1,2,1
196015,1,1,2,1
196017,0,1,1,2
196019,1,2,2,2
196021,3,22,4,20
196023,1,1,2,1
196025,3,5,4,3
196027,0,2,1,3
196029,1,4,2,4
196031,0,2,1,3
196033,1,2,2,2
196035,2,9,3,8
196037,0,7,1,8
196039,0,1,1,2
196041,3,6,4,4
196043,1,4,2,4
196045,0,2,1,3
196047,0,2,1,3
196049,0,1,1,2
196051,0,1,1,2
196053,1,5,2,5
196055,0,1,1,2
196057,1,2,2,2
196061,0,2,1,3
196063,1,1,2,1
196065,0,4,1,5
196067,36,49,37,14
196071,1,3,2,3
196073,8,15,9,8
196075,0,3,1,4
196077,0,2,1,3
196079,0,2,1,3
196081,9,44,10,36
196083,0,2,1,3
196085,5,7,6,3
196087,3,4,4,2
196089,1,1,2,1
196091,0,1,1,2
196093,1,6,2,6
196095,0,8,1,9
196097,2,8,3,7
196101,1,2,2,2
196103,0,1,1,2
196105,1,1,2,1
196107,0,1,1,2
196111,0,5,1,6
196113,7,29,8,23
196115,1,3,2,3
196117,7,15,8,9
196119,1,1,2,1
196121,2,4,3,3
196123,1,2,2,2
196125,1,2,2,2
196127,1,3,2,3
196129,0,1,1,2
196131,1,1,2,1
196135,0,2,1,3
196137,0,1,1,2
196139,0,1,1,2
196141,1,4,2,4
196143,1,2,2,2
196145,0,1,1,2
196147,0,1,1,2
196149,0,3,1,4
196153,0,1,1,2
196155,0,1,1,2
196157,0,1,1,2
196159,0,1,1,2
196161,0,1,1,2
196163,1,1,2,1
196165,0,1,1,2
196167,1,6,2,6
196169,1,4,2,4
196171,0,5,1,6
196173,1,2,2,2
196175,11,58,12,48
196181,0,4,1,5
196183,0,1,1,2
196185,0,1,1,2
196187,0,1,1,2
196191,9,21,10,13
196195,0,2,1,3
196197,0,1,1,2
196199,0,7,1,8
196201,1,4,2,4
196203,0,2,1,3
196205,1,2,2,2
196209,2,4,3,3
196211,1,8,2,8
196213,1,3,2,3
196215,1,3,2,3
196217,1,3,2,3
196219,0,1,1,2
196223,20,164,21,145
196225,1,2,2,2
196227,2,6,3,5
196229,1,1,2,1
196231,0,8,1,9
196233,0,5,1,6
196235,0,1,1,2
196237,0,3,1,4
196239,2,8,3,7
196241,2,6,3,5
196243,5,9,6,5
196245,0,3,1,4
196247,0,6,1,7
196249,0,5,1,6
196251,0,2,1,3
196255,2,5,3,4
196257,5,17,6,13
196259,0,1,1,2
196261,0,1,1,2
196263,0,1,1,2
196265,2,4,3,3
196267,5,12,6,8
196269,0,1,1,2
196271,0,2,1,3
196273,0,1,1,2
196275,0,1,1,2
196277,0,2,1,3
196281,0,1,1,2
196283,0,1,1,2
196285,1,2,2,2
196287,1,2,2,2
196289,0,1,1,2
196291,0,1,1,2
196293,2,8,3,7
196295,0,3,1,4
196297,0,1,1,2
196301,0,2,1,3
196303,0,1,1,2
196305,0,2,1,3
196307,4,6,5,3
196309,0,1,1,2
196311,2,4,3,3
196313,1,3,2,3
196315,1,4,2,4
196317,1,5,2,5
196319,2,4,3,3
196321,1,3,2,3
196325,1,2,2,2
196327,0,2,1,3
196329,1,2,2,2
196331,0,1,1,2
196333,0,2,1,3
196335,1,5,2,5
196337,1,2,2,2
196339,0,2,1,3
196341,9,40,10,32
196343,12,22,13,11
196345,2,5,3,4
196347,0,1,1,2
196349,0,1,1,2
196351,0,1,1,2
196353,0,2,1,3
196357,0,5,1,6
196359,1,1,2,1
196363,1,1,2,1
196365,6,13,7,8
196367,0,2,1,3
196369,1,2,2,2
196371,2,4,3,3
196373,1,3,2,3
196375,0,2,1,3
196377,2,3,3,2
196379,0,2,1,3
196381,0,12,1,13
196383,4,5,5,2
196385,2,5,3,4
196387,1,1,2,1
196389,1,2,2,2
196391,0,2,1,3
196393,0,2,1,3
196395,1,4,2,4
196397,0,1,1,2
196399,1,7,2,7
196401,0,2,1,3
196403,0,1,1,2
196405,5,11,6,7
196407,0,7,1,8
196409,1,2,2,2
196411,0,1,1,2
196413,1,3,2,3
196415,0,2,1,3
196417,192,395,193,204
196419,0,1,1,2
196421,8,14,9,7
196423,0,1,1,2
196425,0,1,1,2
196427,2,10,3,9
196429,0,2,1,3
196431,1,5,2,5
196433,0,3,1,4
196435,1,2,2,2
196437,0,9,1,10
196439,0,2,1,3
196441,0,1,1,2
196443,2,2,3,1
196445,0,2,1,3
196447,1,3,2,3
196449,1,1,2,1
196451,1,2,2,2
196453,0,1,1,2
196455,0,1,1,2
196457,0,1,1,2
196459,0,1,1,2
196461,0,2,1,3
196463,1,3,2,3
196465,0,2,1,3
196467,1,4,2,4
196469,1,2,2,2
196471,0,1,1,2
196473,1,2,2,2
196475,1,3,2,3
196477,0,2,1,3
196479,0,3,1,4
196481,0,1,1,2
196483,1,1,2,1
196485,1,2,2,2
196487,11,43,12,33
196489,0,1,1,2
196491,13,30,14,18
196493,1,2,2,2
196495,1,1,2,1
196497,1,3,2,3
196499,2,4,3,3
196501,2,3,3,2
196503,1,7,2,7
196505,0,2,1,3
196507,1,2,2,2
196509,1,2,2,2
196511,6,21,7,16
196513,1,1,2,1
196515,1,1,2,1
196517,2,3,3,2
196519,1,1,2,1
196521,2,2,3,1
196523,2,5,3,4
196525,2,5,3,4
196527,1,4,2,4
196529,1,1,2,1
196531,1,3,2,3
196533,3,7,4,5
196535,1,3,2,3
196537,2,3,3,2
196539,2,4,3,3
196541,2,2,3,1
196543,2,3,3,2
196545,2,3,3,2
196547,1,1,2,1
196549,0,2,1,3
196551,1,1,2,1
196553,3,7,4,5
196555,2,3,3,2
196557,3,7,4,5
196559,3,7,4,5
196561,3,7,4,5
196565,0,1,1,2
196567,5,29,6,25
196569,0,1,1,2
196573,0,2,1,3
196575,1,2,2,2
196577,3,3,4,1
196579,1,1,2,1
196583,1,2,2,2
196585,1,1,2,1
196587,1,4,2,4
196589,2,4,3,3
196591,1,4,2,4
196593,0,2,1,3
196597,1,14,2,14
196599,0,2,1,3
196601,0,2,1,3
196603,0,2,1,3
196607,1,1,2,1
196609,0,1,1,2
196611,14,50,15,37
196613,0,2,1,3
196615,0,1,1,2
196617,0,2,1,3
196619,2,6,3,5
196621,1,1,2,1
196627,1,7,2,7
196629,0,3,1,4
196631,1,1,2,1
196635,0,2,1,3
196637,1,2,2,2
196639,2,2,3,1
196641,2,4,3,3
196645,1,1,2,1
196647,0,1,1,2
196651,0,1,1,2
196653,0,3,1,4
196655,2,4,3,3
196659,0,3,1,4
196661,1,1,2,1
196665,2,8,3,7
196667,1,1,2,1
196671,0,1,1,2
196675,2,3,3,2
196677,0,3,1,4
196679,2,2,3,1
196681,2,3,3,2
196683,0,1,1,2
196685,0,1,1,2
196687,0,1,1,2
196689,0,1,1,2
196691,0,1,1,2
196693,1,11,2,11
196695,1,8,2,8
196697,1,4,2,4
196699,0,2,1,3
196701,0,3,1,4
196703,0,2,1,3
196705,1,6,2,6
196707,13,21,14,9
196709,0,1,1,2
196715,0,1,1,2
196717,2,3,3,2
196719,0,1,1,2
196721,0,2,1,3
196723,0,1,1,2
196725,1,1,2,1
196727,1,2,2,2
196729,0,1,1,2
196733,1,7,2,7
196737,1,3,2,3
196739,0,2,1,3
196741,0,2,1,3
196743,1,4,2,4
196745,1,4,2,4
196747,0,1,1,2
196751,3,8,4,6
196753,0,1,1,2
196755,0,1,1,2
196757,0,2,1,3
196759,0,3,1,4
196761,0,2,1,3
196767,1,2,2,2
196769,0,6,1,7
196771,0,6,1,7
196773,2,6,3,5
196775,1,2,2,2
196777,2,5,3,4
196779,1,1,2,1
196781,0,1,1,2
196783,0,1,1,2
196785,0,1,1,2
196787,1,1,2,1
196793,1,1,2,1
196795,2,2,3,1
196799,1,2,2,2
196801,7,15,8,9
196803,0,2,1,3
196805,0,1,1,2
196807,0,1,1,2
196809,0,2,1,3
196811,0,1,1,2
196813,0,1,1,2
196815,2,3,3,2
196821,1,1,2,1
196823,0,1,1,2
196825,0,1,1,2
196827,0,3,1,4
196829,0,1,1,2
196831,0,2,1,3
196833,0,1,1,2
196835,0,1,1,2
196837,0,2,1,3
196839,0,3,1,4
196841,1,3,2,3
196845,1,1,2,1
196847,1,6,2,6
196849,0,5,1,6
196851,2,2,3,1
196853,1,3,2,3
196855,0,1,1,2
196857,0,1,1,2
196859,0,1,1,2
196861,1,4,2,4
196863,4,7,5,4
196865,1,3,2,3
196867,0,2,1,3
196869,0,3,1,4
196871,0,3,1,4
196877,0,1,1,2
196879,0,2,1,3
196883,1,1,2,1
196885,0,1,1,2
196887,10,64,11,55
196889,177,588,178,412
196891,95,288,96,194
196893,35,120,36,86
196895,17,89,18,73
196897,0,1,1,2
196899,3,3,4,1
196901,1,3,2,3
196903,3,4,4,2
196905,0,1,1,2
196909,0,2,1,3
196913,1,2,2,2
196915,5,7,6,3
196917,0,2,1,3
196919,0,1,1,2
196925,0,1,1,2
196929,1,3,2,3
196931,6,11,7,6
196933,1,3,2,3
196935,2,3,3,2
196937,30,52,31,23
196939,1,3,2,3
196943,0,5,1,6
196945,2,5,3,4
196947,2,7,3,6
196949,1,1,2,1
196951,0,3,1,4
196953,0,2,1,3
196957,2,5,3,4
196959,1,1,2,1
196961,0,2,1,3
196963,0,1,1,2
196965,3,3,4,1
196967,0,1,1,2
196969,5,22,6,18
196971,1,2,2,2
196973,2,4,3,3
196975,2,4,3,3
196979,0,5,1,6
196981,0,1,1,2
196983,0,1,1,2
196985,0,2,1,3
196987,1,4,2,4
196989,1,4,2,4
196991,0,2,1,3
196995,1,1,2,1
196997,349,814,350,466
196999,0,1,1,2
197001,0,2,1,3
197003,0,2,1,3
197005,1,2,2,2
197007,0,3,1,4
197009,12,19,13,8
197011,0,2,1,3
197013,0,3,1,4
197015,2,3,3,2
197017,3,3,4,1
197019,0,4,1,5
197023,0,1,1,2
197025,0,3,1,4
197027,1,1,2,1
197029,3,9,4,7
197031,0,2,1,3
197033,1,2,2,2
197035,1,1,2,1
197037,0,2,1,3
197039,1,6,2,6
197041,2,4,3,3
197043,1,2,2,2
197045,1,1,2,1
197047,0,2,1,3
197049,2,7,3,6
197051,0,1,1,2
197053,0,1,1,2
197063,0,1,1,2
197065,0,1,1,2
197067,2,10,3,9
197069,1,3,2,3
197071,3,8,4,6
197073,0,2,1,3
197075,2,3,3,2
197077,0,1,1,2
197079,1,3,2,3
197081,2,4,3,3
197083,0,2,1,3
197085,0,1,1,2
197087,0,3,1,4
197089,0,1,1,2
197091,1,1,2,1
197093,1,6,2,6
197095,1,1,2,1
197097,0,2,1,3
197103,2,4,3,3
197105,1,3,2,3
197109,1,4,2,4
197111,2,2,3,1
197113,0,1,1,2
197117,3,13,4,11
197119,0,1,1,2
197121,0,2,1,3
197123,5,21,6,17
197125,1,4,2,4
197127,1,3,2,3
197129,0,3,1,4
197131,0,2,1,3
197133,1,3,2,3
197135,0,1,1,2
197137,0,2,1,3
197139,0,3,1,4
197141,7,19,8,13
197143,2,7,3,6
197145,2,3,3,2
197147,1,2,2,2
197149,2,2,3,1
197151,0,2,1,3
197153,0,2,1,3
197155,0,2,1,3
197157,2,2,3,1
197159,2,2,3,1
197161,0,1,1,2
197167,1,2,2,2
197169,2,2,3,1
197173,1,1,2,1
197175,280,622,281,343
197177,8,31,9,24
197179,1,7,2,7
197181,0,1,1,2
197183,0,1,1,2
197185,0,1,1,2
197187,3,4,4,2
197189,1,3,2,3
197191,3,5,4,3
197195,2,20,3,19
197197,2,8,3,7
197199,32,213,33,182
197201,41,124,42,84
197203,41,224,42,184
197205,1,5,2,5
197207,26,85,27,60
197209,3,18,4,16
197211,1,2,2,2
197215,0,1,1,2
197217,1,3,2,3
197219,0,1,1,2
197221,0,1,1,2
197223,0,1,1,2
197225,9,24,10,16
197227,1,2,2,2
197231,1,1,2,1
197235,0,1,1,2
197237,0,1,1,2
197239,0,2,1,3
197241,1,1,2,1
197243,0,1,1,2
197245,1,2,2,2
197247,1,1,2,1
197249,1,1,2,1
197251,0,1,1,2
197253,0,1,1,2
197255,0,2,1,3
197257,2,2,3,1
197259,0,2,1,3
197261,1,2,2,2
197263,1,1,2,1
197265,0,1,1,2
197267,2,2,3,1
197269,0,1,1,2
197271,0,2,1,3
197273,0,1,1,2
197275,0,2,1,3
197277,5,14,6,10
197279,1,6,2,6
197281,4,6,5,3
197283,3,10,4,8
197285,1,2,2,2
197287,1,3,2,3
197289,0,2,1,3
197295,0,1,1,2
197297,0,2,1,3
197299,1,5,2,5
197301,1,1,2,1
197303,0,3,1,4
197305,0,1,1,2
197307,1,2,2,2
197309,0,4,1,5
197311,2,8,3,7
197313,0,3,1,4
197315,0,1,1,2
197317,0,2,1,3
197321,2,2,3,1
197325,3,3,4,1
197327,1,1,2,1
197329,0,2,1,3
197331,1,2,2,2
197333,0,9,1,10
197335,1,2,2,2
197337,0,2,1,3
197343,40,183,41,144
197349,0,1,1,2
197351,0,2,1,3
197353,0,2,1,3
197355,1,1,2,1
197357,1,3,2,3
197359,0,2,1,3
197363,0,2,1,3
197365,3,8,4,6
197367,0,2,1,3
197369,0,1,1,2
197371,2,2,3,1
197373,1,1,2,1
197377,1,1,2,1
197379,21,29,22,9
197381,0,1,1,2
197383,1,3,2,3
197385,0,2,1,3
197387,0,1,1,2
197389,1,21,2,21
197393,1,6,2,6
197395,4,6,5,3
197397,5,10,6,6
197399,1,1,2,1
197403,0,1,1,2
197405,0,1,1,2
197407,1,2,2,2
197409,1,2,2,2
197411,4,13,5,10
197413,0,1,1,2
197415,1,7,2,7
197417,0,1,1,2
197419,3,20,4,18
197423,0,1,1,2
197425,1,4,2,4
197427,1,2,2,2
197429,1,2,2,2
197433,1,4,2,4
197435,0,2,1,3
197439,1,2,2,2
197441,1,1,2,1
197443,1,9,2,9
197449,0,1,1,2
197453,3,10,4,8
197455,0,3,1,4
197457,0,1,1,2
197463,0,1,1,2
197465,1,2,2,2
197467,0,1,1,2
197469,2,2,3,1
197471,0,1,1,2
197473,0,1,1,2
197475,1,3,2,3
197477,1,3,2,3
197481,0,1,1,2
197483,1,2,2,2
197485,1,3,2,3
197489,0,1,1,2
197491,19,48,20,30
197493,2,3,3,2
197495,2,5,3,4
197497,0,1,1,2
197499,0,1,1,2
197501,0,1,1,2
197505,1,2,2,2
197507,0,2,1,3
197509,6,9,7,4
197513,0,1,1,2
197515,1,1,2,1
197517,0,1,1,2
197523,0,5,1,6
197525,1,3,2,3
197527,1,1,2,1
197529,67,129,68,63
197531,0,3,1,4
197533,0,1,1,2
197537,37,255,38,219
197539,0,3,1,4
197541,1,1,2,1
197547,1,3,2,3
197549,0,2,1,3
197551,0,2,1,3
197553,0,1,1,2
197557,2,7,3,6
197559,0,1,1,2
197561,1,2,2,2
197563,0,1,1,2
197565,0,1,1,2
197567,1,1,2,1
197569,0,3,1,4
197571,0,2,1,3
197573,1,5,2,5
197575,1,2,2,2
197577,1,8,2,8
197579,1,11,2,11
197583,1,4,2,4
197585,0,1,1,2
197587,0,2,1,3
197589,1,1,2,1
197591,11,31,12,21
197593,0,2,1,3
197595,1,1,2,1
197597,2,6,3,5
197599,0,1,1,2
197601,0,2,1,3
197603,0,3,1,4
197605,1,5,2,5
197607,1,2,2,2
197611,0,5,1,6
197613,0,1,1,2
197615,0,1,1,2
197617,0,1,1,2
197619,1,2,2,2
197621,2,3,3,2
197623,2,2,3,1
197625,1,5,2,5
197627,0,1,1,2
197629,1,4,2,4
197631,1,3,2,3
197633,1,1,2,1
197635,0,2,1,3
197637,1,2,2,2
197639,1,1,2,1
197643,1,1,2,1
197645,0,3,1,4
197647,0,3,1,4
197649,0,2,1,3
197651,18,41,19,24
197657,1,3,2,3
197659,1,4,2,4
197661,0,1,1,2
197663,35,170,36,136
197665,0,1,1,2
197667,1,2,2,2
197669,1,4,2,4
197671,0,1,1,2
197673,0,7,1,8
197675,1,2,2,2
197677,2,11,3,10
197679,0,6,1,7
197681,1,3,2,3
197683,0,2,1,3
197685,0,2,1,3
197687,1,2,2,2
197689,59,188,60,130
197691,124,313,125,190
197693,0,1,1,2
197695,0,1,1,2
197697,14,22,15,9
197699,0,2,1,3
197703,0,2,1,3
197705,0,2,1,3
197707,9,112,10,104
197709,8,41,9,34
197711,377,769,378,393
197713,5,10,6,6
197715,0,3,1,4
197717,0,1,1,2
197719,0,2,1,3
197721,1,2,2,2
197723,0,1,1,2
197725,1,2,2,2
197727,1,2,2,2
197729,2,4,3,3
197731,2,2,3,1
197733,1,1,2,1
197735,1,5,2,5
197737,1,2,2,2
197739,0,2,1,3
197741,0,4,1,5
197743,0,2,1,3
197745,0,2,1,3
197747,1,1,2,1
197749,0,2,1,3
197751,0,2,1,3
197753,1,2,2,2
197755,3,5,4,3
197757,8,16,9,9
197759,2,3,3,2
197761,4,6,5,3
197763,5,7,6,3
197765,3,9,4,7
197767,4,7,5,4
197769,2,5,3,4
197771,16,23,17,8
197773,3,6,4,4
197775,1,5,2,5
197777,2,5,3,4
197779,2,6,3,5
197781,1,6,2,6
197783,2,4,3,3
197785,1,5,2,5
197787,3,7,4,5
197789,1,5,2,5
197791,2,7,3,6
197793,1,4,2,4
197795,1,3,2,3
197797,4,6,5,3
197799,2,7,3,6
197801,1,5,2,5
197803,1,3,2,3
197805,3,6,4,4
197807,1,6,2,6
197809,3,3,4,1
197811,3,6,4,4
197813,4,11,5,8
197815,4,10,5,7
197817,4,7,5,4
197819,3,7,4,5
197821,1,2,2,2
197823,1,4,2,4
197825,3,7,4,5
197827,1,3,2,3
197829,5,9,6,5
197831,5,12,6,8
197833,2,7,3,6
197835,1,6,2,6
197837,3,8,4,6
197839,2,5,3,4
197841,1,2,2,2
197843,4,10,5,7
197845,4,9,5,6
197847,2,9,3,8
197849,4,10,5,7
197851,1,1,2,1
197853,2,5,3,4
197855,5,13,6,9
197857,0,2,1,3
197859,1,1,2,1
197861,0,1,1,2
197863,0,2,1,3
197865,1,3,2,3
197869,1,1,2,1
197871,2,3,3,2
197873,3,5,4,3
197875,48,144,49,97
197877,13,30,14,18
197879,155,231,156,77
197881,6,11,7,6
197883,52,79,53,28
197885,1,2,2,2
197887,5,8,6,4
197889,13,60,14,48
197891,0,1,1,2
197895,0,5,1,6
197897,1,4,2,4
197899,0,6,1,7
197901,1,2,2,2
197903,1,2,2,2
197905,0,1,1,2
197907,1,4,2,4
197909,14,41,15,28
197911,0,1,1,2
197913,2,4,3,3
197915,0,1,1,2
197917,0,1,1,2
197919,1,5,2,5
197921,0,2,1,3
197923,1,4,2,4
197925,1,4,2,4
197927,1,4,2,4
197929,1,4,2,4
197931,1,4,2,4
197933,3,5,4,3
197935,1,4,2,4
197937,0,1,1,2
197939,0,1,1,2
197941,0,1,1,2
197943,1,2,2,2
197945,1,2,2,2
197947,0,1,1,2
197949,0,1,1,2
197955,1,5,2,5
197957,5,7,6,3
197959,0,1,1,2
197961,0,1,1,2
197963,2,2,3,1
197965,3,8,4,6
197967,0,2,1,3
197969,0,1,1,2
197973,0,1,1,2
197979,0,4,1,5
197981,1,1,2,1
197983,0,2,1,3
197987,3,10,4,8
197989,0,3,1,4
197991,1,2,2,2
197993,0,2,1,3
197997,0,1,1,2
198003,5,5,6,1
198005,0,1,1,2
198007,1,1,2,1
198009,0,1,1,2
198011,0,1,1,2
198013,0,1,1,2
198021,0,1,1,2
198025,1,1,2,1
198027,0,1,1,2
198029,0,1,1,2
198031,1,1,2,1
198033,1,1,2,1
198035,1,2,2,2
198039,0,1,1,2
198041,0,1,1,2
198047,0,1,1,2
198051,0,1,1,2
198057,1,2,2,2
198059,1,1,2,1
198061,1,2,2,2
198063,0,2,1,3
198065,1,1,2,1
198067,1,7,2,7
198071,0,2,1,3
198073,1,1,2,1
198075,5,13,6,9
198077,1,4,2,4
198079,2,3,3,2
198081,0,1,1,2
198083,0,2,1,3
198085,1,2,2,2
198087,1,2,2,2
198089,0,1,1,2
198091,1,3,2,3
198095,1,2,2,2
198097,0,2,1,3
198099,0,4,1,5
198101,10,15,11,6
198103,0,3,1,4
198105,0,1,1,2
198107,3,9,4,7
198109,0,1,1,2
198111,3,12,4,10
198113,0,1,1,2
198115,0,6,1,7
198117,0,1,1,2
198119,0,7,1,8
198121,3,12,4,10
198123,0,2,1,3
198125,0,1,1,2
198127,1,2,2,2
198129,4,43,5,40
198131,1,2,2,2
198133,2,5,3,4
198135,2,6,3,5
198137,0,1,1,2
198139,0,5,1,6
198141,4,16,5,13
198143,9,23,10,15
198145,14,69,15,56
198147,32,75,33,44
198149,2,3,3,2
198151,1,1,2,1
198153,22,55,23,34
198155,0,3,1,4
198157,4,8,5,5
198159,0,2,1,3
198161,2,5,3,4
198163,1,3,2,3
198165,0,3,1,4
198167,0,1,1,2
198169,0,3,1,4
198171,0,3,1,4
198173,1,4,2,4
198177,1,2,2,2
198179,0,1,1,2
198181,2,3,3,2
198183,1,2,2,2
198185,235,288,236,54
198187,0,1,1,2
198189,0,2,1,3
198191,0,2,1,3
198193,2,3,3,2
198195,1,1,2,1
198197,0,1,1,2
198199,1,1,2,1
198201,1,2,2,2
198203,0,1,1,2
198205,1,2,2,2
198207,0,1,1,2
198209,1,2,2,2
198211,3,4,4,2
198213,0,1,1,2
198215,0,2,1,3
198217,1,3,2,3
198219,0,2,1,3
198221,0,1,1,2
198223,2,3,3,2
198227,0,1,1,2
198229,0,2,1,3
198231,0,1,1,2
198233,1,1,2,1
198237,1,2,2,2
198239,1,3,2,3
198241,1,10,2,10
198243,0,3,1,4
198245,0,1,1,2
198247,0,1,1,2
198249,1,3,2,3
198251,0,1,1,2
198253,0,1,1,2
198255,1,2,2,2
198257,0,1,1,2
198259,0,1,1,2
198261,2,7,3,6
198263,2,2,3,1
198265,15,95,16,81
198267,0,4,1,5
198269,0,1,1,2
198271,6,10,7,5
198273,4,13,5,10
198275,1,4,2,4
198277,0,3,1,4
198279,0,2,1,3
198283,1,1,2,1
198285,1,2,2,2
198287,0,1,1,2
198289,0,1,1,2
198291,0,5,1,6
198293,0,1,1,2
198295,3,11,4,9
198297,0,1,1,2
198299,1,1,2,1
198301,1,3,2,3
198303,0,1,1,2
198305,0,1,1,2
198307,0,2,1,3
198309,0,3,1,4
198311,0,2,1,3
198313,0,1,1,2
198315,0,1,1,2
198317,0,1,1,2
198319,0,1,1,2
198321,0,1,1,2
198323,0,1,1,2
198325,0,1,1,2
198327,0,1,1,2
198329,0,1,1,2
198331,0,1,1,2
198333,0,1,1,2
198335,0,2,1,3
198337,0,1,1,2
198339,0,2,1,3
198341,0,1,1,2
198343,0,2,1,3
198345,0,2,1,3
198347,0,1,1,2
198349,2,3,3,2
198351,0,2,1,3
198353,0,1,1,2
198355,1,3,2,3
198357,0,1,1,2
198359,0,2,1,3
198361,0,2,1,3
198363,0,1,1,2
198365,0,2,1,3
198367,0,1,1,2
198369,0,1,1,2
198371,0,1,1,2
198373,0,1,1,2
198375,0,1,1,2
198377,0,1,1,2
198379,0,1,1,2
198381,0,1,1,2
198383,0,1,1,2
198385,0,1,1,2
198387,0,1,1,2
198389,0,1,1,2
198391,0,1,1,2
198393,0,1,1,2
198395,0,1,1,2
198397,0,1,1,2
198399,0,1,1,2
198401,0,1,1,2
198403,0,1,1,2
198405,0,1,1,2
198407,0,2,1,3
198409,0,3,1,4
198411,0,1,1,2
198413,0,1,1,2
198415,0,1,1,2
198417,0,1,1,2
198419,0,2,1,3
198421,0,1,1,2
198423,0,2,1,3
198425,0,2,1,3
198427,0,2,1,3
198429,0,1,1,2
198431,0,2,1,3
198433,0,2,1,3
198435,0,1,1,2
198437,0,2,1,3
198439,0,2,1,3
198441,0,2,1,3
198443,0,2,1,3
198445,0,2,1,3
198447,1,1,2,1
198449,2,2,3,1
198451,0,2,1,3
198453,1,2,2,2
198455,0,1,1,2
198457,0,2,1,3
198459,2,3,3,2
198461,0,1,1,2
198463,1,3,2,3
198465,1,3,2,3
198467,0,1,1,2
198469,0,4,1,5
198471,2,4,3,3
198475,1,2,2,2
198477,0,1,1,2
198479,2,2,3,1
198481,0,1,1,2
198483,0,2,1,3
198485,0,1,1,2
198487,2,3,3,2
198489,0,1,1,2
198491,1,2,2,2
198493,0,3,1,4
198495,0,3,1,4
198497,0,5,1,6
198499,0,3,1,4
198501,1,9,2,9
198503,0,4,1,5
198505,1,4,2,4
198507,0,1,1,2
198509,0,1,1,2
198511,0,1,1,2
198513,0,2,1,3
198515,0,2,1,3
198517,0,2,1,3
198519,0,4,1,5
198521,2,5,3,4
198523,1,2,2,2
198525,0,2,1,3
198527,1,1,2,1
198529,1,1,2,1
198531,0,3,1,4
198535,2,3,3,2
198537,2,4,3,3
198543,1,4,2,4
198545,0,2,1,3
198547,0,1,1,2
198549,2,4,3,3
198551,2,2,3,1
198553,0,1,1,2
198555,1,2,2,2
198557,0,1,1,2
198559,1,1,2,1
198561,0,1,1,2
198567,1,3,2,3
198569,1,1,2,1
198571,0,2,1,3
198573,0,1,1,2
198575,0,6,1,7
198577,6,13,7,8
198579,0,1,1,2
198581,0,3,1,4
198583,2,2,3,1
198585,0,1,1,2
198587,1,1,2,1
198589,0,1,1,2
198591,1,3,2,3
198593,1,6,2,6
198595,0,2,1,3
198597,1,2,2,2
198599,3,3,4,1
198601,1,1,2,1
198603,1,2,2,2
198605,1,1,2,1
198607,0,2,1,3
198609,3,8,4,6
198611,7,10,8,4
198615,1,3,2,3
198617,1,2,2,2
198619,1,8,2,8
198621,0,2,1,3
198623,0,1,1,2
198625,0,1,1,2
198627,0,3,1,4
198629,0,1,1,2
198633,0,2,1,3
198635,0,2,1,3
198637,0,1,1,2
198639,2,4,3,3
198641,0,2,1,3
198643,0,2,1,3
198645,1,4,2,4
198647,2,2,3,1
198649,5,11,6,7
198651,4,11,5,8
198653,2,4,3,3
198655,1,2,2,2
198657,3,5,4,3
198659,0,2,1,3
198665,0,2,1,3
198667,7,31,8,25
198669,0,1,1,2
198673,2,14,3,13
198675,0,1,1,2
198677,0,3,1,4
198681,0,1,1,2
198683,1,6,2,6
198685,1,3,2,3
198687,1,2,2,2
198689,0,1,1,2
198691,1,3,2,3
198693,2,3,3,2
198695,0,2,1,3
198697,0,3,1,4
198699,1,1,2,1
198701,5,13,6,9
198703,11,40,12,30
198705,1,1,2,1
198707,1,2,2,2
198709,0,1,1,2
198711,1,2,2,2
198713,1,4,2,4
198715,0,6,1,7
198717,1,1,2,1
198721,1,2,2,2
198723,0,1,1,2
198727,1,1,2,1
198729,0,4,1,5
198731,1,7,2,7
198733,2,2,3,1
198735,0,1,1,2
198737,1,2,2,2
198741,0,3,1,4
198743,1,4,2,4
198745,0,4,1,5
198747,0,1,1,2
198749,0,1,1,2
198751,0,2,1,3
198753,0,1,1,2
198755,1,1,2,1
198757,0,1,1,2
198761,0,4,1,5
198763,0,2,1,3
198765,0,2,1,3
198767,1,2,2,2
198769,1,1,2,1
198771,1,2,2,2
198773,0,1,1,2
198775,2,2,3,1
198779,0,1,1,2
198781,6,11,7,6
198783,0,1,1,2
198785,0,1,1,2
198787,0,2,1,3
198789,0,4,1,5
198791,1,15,2,15
198793,1,2,2,2
198795,3,6,4,4
198797,4,4,5,1
198799,0,2,1,3
198801,0,3,1,4
198803,2,4,3,3
198805,0,4,1,5
198807,0,2,1,3
198809,1,2,2,2
198811,2,3,3,2
198813,0,2,1,3
198815,1,3,2,3
198817,1,2,2,2
198819,1,2,2,2
198821,1,1,2,1
198823,0,1,1,2
198825,0,3,1,4
198827,1,4,2,4
198829,0,1,1,2
198831,11,19,12,9
198833,2,4,3,3
198835,1,1,2,1
198837,1,3,2,3
198839,0,1,1,2
198841,1,1,2,1
198843,2,3,3,2
198847,2,7,3,6
198849,1,1,2,1
198851,0,4,1,5
198853,4,5,5,2
198855,0,1,1,2
198857,1,5,2,5
198859,0,1,1,2
198861,0,1,1,2
198863,1,1,2,1
198865,7,18,8,12
198867,1,6,2,6
198869,0,2,1,3
198871,0,2,1,3
198873,0,2,1,3
198875,0,1,1,2
198877,2,4,3,3
198879,1,3,2,3
198881,1,1,2,1
198883,2,3,3,2
198885,0,2,1,3
198887,0,2,1,3
198889,0,3,1,4
198891,0,2,1,3
198893,0,2,1,3
198895,0,2,1,3
198897,1,3,2,3
198899,0,2,1,3
198901,0,2,1,3
198903,0,2,1,3
198905,0,2,1,3
198907,0,2,1,3
198909,1,6,2,6
198911,2,3,3,2
198913,0,1,1,2
198915,0,2,1,3
198917,1,1,2,1
198919,0,1,1,2
198921,1,3,2,3
198923,3,6,4,4
198925,1,1,2,1
198929,0,1,1,2
198931,1,5,2,5
198933,0,2,1,3
198935,0,2,1,3
198937,0,2,1,3
198939,0,2,1,3
198941,0,2,1,3
198943,0,4,1,5
198945,0,3,1,4
198947,1,5,2,5
198949,0,2,1,3
198951,0,2,1,3
198953,0,2,1,3
198955,0,2,1,3
198957,1,8,2,8
198959,1,5,2,5
198961,1,5,2,5
198963,0,2,1,3
198965,0,5,1,6
198967,0,2,1,3
198969,2,3,3,2
198971,0,4,1,5
198973,1,3,2,3
198975,0,2,1,3
198977,0,2,1,3
198979,0,3,1,4
198981,0,3,1,4
198983,0,2,1,3
198985,0,2,1,3
198987,0,3,1,4
198989,0,1,1,2
198991,0,2,1,3
198993,0,3,1,4
198995,0,3,1,4
198997,0,3,1,4
198999,2,3,3,2
199003,0,2,1,3
199005,0,2,1,3
199007,0,3,1,4
199009,2,5,3,4
199011,1,3,2,3
199013,1,8,2,8
199015,0,1,1,2
199017,2,10,3,9
199019,0,2,1,3
199021,0,2,1,3
199023,0,1,1,2
199025,0,4,1,5
199027,0,1,1,2
199029,1,2,2,2
199031,0,1,1,2
199033,0,4,1,5
199035,1,4,2,4
199037,0,3,1,4
199039,1,3,2,3
199041,1,4,2,4
199043,0,2,1,3
199045,0,2,1,3
199047,0,2,1,3
199049,0,3,1,4
199051,0,4,1,5
199053,0,2,1,3
199055,1,5,2,5
199057,2,4,3,3
199059,0,1,1,2
199061,0,2,1,3
199063,0,1,1,2
199065,0,6,1,7
199067,0,1,1,2
199069,1,2,2,2
199071,0,1,1,2
199073,14,81,15,68
199075,9,33,10,25
199077,0,2,1,3
199079,1,5,2,5
199081,2,4,3,3
199083,1,2,2,2
199085,0,1,1,2
199087,1,2,2,2
199089,0,1,1,2
199091,3,8,4,6
199093,1,1,2,1
199095,13,18,14,6
199097,1,1,2,1
199099,0,3,1,4
199101,6,33,7,28
199105,1,1,2,1
199107,0,1,1,2
199109,1,2,2,2
199111,1,4,2,4
199113,9,18,10,10
199115,0,2,1,3
199117,1,2,2,2
199119,1,4,2,4
199121,1,1,2,1
199123,1,2,2,2
199125,1,2,2,2
199127,1,2,2,2
199129,1,1,2,1
199131,1,2,2,2
199133,1,1,2,1
199135,2,3,3,2
199137,0,1,1,2
199139,0,1,1,2
199141,0,1,1,2
199143,0,2,1,3
199145,0,2,1,3
199147,0,2,1,3
199149,1,2,2,2
199151,0,3,1,4
199153,1,1,2,1
199155,1,2,2,2
199157,1,1,2,1
199159,0,1,1,2
199161,0,1,1,2
199163,0,2,1,3
199165,0,2,1,3
199167,1,2,2,2
199169,0,2,1,3
199171,0,2,1,3
199173,0,3,1,4
199175,2,2,3,1
199177,2,2,3,1
199179,1,4,2,4
199181,0,3,1,4
199183,0,5,1,6
199185,0,2,1,3
199187,2,3,3,2
199189,0,1,1,2
199191,1,1,2,1
199193,0,1,1,2
199197,0,1,1,2
199199,0,1,1,2
199201,0,1,1,2
199203,2,5,3,4
199205,3,15,4,13
199207,5,42,6,38
199209,0,3,1,4
199213,0,1,1,2
199217,1,4,2,4
199219,1,7,2,7
199223,23,169,24,147
199225,2,6,3,5
199227,2,5,3,4
199229,0,1,1,2
199231,1,4,2,4
199233,0,2,1,3
199235,0,3,1,4
199237,18,42,19,25
199239,1,4,2,4
199241,1,3,2,3
199243,0,3,1,4
199245,0,2,1,3
199247,3,5,4,3
199249,3,7,4,5
199251,1,2,2,2
199253,1,2,2,2
199255,4,18,5,15
199257,1,1,2,1
199259,1,2,2,2
199261,0,2,1,3
199263,1,2,2,2
199265,2,9,3,8
199267,0,1,1,2
199269,1,2,2,2
199271,0,1,1,2
199273,1,5,2,5
199275,0,2,1,3
199277,3,6,4,4
199279,0,5,1,6
199281,0,2,1,3
199283,1,1,2,1
199285,0,1,1,2
199289,2,4,3,3
199291,0,5,1,6
199295,0,2,1,3
199299,0,1,1,2
199301,0,1,1,2
199303,1,1,2,1
199305,1,10,2,10
199307,12,48,13,37
199309,0,2,1,3
199311,6,14,7,9
199315,0,1,1,2
199317,0,6,1,7
199319,4,11,5,8
199325,1,1,2,1
199331,1,2,2,2
199333,9,15,10,7
199335,0,1,1,2
199337,3,10,4,8
199339,0,1,1,2
199340,5,11,6,7
199342,0,1,1,2
199344,2,11,3,10
199346,0,3,1,4
199348,0,1,1,2
199350,8,13,9,6
199352,0,4,1,5
199354,1,2,2,2
199356,0,1,1,2
199358,1,2,2,2
199360,0,1,1,2
199364,1,4,2,4
199366,0,1,1,2
199370,0,1,1,2
199374,1,2,2,2
199382,0,1,1,2
199386,0,1,1,2
199388,0,1,1,2
199390,1,2,2,2
199394,0,2,1,3
199398,1,2,2,2
199402,0,8,1,9
199412,1,3,2,3
199414,0,1,1,2
199418,1,2,2,2
199422,0,2,1,3
199424,1,1,2,1
199426,0,1,1,2
199428,0,1,1,2
199430,5,10,6,6
199432,1,19,2,19
199434,7,15,8,9
199436,3,10,4,8
199438,1,2,2,2
199440,0,3,1,4
199442,0,3,1,4
199444,0,2,1,3
199446,0,3,1,4
199448,0,2,1,3
199450,0,2,1,3
199452,0,4,1,5
199454,0,2,1,3
199456,1,3,2,3
199460,1,1,2,1
199462,4,8,5,5
199464,1,2,2,2
199466,0,1,1,2
199468,0,2,1,3
199470,7,22,8,16
199476,23,40,24,18
199478,3,3,4,1
199484,1,1,2,1
199488,0,1,1,2
199492,3,7,4,5
199494,1,6,2,6
199496,0,2,1,3
199498,0,1,1,2
199500,1,3,2,3
199502,0,1,1,2
199504,1,1,2,1
199508,1,1,2,1
199510,0,1,1,2
199512,0,1,1,2
199514,0,2,1,3
199516,0,2,1,3
199518,0,1,1,2
199520,0,2,1,3
199522,0,1,1,2
199524,1,3,2,3
199526,0,3,1,4
199528,0,2,1,3
199530,0,1,1,2
199532,0,1,1,2
199534,0,1,1,2
199536,0,3,1,4
199538,29,62,30,34
199540,1,2,2,2
199542,1,1,2,1
199544,2,2,3,1
199546,2,2,3,1
199548,0,1,1,2
199550,0,4,1,5
199552,0,1,1,2
199556,2,3,3,2
199558,0,1,1,2
199560,0,2,1,3
199562,0,1,1,2
199564,0,2,1,3
199566,9,27,10,19
199568,1,1,2,1
199570,0,1,1,2
199572,0,1,1,2
199574,0,2,1,3
199576,0,1,1,2
199578,0,1,1,2
199580,9,21,10,13
199584,0,3,1,4
199586,0,2,1,3
199588,3,8,4,6
199592,0,1,1,2
199594,0,4,1,5
199596,1,1,2,1
199598,1,1,2,1
199600,1,2,2,2
199610,0,2,1,3
199612,2,3,3,2
199614,0,1,1,2
199622,0,4,1,5
199626,0,2,1,3
199628,0,1,1,2
199634,0,4,1,5
199636,0,1,1,2
199638,0,1,1,2
199640,0,1,1,2
199642,1,1,2,1
199646,0,1,1,2
199648,1,5,2,5
199650,1,3,2,3
199652,0,2,1,3
199654,0,2,1,3
199656,0,1,1,2
199660,0,2,1,3
199662,0,1,1,2
199664,0,2,1,3
199666,1,3,2,3
199668,3,11,4,9
199670,1,2,2,2
199672,1,1,2,1
199674,1,3,2,3
199676,0,1,1,2
199682,0,1,1,2
199684,0,3,1,4
199686,1,4,2,4
199688,2,5,3,4
199690,3,6,4,4
199692,1,4,2,4
199694,3,8,4,6
199696,1,4,2,4
199698,0,2,1,3
199700,0,1,1,2
199702,0,1,1,2
199704,0,5,1,6
199706,0,6,1,7
199708,0,8,1,9
199710,2,5,3,4
199712,0,2,1,3
199714,1,6,2,6
199716,0,7,1,8
199718,0,2,1,3
199724,0,1,1,2
199728,0,1,1,2
199730,2,2,3,1
199732,1,2,2,2
199734,2,6,3,5
199736,3,9,4,7
199738,3,8,4,6
199740,0,2,1,3
199744,0,8,1,9
199746,1,4,2,4
199748,1,5,2,5
199750,1,1,2,1
199752,1,2,2,2
199754,1,1,2,1
199756,1,1,2,1
199758,1,1,2,1
199760,1,2,2,2
199762,1,1,2,1
199764,0,2,1,3
199768,0,1,1,2
199770,0,1,1,2
199772,1,5,2,5
199774,0,1,1,2
199776,0,1,1,2
199778,2,14,3,13
199780,1,1,2,1
199782,0,3,1,4
199784,0,1,1,2
199786,0,3,1,4
199788,0,1,1,2
199790,1,3,2,3
199792,1,5,2,5
199794,0,1,1,2
199796,0,3,1,4
199800,2,4,3,3
199802,1,2,2,2
199804,1,5,2,5
199806,0,4,1,5
199808,0,4,1,5
199810,0,4,1,5
199812,0,2,1,3
199814,0,1,1,2
199816,0,1,1,2
199818,0,1,1,2
199820,1,3,2,3
199822,0,2,1,3
199824,0,1,1,2
199826,1,3,2,3
199828,0,2,1,3
199830,1,6,2,6
199832,1,4,2,4
199834,0,6,1,7
199836,0,1,1,2
199838,0,1,1,2
199840,0,2,1,3
199842,1,2,2,2
199844,0,2,1,3
199846,0,2,1,3
199848,0,1,1,2
199850,0,1,1,2
199852,0,2,1,3
199854,0,2,1,3
199856,0,2,1,3
199858,0,2,1,3
199860,0,1,1,2
199862,0,1,1,2
199864,0,3,1,4
199866,5,8,6,4
199868,1,2,2,2
199870,0,2,1,3
199872,1,5,2,5
199874,0,2,1,3
199876,0,1,1,2
199878,1,2,2,2
199880,0,4,1,5
199882,2,3,3,2
199884,0,2,1,3
199886,0,3,1,4
199888,2,3,3,2
199890,0,1,1,2
199892,0,3,1,4
199894,0,1,1,2
199898,3,11,4,9
199900,2,10,3,9
199902,1,6,2,6
199904,1,4,2,4
199906,0,1,1,2
199908,1,3,2,3
199910,18,58,19,41
199912,2,9,3,8
199914,1,2,2,2
199916,1,1,2,1
199918,0,1,1,2
199920,0,1,1,2
199922,0,1,1,2
199924,0,1,1,2
199926,0,1,1,2
199928,0,2,1,3
199930,0,4,1,5
199932,0,3,1,4
199934,0,4,1,5
199936,1,2,2,2
199938,1,2,2,2
199940,1,5,2,5
199942,0,1,1,2
199944,0,1,1,2
199948,4,9,5,6
199950,0,1,1,2
199952,1,2,2,2
199958,1,2,2,2
199960,0,4,1,5
199964,2,9,3,8
199966,2,6,3,5
199968,2,7,3,6
199970,1,3,2,3
199974,44,82,45,39
199976,0,2,1,3
199978,0,3,1,4
199980,0,1,1,2
199982,1,8,2,8
199984,0,1,1,2
199986,0,1,1,2
199988,0,2,1,3
199990,0,1,1,2
199992,3,11,4,9
199994,1,2,2,2
199996,1,2,2,2
199998,2,7,3,6
200000,1,2,2,2
200002,1,3,2,3
200004,0,3,1,4
200006,0,3,1,4
200008,3,37,4,35
200010,0,1,1,2
200012,2,7,3,6
200014,3,4,4,2
200016,1,1,2,1
200018,1,5,2,5
200020,0,1,1,2
200022,1,2,2,2
200024,1,4,2,4
200026,1,3,2,3
200028,1,3,2,3
200030,2,5,3,4
200032,1,4,2,4
200034,2,6,3,5
200036,3,7,4,5
200038,1,5,2,5
200040,1,1,2,1
200042,9,22,10,14
200044,0,1,1,2
200046,1,2,2,2
200048,1,2,2,2
200050,2,4,3,3
200052,4,7,5,4
200054,12,33,13,22
200056,1,1,2,1
200060,0,1,1,2
200062,0,7,1,8
200074,0,2,1,3
200076,0,2,1,3
200078,0,3,1,4
200080,1,11,2,11
200082,1,1,2,1
200086,1,1,2,1
200088,1,1,2,1
200090,1,1,2,1
200092,0,2,1,3
200094,0,6,1,7
200096,1,2,2,2
200098,1,3,2,3
200100,1,3,2,3
200102,0,3,1,4
200104,1,2,2,2
200106,1,4,2,4
200108,0,3,1,4
200110,36,83,37,48
200112,0,2,1,3
200114,0,2,1,3
200116,0,6,1,7
200118,2,17,3,16
200120,1,7,2,7
200122,0,2,1,3
200124,0,2,1,3
200126,1,2,2,2
200128,0,2,1,3
200130,1,2,2,2
200132,1,3,2,3
200134,0,2,1,3
200136,0,3,1,4
200138,0,8,1,9
200140,0,1,1,2
200142,0,1,1,2
200144,0,2,1,3
200146,1,2,2,2
200148,0,2,1,3
200150,0,4,1,5
200152,0,2,1,3
200154,0,5,1,6
200156,0,3,1,4
200158,0,1,1,2
200160,0,2,1,3
200162,0,1,1,2
200164,0,1,1,2
200166,1,8,2,8
200168,0,1,1,2
200170,7,10,8,4
200172,1,1,2,1
200174,1,2,2,2
200176,1,3,2,3
200178,1,1,2,1
200180,0,1,1,2
200182,1,1,2,1
200184,3,3,4,1
200186,1,1,2,1
200188,1,1,2,1
200190,0,1,1,2
200192,0,1,1,2
200194,0,1,1,2
200196,1,2,2,2
200198,1,1,2,1
200200,17,37,18,21
200204,1,1,2,1
200206,0,1,1,2
200210,0,2,1,3
200222,1,3,2,3
200224,0,4,1,5
200232,1,2,2,2
200234,1,2,2,2
200236,0,1,1,2
200238,0,1,1,2
200240,0,1,1,2
200242,0,1,1,2
200244,0,1,1,2
200246,0,1,1,2
200248,0,2,1,3
200250,0,2,1,3
200252,1,3,2,3
200254,1,6,2,6
200256,29,123,30,95
200264,1,5,2,5
200266,4,13,5,10
200268,0,3,1,4
200270,0,2,1,3
200272,1,15,2,15
200274,1,3,2,3
200276,0,1,1,2
200278,0,2,1,3
200280,1,2,2,2
200282,0,1,1,2
200286,1,1,2,1
200288,1,3,2,3
200290,1,2,2,2
200296,1,1,2,1
200300,2,21,3,20
200302,1,1,2,1
200304,1,3,2,3
200306,169,314,170,146
200312,1,1,2,1
200314,1,1,2,1
200316,1,1,2,1
200318,2,2,3,1
200320,2,3,3,2
200322,14,84,15,71
200324,2,22,3,21
200326,2,23,3,22
200328,0,4,1,5
200332,142,292,143,151
200334,2,2,3,1
200336,2,3,3,2
200338,1,1,2,1
200340,1,4,2,4
200342,1,2,2,2
200344,1,1,2,1
200346,0,1,1,2
200348,0,2,1,3
200350,0,2,1,3
200352,0,1,1,2
200354,77,185,78,109
200356,0,2,1,3
200358,0,1,1,2
200360,1,1,2,1
200362,0,1,1,2
200368,1,7,2,7
200370,0,1,1,2
200372,0,2,1,3
200374,0,2,1,3
200380,0,1,1,2
200382,0,1,1,2
200384,2,3,3,2
200386,1,4,2,4
200388,2,5,3,4
200390,1,3,2,3
200392,1,3,2,3
200394,1,3,2,3
200396,1,3,2,3
200398,3,4,4,2
200400,2,4,3,3
200402,1,4,2,4
200404,1,3,2,3
200406,2,5,3,4
200408,2,4,3,3
200410,1,6,2,6
200412,3,5,4,3
200414,1,3,2,3
200416,1,5,2,5
200418,1,4,2,4
200420,0,2,1,3
200422,0,2,1,3
200424,0,2,1,3
200426,0,1,1,2
200428,0,1,1,2
200430,0,1,1,2
200432,0,1,1,2
200434,0,1,1,2
200436,0,3,1,4
200438,0,1,1,2
200440,0,1,1,2
200442,0,1,1,2
200444,0,4,1,5
200446,1,2,2,2
200448,5,37,6,33
200450,2,3,3,2
200452,0,3,1,4
200454,0,1,1,2
200456,0,1,1,2
200458,0,1,1,2
200460,0,3,1,4
200462,2,2,3,1
200464,0,1,1,2
200466,0,1,1,2
200468,0,1,1,2
200470,0,1,1,2
200472,0,1,1,2
200476,0,2,1,3
200478,0,1,1,2
200480,0,1,1,2
200482,2,4,3,3
200484,1,3,2,3
200486,2,4,3,3
200488,0,1,1,2
200490,0,1,1,2
200492,0,1,1,2
200494,0,2,1,3
200496,6,11,7,6
200498,0,2,1,3
200500,2,4,3,3
200502,0,1,1,2
200506,1,2,2,2
200508,1,4,2,4
200510,1,1,2,1
200512,0,1,1,2
200514,0,3,1,4
200516,0,1,1,2
200518,0,2,1,3
200520,1,3,2,3
200522,1,2,2,2
200524,0,2,1,3
200526,1,7,2,7
200528,0,11,1,12
200530,5,11,6,7
200534,1,4,2,4
200536,0,1,1,2
200538,0,3,1,4
200540,152,382,153,231
200542,0,1,1,2
200544,0,1,1,2
200546,0,2,1,3
200548,0,1,1,2
200550,0,1,1,2
200552,0,2,1,3
200556,2,4,3,3
200558,0,1,1,2
200562,1,1,2,1
200566,0,3,1,4
200568,7,12,8,6
200570,0,1,1,2
200572,1,1,2,1
200574,0,2,1,3
200576,0,1,1,2
200578,1,2,2,2
200580,0,3,1,4
200582,1,2,2,2
200584,2,5,3,4
200586,0,1,1,2
200588,0,3,1,4
200590,1,5,2,5
200592,1,1,2,1
200594,1,2,2,2
200598,7,22,8,16
200602,1,2,2,2
200604,2,3,3,2
200606,1,2,2,2
200608,0,2,1,3
200610,0,1,1,2
200612,0,2,1,3
200614,5,17,6,13
200616,0,1,1,2
200618,1,1,2,1
200620,1,1,2,1
200622,1,2,2,2
200624,0,1,1,2
200626,1,1,2,1
200630,8,49,9,42
200632,0,2,1,3
200634,0,1,1,2
200638,13,50,14,38
200640,2,3,3,2
200642,1,2,2,2
200644,0,2,1,3
200646,2,6,3,5
200648,1,2,2,2
200650,1,1,2,1
200652,0,1,1,2
200654,0,1,1,2
200656,1,1,2,1
200658,0,1,1,2
200660,1,2,2,2
200662,1,3,2,3
200664,1,1,2,1
200668,1,6,2,6
200670,0,2,1,3
200672,0,1,1,2
200676,0,2,1,3
200678,6,22,7,17
200682,0,2,1,3
200684,0,4,1,5
200686,2,15,3,14
200690,0,2,1,3
200692,0,2,1,3
200694,1,1,2,1
200696,0,1,1,2
200698,0,3,1,4
200700,0,3,1,4
200702,1,1,2,1
200704,2,2,3,1
200708,1,1,2,1
200710,1,3,2,3
200712,0,1,1,2
200714,0,1,1,2
200716,2,3,3,2
200718,2,3,3,2
200720,0,2,1,3
200722,0,1,1,2
200724,2,4,3,3
200726,1,1,2,1
200728,1,1,2,1
200730,0,2,1,3
200732,0,6,1,7
200736,1,5,2,5
200738,2,2,3,1
200740,0,2,1,3
200742,0,1,1,2
200744,1,1,2,1
200746,0,1,1,2
200748,1,3,2,3
200750,0,3,1,4
200754,1,2,2,2
200756,1,2,2,2
200760,0,2,1,3
200762,0,1,1,2
200764,0,1,1,2
200766,5,11,6,7
200768,5,7,6,3
200770,0,1,1,2
200772,0,1,1,2
200776,0,3,1,4
200778,0,1,1,2
200780,0,1,1,2
200782,0,2,1,3
200784,0,1,1,2
200786,0,1,1,2
200788,0,1,1,2
200790,0,2,1,3
200792,0,2,1,3
200794,2,6,3,5
200796,3,6,4,4
200798,1,4,2,4
200800,0,3,1,4
200802,0,3,1,4
200804,0,1,1,2
200806,1,5,2,5
200808,0,2,1,3
200810,0,1,1,2
200812,0,5,1,6
200814,7,70,8,64
200816,0,1,1,2
200818,365,733,366,369
200820,56,263,57,208
200822,40,258,41,219
200824,18,91,19,74
200826,0,1,1,2
200828,0,2,1,3
200830,0,1,1,2
200832,0,3,1,4
200834,1,3,2,3
200836,1,1,2,1
200838,124,414,125,291
200840,0,5,1,6
200842,18,40,19,23
200844,0,2,1,3
200846,0,1,1,2
200848,1,1,2,1
200850,1,2,2,2
200852,1,2,2,2
200854,0,2,1,3
200856,0,2,1,3
200858,1,1,2,1
200860,1,4,2,4
200864,7,41,8,35
200866,6,11,7,6
200872,1,2,2,2
200874,0,3,1,4
200876,0,2,1,3
200878,0,1,1,2
200880,0,2,1,3
200882,1,3,2,3
200884,0,1,1,2
200886,1,2,2,2
200888,0,2,1,3
200890,0,2,1,3
200892,0,1,1,2
200894,0,1,1,2
200896,0,1,1,2
200898,0,1,1,2
200900,0,3,1,4
200902,0,2,1,3
200904,0,4,1,5
200906,0,1,1,2
200908,0,1,1,2
200910,0,1,1,2
200912,0,4,1,5
200914,1,2,2,2
200916,0,2,1,3
200918,0,2,1,3
200920,0,1,1,2
200922,0,2,1,3
200924,0,2,1,3
200926,0,2,1,3
200928,0,2,1,3
200930,1,2,2,2
200932,0,2,1,3
200934,0,2,1,3
200936,1,2,2,2
200938,23,122,24,100
200940,1,1,2,1
200942,1,1,2,1
200944,0,1,1,2
200948,1,6,2,6
200950,10,13,11,4
200952,0,2,1,3
200962,0,1,1,2
200964,0,1,1,2
200966,1,3,2,3
200968,0,2,1,3
200970,0,1,1,2
200972,0,1,1,2
200974,0,1,1,2
200976,0,1,1,2
200978,0,3,1,4
200980,0,2,1,3
200982,11,36,12,26
200984,0,1,1,2
200986,1,5,2,5
200988,1,1,2,1
200990,0,1,1,2
200992,0,1,1,2
200994,0,1,1,2
200998,1,1,2,1
201000,1,1,2,1
201002,1,9,2,9
201006,1,1,2,1
201008,1,8,2,8
201010,0,2,1,3
201012,0,1,1,2
201014,0,2,1,3
201016,0,12,1,13
201018,0,1,1,2
201020,0,1,1,2
201022,1,1,2,1
201024,0,2,1,3
201026,2,5,3,4
201030,1,4,2,4
201032,1,1,2,1
201034,0,1,1,2
201036,1,1,2,1
201038,1,5,2,5
201040,1,1,2,1
201042,1,3,2,3
201044,0,1,1,2
201046,1,2,2,2
201048,2,4,3,3
201050,1,2,2,2
201052,0,3,1,4
201054,0,1,1,2
201056,0,1,1,2
201058,0,3,1,4
201060,0,2,1,3
201062,0,1,1,2
201064,2,3,3,2
201066,0,1,1,2
201068,0,1,1,2
201070,0,2,1,3
201072,10,26,11,17
201074,2,8,3,7
201076,0,2,1,3
201078,0,4,1,5
201080,0,3,1,4
201090,0,1,1,2
201102,0,1,1,2
201118,0,1,1,2
201130,0,1,1,2
201134,0,1,1,2
201138,1,3,2,3
201140,1,2,2,2
201142,1,2,2,2
201144,1,3,2,3
201146,0,1,1,2
201148,0,1,1,2
201150,1,1,2,1
201154,0,1,1,2
201156,1,2,2,2
201158,2,2,3,1
201160,0,1,1,2
201162,0,2,1,3
201164,0,4,1,5
201166,1,5,2,5
201168,0,1,1,2
201170,0,2,1,3
201172,0,2,1,3
201174,0,1,1,2
201176,1,2,2,2
201180,0,1,1,2
201182,0,2,1,3
201184,0,1,1,2
201186,0,1,1,2
201188,0,4,1,5
201190,2,3,3,2
201192,2,3,3,2
201194,3,10,4,8
201196,0,1,1,2
201198,0,1,1,2
201200,10,44,11,35
201202,0,2,1,3
201204,0,1,1,2
201208,3,10,4,8
201212,0,4,1,5
201216,0,2,1,3
201218,0,1,1,2
201222,0,1,1,2
201226,1,1,2,1
201228,2,3,3,2
201230,0,5,1,6
201232,0,2,1,3
201234,0,2,1,3
201236,2,3,3,2
201238,1,1,2,1
201240,1,7,2,7
201242,17,73,18,57
201244,1,1,2,1
201246,1,2,2,2
201248,0,3,1,4
201250,0,3,1,4
201254,1,2,2,2
201256,0,1,1,2
201258,1,1,2,1
201262,0,3,1,4
201264,1,2,2,2
201266,7,10,8,4
201268,0,1,1,2
201270,0,3,1,4
201272,0,2,1,3
201274,1,2,2,2
201276,0,2,1,3
201278,1,1,2,1
201280,1,1,2,1
201282,0,1,1,2
201284,0,6,1,7
201286,1,3,2,3
201288,2,2,3,1
201290,0,1,1,2
201292,0,1,1,2
201294,0,3,1,4
201300,1,7,2,7
201302,0,6,1,7
201304,4,28,5,25
201306,0,8,1,9
201308,0,7,1,8
201310,0,12,1,13
201312,1,4,2,4
201314,9,66,10,58
201316,11,26,12,16
201318,0,5,1,6
201320,7,22,8,16
201322,1,2,2,2
201328,0,3,1,4
201330,1,2,2,2
201332,1,3,2,3
201334,0,3,1,4
201336,1,2,2,2
201338,1,1,2,1
201340,42,68,43,27
201344,1,6,2,6
201346,0,1,1,2
201348,0,1,1,2
201350,0,1,1,2
201352,3,5,4,3
201354,0,4,1,5
201356,2,14,3,13
201358,0,1,1,2
201360,0,2,1,3
201364,0,3,1,4
201366,0,1,1,2
201368,67,217,68,151
201370,0,1,1,2
201372,0,3,1,4
201374,0,2,1,3
201376,0,3,1,4
201378,2,4,3,3
201380,0,1,1,2
201382,2,5,3,4
201384,0,3,1,4
201386,0,3,1,4
201388,1,3,2,3
201390,1,3,2,3
201392,0,2,1,3
201394,0,6,1,7
201396,0,2,1,3
201398,0,2,1,3
201400,1,2,2,2
201402,0,2,1,3
201404,1,3,2,3
201406,2,2,3,1
201408,0,1,1,2
201410,1,3,2,3
201412,1,3,2,3
201414,0,2,1,3
201416,1,4,2,4
201418,1,2,2,2
201420,1,1,2,1
201422,0,1,1,2
201424,1,1,2,1
201426,1,2,2,2
201428,0,1,1,2
201430,0,1,1,2
201432,5,7,6,3
201434,0,1,1,2
201436,3,8,4,6
201440,1,1,2,1
201442,0,2,1,3
201444,25,43,26,19
201446,0,2,1,3
201450,0,6,1,7
201452,0,3,1,4
201462,0,2,1,3
201466,1,1,2,1
201468,1,1,2,1
201470,1,2,2,2
201472,1,6,2,6
201474,0,2,1,3
201476,3,16,4,14
201478,0,6,1,7
201480,2,3,3,2
201482,0,1,1,2
201484,0,2,1,3
201486,2,7,3,6
201488,2,5,3,4
201498,0,1,1,2
201500,0,1,1,2
201502,1,1,2,1
201504,0,1,1,2
201506,0,1,1,2
201508,0,3,1,4
201512,0,1,1,2
201514,1,2,2,2
201516,0,1,1,2
201518,0,2,1,3
201522,0,2,1,3
201524,1,1,2,1
201526,1,1,2,1
201528,0,6,1,7
201530,0,1,1,2
201532,0,1,1,2
201534,0,1,1,2
201536,0,2,1,3
201538,0,9,1,10
201540,0,5,1,6
201542,0,1,1,2
201544,0,2,1,3
201546,0,2,1,3
201548,2,4,3,3
201550,0,1,1,2
201552,2,4,3,3
201554,2,4,3,3
201556,1,3,2,3
201558,0,2,1,3
201560,0,3,1,4
201562,0,2,1,3
201564,0,2,1,3
201566,0,2,1,3
201568,0,2,1,3
201570,0,2,1,3
201572,0,2,1,3
201574,0,2,1,3
201576,0,2,1,3
201578,0,2,1,3
201580,0,2,1,3
201582,0,2,1,3
201584,0,2,1,3
201586,40,256,41,217
201588,228,450,229,223
201592,0,2,1,3
201594,26,127,27,102
201596,1,4,2,4
201598,0,2,1,3
201600,0,2,1,3
201602,1,1,2,1
201604,0,2,1,3
201608,0,2,1,3
201610,0,2,1,3
201612,1,1,2,1
201614,0,3,1,4
201616,1,6,2,6
201618,0,2,1,3
201620,2,3,3,2
201622,2,3,3,2
201624,0,1,1,2
201626,2,3,3,2
201628,0,3,1,4
201630,0,2,1,3
201632,0,2,1,3
201634,1,2,2,2
201636,1,1,2,1
201638,2,7,3,6
201640,1,3,2,3
201642,1,1,2,1
201644,0,5,1,6
201646,236,413,237,178
201648,1,1,2,1
201652,1,5,2,5
201654,5,26,6,22
201656,0,1,1,2
201658,0,1,1,2
201660,0,1,1,2
201662,3,17,4,15
201664,1,12,2,12
201666,2,11,3,10
201668,1,2,2,2
201672,0,3,1,4
201674,0,2,1,3
201676,0,1,1,2
201678,0,2,1,3
201680,0,1,1,2
201682,2,5,3,4
201684,0,1,1,2
201686,5,15,6,11
201688,1,3,2,3
201690,0,1,1,2
201692,0,2,1,3
201694,0,1,1,2
201700,0,2,1,3
201702,1,2,2,2
201704,2,5,3,4
201706,0,5,1,6
201712,0,1,1,2
201715,1,1,2,1
201723,1,1,2,1
201725,1,3,2,3
201727,0,4,1,5
201729,4,44,5,41
201731,2,2,3,1
201733,0,5,1,6
201737,0,1,1,2
201739,2,15,3,14
201741,1,2,2,2
201745,0,1,1,2
201747,2,10,3,9
201749,48,229,49,182
201751,2,6,3,5
201753,0,1,1,2
201757,0,1,1,2
201759,5,9,6,5
201761,0,1,1,2
201763,1,10,2,10
201765,0,3,1,4
201767,2,8,3,7
201769,0,1,1,2
201773,604,1134,605,531
201775,1,6,2,6
201777,0,1,1,2
201779,0,1,1,2
201781,1,1,2,1
201783,1,3,2,3
201787,1,1,2,1
201789,0,2,1,3
201793,1,1,2,1
201795,2,2,3,1
201797,1,1,2,1
201801,1,1,2,1
201803,1,2,2,2
201805,0,1,1,2
201807,0,1,1,2
201809,0,2,1,3
201811,65,199,66,135
201815,0,8,1,9
201817,1,4,2,4
201819,1,3,2,3
201821,2,2,3,1
201823,1,3,2,3
201825,1,1,2,1
201827,0,3,1,4
201829,0,2,1,3
201831,0,2,1,3
201833,1,3,2,3
201835,1,3,2,3
201839,0,2,1,3
201847,0,3,1,4
201849,0,2,1,3
201851,0,2,1,3
201855,0,2,1,3
201859,0,6,1,7
201861,13,17,14,5
201863,6,20,7,15
201865,0,1,1,2
201867,3,5,4,3
201869,1,1,2,1
201875,0,1,1,2
201883,1,1,2,1
201887,1,1,2,1
201889,7,14,8,8
201901,1,1,2,1
201905,0,8,1,9
201907,1,1,2,1
201911,0,3,1,4
201915,0,3,1,4
201917,0,1,1,2
201919,1,5,2,5
201921,1,3,2,3
201923,1,3,2,3
201925,0,3,1,4
201927,2,3,3,2
201929,2,3,3,2
201931,1,1,2,1
201933,1,1,2,1
201935,0,1,1,2
201937,2,3,3,2
201939,1,1,2,1
201943,0,1,1,2
201945,0,1,1,2
201947,0,1,1,2
201949,0,2,1,3
201951,0,1,1,2
201953,0,1,1,2
201957,1,1,2,1
201959,0,1,1,2
201967,0,1,1,2
201969,0,1,1,2
201971,1,1,2,1
201975,1,2,2,2
201977,2,2,3,1
201979,1,2,2,2
201981,1,1,2,1
201983,1,2,2,2
201993,2,8,3,7
201995,0,2,1,3
201999,0,1,1,2
202005,0,1,1,2
202007,0,2,1,3
202009,1,1,2,1
202011,0,1,1,2
202013,0,2,1,3
202015,0,3,1,4
202017,2,9,3,8
202021,0,1,1,2
202023,0,1,1,2
202025,0,1,1,2
202033,3,4,4,2
202035,0,1,1,2
202037,1,1,2,1
202041,1,2,2,2
202043,1,2,2,2
202045,0,3,1,4
202047,0,1,1,2
202049,0,1,1,2
202051,0,9,1,10
202053,1,1,2,1
202055,1,3,2,3
202057,1,3,2,3
202061,0,1,1,2
202063,0,1,1,2
202067,0,1,1,2
202069,1,1,2,1
202071,0,1,1,2
202073,0,2,1,3
202075,0,1,1,2
202077,1,2,2,2
202081,0,2,1,3
202083,0,1,1,2
202085,0,1,1,2
202087,1,1,2,1
202089,0,5,1,6
202091,0,2,1,3
202093,2,8,3,7
202095,1,3,2,3
202099,6,17,7,12
202101,13,52,14,40
202103,130,311,131,182
202105,0,1,1,2
202109,1,3,2,3
202111,1,2,2,2
202113,0,1,1,2
202119,1,2,2,2
202123,1,3,2,3
202133,0,1,1,2
202135,0,1,1,2
202137,1,4,2,4
202139,0,3,1,4
202141,1,1,2,1
202143,0,2,1,3
202145,0,4,1,5
202147,1,3,2,3
202151,0,1,1,2
202153,1,4,2,4
202155,17,54,18,38
202157,0,6,1,7
202159,13,72,14,60
202161,0,1,1,2
202163,0,2,1,3
202165,0,1,1,2
202167,1,2,2,2
202169,0,1,1,2
202171,0,2,1,3
202173,0,1,1,2
202175,1,1,2,1
202177,1,1,2,1
202179,0,2,1,3
202181,1,1,2,1
202187,2,15,3,14
202189,0,3,1,4
202191,5,8,6,4
202193,0,1,1,2
202195,1,36,2,36
202197,0,2,1,3
202199,0,1,1,2
202201,0,1,1,2
202203,0,2,1,3
202205,0,2,1,3
202207,0,1,1,2
202209,0,2,1,3
202211,1,1,2,1
202213,0,2,1,3
202215,0,1,1,2
202221,0,1,1,2
202225,0,1,1,2
202227,0,4,1,5
202229,1,4,2,4
202231,2,2,3,1
202233,2,4,3,3
202235,0,1,1,2
202237,35,52,36,18
202245,1,2,2,2
202247,0,1,1,2
202249,1,1,2,1
202251,0,1,1,2
202253,0,2,1,3
202255,0,1,1,2
202263,0,2,1,3
202265,1,2,2,2
202267,0,1,1,2
202269,0,1,1,2
202271,0,1,1,2
202273,0,1,1,2
202275,1,1,2,1
202277,0,1,1,2
202281,1,2,2,2
202287,2,2,3,1
202289,0,1,1,2
202291,0,1,1,2
202293,3,5,4,3
202297,1,2,2,2
202299,1,1,2,1
202301,0,1,1,2
202303,1,3,2,3
202305,0,1,1,2
202315,0,1,1,2
202317,0,1,1,2
202319,0,1,1,2
202321,0,1,1,2
202323,0,2,1,3
202325,0,2,1,3
202327,0,1,1,2
202329,5,14,6,10
202331,1,5,2,5
202333,0,2,1,3
202335,1,4,2,4
202341,0,2,1,3
202343,0,1,1,2
202345,0,2,1,3
202349,0,1,1,2
202355,1,2,2,2
202357,1,2,2,2
202359,3,11,4,9
202361,1,6,2,6
202363,2,7,3,6
202365,0,2,1,3
202369,0,1,1,2
202371,0,1,1,2
202373,0,1,1,2
202375,0,1,1,2
202377,0,1,1,2
202379,1,1,2,1
202381,3,5,4,3
202383,0,3,1,4
202389,1,3,2,3
202391,1,6,2,6
202393,47,181,48,135
202395,0,4,1,5
202397,0,2,1,3
202399,2,4,3,3
202401,0,2,1,3
202403,1,2,2,2
202405,0,2,1,3
202407,1,2,2,2
202409,0,1,1,2
202411,1,3,2,3
202413,2,5,3,4
202415,2,4,3,3
202417,0,4,1,5
202419,0,3,1,4
202421,8,66,9,59
202423,7,18,8,12
202425,1,6,2,6
202427,2,11,3,10
202429,598,895,599,298
202431,3,7,4,5
202433,3,6,4,4
202435,1,11,2,11
202437,0,2,1,3
202439,403,496,404,94
202441,1,1,2,1
202443,1,4,2,4
202445,0,4,1,5
202447,0,3,1,4
202449,0,4,1,5
202453,0,1,1,2
202455,0,3,1,4
202465,0,1,1,2
202467,3,5,4,3
202469,0,2,1,3
202471,0,1,1,2
202473,0,1,1,2
202475,0,1,1,2
202477,1,3,2,3
202479,0,9,1,10
202481,1,2,2,2
202483,0,1,1,2
202487,0,1,1,2
202489,0,2,1,3
202491,0,1,1,2
202493,1,1,2,1
202495,3,13,4,11
202497,2,8,3,7
202499,0,7,1,8
202501,1,2,2,2
202509,0,2,1,3
202511,2,6,3,5
202513,0,2,1,3
202515,1,1,2,1
202517,1,3,2,3
202519,4,51,5,48
202529,0,1,1,2
202531,0,1,1,2
202533,7,17,8,11
202535,0,5,1,6
202537,1,3,2,3
202539,0,1,1,2
202541,0,3,1,4
202543,0,3,1,4
202545,0,1,1,2
202547,3,9,4,7
202549,0,1,1,2
202551,0,1,1,2
202553,1,3,2,3
202555,0,1,1,2
202557,1,1,2,1
202559,0,2,1,3
202561,4,13,5,10
202563,0,1,1,2
202565,0,1,1,2
202567,0,2,1,3
202569,0,1,1,2
202575,26,88,27,63
202577,1,1,2,1
202581,0,1,1,2
202583,0,1,1,2
202585,0,1,1,2
202595,1,2,2,2
202597,0,2,1,3
202599,5,12,6,8
202603,0,1,1,2
202605,1,1,2,1
202615,0,1,1,2
202619,0,1,1,2
202625,1,1,2,1
202627,1,1,2,1
202635,1,1,2,1
202641,1,1,2,1
202643,1,1,2,1
202645,0,2,1,3
202665,0,1,1,2
202671,0,1,1,2
202673,0,1,1,2
202677,1,1,2,1
202695,0,1,1,2
202697,0,1,1,2
202699,1,5,2,5
202701,0,1,1,2
202703,0,2,1,3
202705,0,1,1,2
202711,29,61,30,33
202713,0,2,1,3
202715,1,5,2,5
202717,0,1,1,2
202719,0,4,1,5
202721,0,1,1,2
202723,0,1,1,2
202725,0,1,1,2
202727,0,1,1,2
202729,0,1,1,2
202731,0,1,1,2
202733,0,1,1,2
202735,0,1,1,2
202737,1,1,2,1
202741,1,2,2,2
202745,1,1,2,1
202747,0,7,1,8
202749,4,12,5,9
202751,0,1,1,2
202753,1,2,2,2
202755,0,2,1,3
202757,0,1,1,2
202759,0,1,1,2
202761,1,1,2,1
202763,1,1,2,1
202765,0,2,1,3
202767,0,1,1,2
202769,1,1,2,1
202773,1,1,2,1
202775,0,1,1,2
202779,0,3,1,4
202781,0,3,1,4
202783,0,1,1,2
202787,0,1,1,2
202793,0,1,1,2
202795,0,2,1,3
202797,0,2,1,3
202799,2,13,3,12
202801,0,2,1,3
202803,2,7,3,6
202805,1,1,2,1
202807,1,4,2,4
202809,0,1,1,2
202811,0,1,1,2
202813,0,1,1,2
202815,0,1,1,2
202817,1,1,2,1
202819,0,2,1,3
202823,0,3,1,4
202825,0,1,1,2
202828,0,1,1,2
202830,0,2,1,3
202832,0,2,1,3
202836,0,2,1,3
202842,0,1,1,2
202880,4,8,5,5
202882,0,1,1,2
202896,0,1,1,2
202898,0,1,1,2
202902,0,1,1,2
202916,0,1,1,2
202918,0,1,1,2
202932,0,2,1,3
202934,18,72,19,55
202936,2,2,3,1
202944,1,1,2,1
202962,0,1,1,2
202964,1,1,2,1
202968,0,1,1,2
202976,1,1,2,1
202978,1,1,2,1
202980,0,3,1,4
202982,0,2,1,3
202984,1,3,2,3
202986,1,3,2,3
202988,1,4,2,4
202990,0,2,1,3
202992,1,2,2,2
202994,0,2,1,3
202996,2,2,3,1
202998,0,3,1,4
203000,1,3,2,3
203002,0,1,1,2
203006,1,2,2,2
203010,1,4,2,4
203014,1,1,2,1
203016,0,1,1,2
203018,0,1,1,2
203020,0,1,1,2
203022,3,10,4,8
203024,1,5,2,5
203026,0,4,1,5
203028,0,1,1,2
203030,0,1,1,2
203032,1,1,2,1
203034,1,2,2,2
203036,0,1,1,2
203038,0,1,1,2
203040,2,4,3,3
203042,0,1,1,2
203044,0,1,1,2
203048,5,13,6,9
203050,0,2,1,3
203052,1,2,2,2
203054,3,4,4,2
203056,0,2,1,3
203058,0,1,1,2
203060,1,2,2,2
203062,0,1,1,2
203064,0,1,1,2
203066,1,1,2,1
203068,1,2,2,2
203072,0,1,1,2
203074,0,1,1,2
203076,0,1,1,2
203078,1,2,2,2
203080,1,4,2,4
203082,0,4,1,5
203084,0,2,1,3
203086,1,1,2,1
203090,0,1,1,2
203110,2,7,3,6
203112,0,2,1,3
203118,1,3,2,3
203124,0,1,1,2
203126,0,1,1,2
203128,1,3,2,3
203130,0,2,1,3
203132,1,4,2,4
203134,0,5,1,6
203136,1,1,2,1
203140,0,1,1,2
203142,0,2,1,3
203144,1,4,2,4
203146,0,4,1,5
203148,0,3,1,4
203152,0,3,1,4
203154,14,30,15,17
203156,1,2,2,2
203158,1,2,2,2
203160,16,29,17,14
203162,0,1,1,2
203164,1,2,2,2
203166,0,1,1,2
203168,0,1,1,2
203170,1,4,2,4
203172,0,1,1,2
203174,0,1,1,2
203176,0,2,1,3
203180,0,1,1,2
203182,1,2,2,2
203184,0,6,1,7
203186,0,1,1,2
203188,1,2,2,2
203190,0,1,1,2
203192,0,1,1,2
203196,0,3,1,4
203198,0,2,1,3
203200,0,1,1,2
203202,2,3,3,2
203204,0,3,1,4
203206,0,3,1,4
203208,16,69,17,54
203212,0,7,1,8
203214,0,2,1,3
203218,27,58,28,32
203220,3,12,4,10
203222,79,258,80,180
203224,6,26,7,21
203226,1,2,2,2
203228,1,7,2,7
203230,0,5,1,6
203232,1,5,2,5
203234,0,2,1,3
203236,1,4,2,4
203238,1,1,2,1
203240,0,2,1,3
203242,1,6,2,6
203244,15,71,16,57
203246,0,1,1,2
203248,0,2,1,3
203250,0,2,1,3
203252,0,2,1,3
203254,0,8,1,9
203256,0,5,1,6
203258,0,1,1,2
203264,0,1,1,2
203266,0,1,1,2
203268,0,1,1,2
203270,0,1,1,2
203272,1,2,2,2
203274,0,1,1,2
203278,10,36,11,27
203280,0,3,1,4
203282,0,2,1,3
203284,0,1,1,2
203286,0,1,1,2
203288,1,2,2,2
203290,0,1,1,2
203292,0,2,1,3
203296,2,7,3,6
203298,1,2,2,2
203300,0,1,1,2
203302,3,7,4,5
203304,2,2,3,1
203306,1,8,2,8
203308,1,4,2,4
203310,0,1,1,2
203312,2,5,3,4
203314,0,1,1,2
203316,1,1,2,1
203318,0,2,1,3
203320,0,1,1,2
203322,10,28,11,19
203324,0,1,1,2
203326,0,1,1,2
203328,1,1,2,1
203330,1,1,2,1
203334,1,5,2,5
203336,0,1,1,2
203338,1,1,2,1
203340,0,1,1,2
203348,0,1,1,2
203358,1,2,2,2
203360,0,1,1,2
203364,0,1,1,2
203368,1,3,2,3
203369,0,3,1,4
203371,1,2,2,2
203373,1,2,2,2
203375,30,41,31,12
203379,2,2,3,1
203381,0,5,1,6
203383,0,3,1,4
203385,0,2,1,3
203387,1,3,2,3
203389,1,3,2,3
203391,0,1,1,2
203393,1,23,2,23
203395,2,6,3,5
203397,2,7,3,6
203399,0,4,1,5
203401,0,5,1,6
203403,0,5,1,6
203405,0,1,1,2
203407,0,2,1,3
203409,0,2,1,3
203411,1,2,2,2
203413,2,4,3,3
203417,1,6,2,6
203419,0,3,1,4
203421,0,3,1,4
203423,0,1,1,2
203425,1,1,2,1
203429,2,4,3,3
203431,0,1,1,2
203433,1,2,2,2
203435,0,2,1,3
203437,0,2,1,3
203439,0,1,1,2
203441,0,2,1,3
203443,1,1,2,1
203445,1,3,2,3
203447,0,1,1,2
203449,2,15,3,14
203451,0,1,1,2
203453,1,1,2,1
203455,0,1,1,2
203457,0,1,1,2
203459,0,1,1,2
203461,0,2,1,3
203463,0,1,1,2
203465,0,1,1,2
203467,0,1,1,2
203469,0,1,1,2
203471,0,1,1,2
203473,0,1,1,2
203475,0,2,1,3
203477,0,1,1,2
203479,0,1,1,2
203481,0,1,1,2
203483,1,2,2,2
203485,0,1,1,2
203487,0,1,1,2
203491,0,2,1,3
203495,0,4,1,5
203497,0,1,1,2
203499,0,1,1,2
203501,2,2,3,1
203503,5,9,6,5
203505,0,1,1,2
203509,0,1,1,2
203511,0,2,1,3
203513,6,74,7,69
203515,0,1,1,2
203517,4,25,5,22
203519,38,157,39,120
203521,0,2,1,3
203523,3,14,4,12
203525,0,1,1,2
203527,0,3,1,4
203529,0,1,1,2
203531,0,2,1,3
203533,0,6,1,7
203535,0,2,1,3
203537,0,2,1,3
203539,1,2,2,2
203541,1,2,2,2
203543,0,2,1,3
203545,0,1,1,2
203547,0,1,1,2
203553,1,1,2,1
203557,1,5,2,5
203559,2,3,3,2
203561,0,1,1,2
203563,0,2,1,3
203565,0,1,1,2
203569,0,1,1,2
203573,0,1,1,2
203577,0,1,1,2
203583,0,1,1,2
203585,0,1,1,2
203589,0,1,1,2
203591,0,4,1,5
203593,1,4,2,4
203595,0,2,1,3
203597,0,1,1,2
203599,3,7,4,5
203601,0,2,1,3
203603,1,3,2,3
203613,0,1,1,2
203615,1,6,2,6
203617,1,1,2,1
203619,16,34,17,19
203621,1,2,2,2
203623,0,2,1,3
203627,0,1,1,2
203629,0,1,1,2
203631,0,2,1,3
203633,1,4,2,4
203635,0,2,1,3
203637,0,2,1,3
203639,0,2,1,3
203641,0,2,1,3
203643,0,3,1,4
203645,0,2,1,3
203647,0,2,1,3
203649,3,7,4,5
203651,0,1,1,2
203653,1,1,2,1
203655,1,2,2,2
203657,0,2,1,3
203659,0,1,1,2
203661,3,4,4,2
203663,0,1,1,2
203667,0,3,1,4
203669,1,2,2,2
203671,0,4,1,5
203673,1,3,2,3
203675,1,3,2,3
203677,0,5,1,6
203679,1,3,2,3
203681,2,5,3,4
203683,2,13,3,12
203685,0,1,1,2
203687,1,3,2,3
203689,1,5,2,5
203691,5,11,6,7
203693,0,4,1,5
203695,0,2,1,3
203697,0,3,1,4
203699,0,2,1,3
203701,1,3,2,3
203703,0,1,1,2
203705,0,4,1,5
203707,0,1,1,2
203709,1,2,2,2
203711,0,4,1,5
203713,1,2,2,2
203715,1,4,2,4
203717,1,1,2,1
203719,0,1,1,2
203721,0,1,1,2
203723,1,3,2,3
203727,0,1,1,2
203729,0,1,1,2
203733,1,2,2,2
203735,1,1,2,1
203737,0,1,1,2
203739,0,1,1,2
203741,0,1,1,2
203743,1,6,2,6
203745,0,6,1,7
203747,1,2,2,2
203749,2,5,3,4
203751,7,18,8,12
203753,1,2,2,2
203757,4,7,5,4
203759,0,3,1,4
203761,0,2,1,3
203763,1,4,2,4
203765,1,3,2,3
203767,1,3,2,3
203769,1,3,2,3
203771,2,2,3,1
203773,1,2,2,2
203775,0,1,1,2
203777,1,2,2,2
203779,1,2,2,2
203781,1,2,2,2
203783,1,2,2,2
203785,1,2,2,2
203787,2,3,3,2
203789,0,2,1,3
203797,0,3,1,4
203799,0,5,1,6
203801,0,2,1,3
203803,1,2,2,2
203805,2,8,3,7
203807,0,2,1,3
203809,1,1,2,1
203811,0,4,1,5
203813,3,6,4,4
203815,0,2,1,3
203817,1,4,2,4
203819,0,2,1,3
203821,0,2,1,3
203823,0,5,1,6
203825,0,1,1,2
203827,0,2,1,3
203829,0,3,1,4
203831,0,2,1,3
203833,0,2,1,3
203835,0,3,1,4
203837,0,3,1,4
203839,0,1,1,2
203847,1,1,2,1
203849,0,1,1,2
203853,0,2,1,3
203855,1,1,2,1
203857,0,1,1,2
203863,2,2,3,1
203865,0,2,1,3
203867,1,2,2,2
203869,0,3,1,4
203877,0,1,1,2
203879,0,1,1,2
203881,11,22,12,12
203882,1,1,2,1
203884,0,1,1,2
203886,0,3,1,4
203890,1,1,2,1
203892,0,1,1,2
203894,2,4,3,3
203896,1,1,2,1
203898,3,8,4,6
203902,1,1,2,1
203904,11,32,12,22
203906,0,1,1,2
203912,0,1,1,2
203914,3,3,4,1
203916,1,1,2,1
203922,15,23,16,9
203926,1,5,2,5
203928,5,10,6,6
203930,0,1,1,2
203934,0,2,1,3
203936,0,3,1,4
203938,0,3,1,4
203940,0,4,1,5
203942,0,1,1,2
203946,0,2,1,3
203948,1,1,2,1
203950,1,3,2,3
203952,0,2,1,3
203954,0,1,1,2
203956,3,4,4,2
203958,0,1,1,2
203960,0,2,1,3
203962,1,1,2,1
203964,0,1,1,2
203966,0,9,1,10
203970,0,2,1,3
203972,0,2,1,3
203974,2,5,3,4
203976,0,2,1,3
203978,0,1,1,2
203980,0,3,1,4
203982,3,5,4,3
203984,0,1,1,2
203986,1,1,2,1
203988,0,3,1,4
203996,1,1,2,1
204002,0,1,1,2
204004,1,1,2,1
204012,1,1,2,1
204014,1,2,2,2
204016,0,1,1,2
204018,0,21,1,22
204020,0,1,1,2
204022,0,2,1,3
204026,0,1,1,2
204028,0,1,1,2
204030,0,6,1,7
204034,1,2,2,2
204036,1,1,2,1
204038,1,1,2,1
204040,0,2,1,3
204044,0,2,1,3
204052,0,2,1,3
204054,0,1,1,2
204056,1,11,2,11
204058,0,2,1,3
204060,0,2,1,3
204062,0,2,1,3
204064,2,15,3,14
204066,0,2,1,3
204068,1,7,2,7
204070,1,1,2,1
204072,1,2,2,2
204074,1,1,2,1
204076,0,3,1,4
204078,0,2,1,3
204080,0,1,1,2
204082,0,1,1,2
204084,0,1,1,2
204086,0,1,1,2
204090,0,1,1,2
204092,0,1,1,2
204094,0,1,1,2
204096,1,3,2,3
204098,0,2,1,3
204102,1,4,2,4
204104,0,1,1,2
204106,1,2,2,2
204110,0,2,1,3
204114,2,2,3,1
204116,0,4,1,5
204118,0,2,1,3
204120,0,3,1,4
204122,0,2,1,3
204124,1,2,2,2
204126,0,1,1,2
204128,0,1,1,2
204132,2,23,3,22
204134,0,1,1,2
204138,1,2,2,2
204142,0,1,1,2
204146,0,1,1,2
204150,0,2,1,3
204152,0,4,1,5
204154,0,1,1,2
204156,0,2,1,3
204158,5,14,6,10
204160,1,3,2,3
204162,0,1,1,2
204164,0,2,1,3
204166,0,1,1,2
204168,1,2,2,2
204172,0,1,1,2
204176,0,3,1,4
204178,0,2,1,3
204180,0,1,1,2
204182,0,1,1,2
204184,0,1,1,2
204186,1,3,2,3
204188,1,11,2,11
204190,0,1,1,2
204196,0,2,1,3
204198,1,5,2,5
204200,1,1,2,1
204202,0,4,1,5
204204,0,1,1,2
204206,1,2,2,2
204208,1,2,2,2
204210,0,1,1,2
204212,1,6,2,6
204214,1,1,2,1
204216,0,2,1,3
204218,0,1,1,2
204220,0,1,1,2
204222,1,2,2,2
204224,1,1,2,1
204226,0,1,1,2
204228,0,1,1,2
204230,0,2,1,3
204232,0,2,1,3
204234,0,2,1,3
204236,0,2,1,3
204238,0,1,1,2
204240,0,2,1,3
204246,3,8,4,6
204248,0,2,1,3
204250,0,1,1,2
204252,0,1,1,2
204254,0,2,1,3
204256,0,3,1,4
204258,0,2,1,3
204260,0,3,1,4
204264,0,3,1,4
204266,0,1,1,2
204268,6,33,7,28
204270,1,2,2,2
204272,0,1,1,2
204274,1,2,2,2
204276,0,2,1,3
204278,0,1,1,2
204284,0,1,1,2
204288,0,2,1,3
204290,0,1,1,2
204292,0,1,1,2
204294,16,46,17,31
204296,0,2,1,3
204298,0,2,1,3
204302,1,2,2,2
204304,2,2,3,1
204308,2,3,3,2
204310,2,2,3,1
204312,1,4,2,4
204316,0,1,1,2
204318,7,16,8,10
204320,0,1,1,2
204322,0,1,1,2
204324,0,1,1,2
204326,0,2,1,3
204328,0,6,1,7
204330,0,3,1,4
204334,0,4,1,5
204336,0,2,1,3
204338,1,2,2,2
204340,0,3,1,4
204342,3,5,4,3
204344,0,1,1,2
204346,0,3,1,4
204350,1,2,2,2
204352,67,185,68,119
204354,2,4,3,3
204356,0,3,1,4
204358,0,3,1,4
204360,0,2,1,3
204362,0,1,1,2
204364,1,1,2,1
204366,4,5,5,2
204370,1,1,2,1
204372,0,1,1,2
204374,0,1,1,2
204376,0,1,1,2
204380,0,1,1,2
204384,0,1,1,2
204386,0,2,1,3
204388,2,4,3,3
204390,0,1,1,2
204394,0,3,1,4
204396,0,1,1,2
204398,0,1,1,2
204400,0,2,1,3
204406,0,1,1,2
204410,1,1,2,1
204420,0,1,1,2
204422,1,1,2,1
204430,1,1,2,1
204436,1,1,2,1
204438,0,2,1,3
204440,0,1,1,2
204442,0,1,1,2
204444,0,2,1,3
204446,0,1,1,2
204448,1,1,2,1
204450,0,2,1,3
204452,0,2,1,3
204458,1,2,2,2
204466,0,1,1,2
204470,2,2,3,1
204472,2,7,3,6
204474,0,2,1,3
204478,0,2,1,3
204480,1,3,2,3
204482,0,1,1,2
204488,1,1,2,1
204490,0,3,1,4
204492,0,1,1,2
204494,0,1,1,2
204496,2,10,3,9
204498,0,1,1,2
204500,0,1,1,2
204504,0,3,1,4
204506,0,1,1,2
204508,0,1,1,2
204510,0,2,1,3
204512,1,1,2,1
204514,0,1,1,2
204516,0,1,1,2
204518,0,1,1,2
204520,0,2,1,3
204522,0,4,1,5
204524,0,3,1,4
204526,0,1,1,2
204528,1,2,2,2
204530,0,5,1,6
204534,1,1,2,1
204536,1,1,2,1
204538,0,3,1,4
204540,0,4,1,5
204542,56,190,57,135
204546,0,2,1,3
204548,3,13,4,11
204552,0,2,1,3
204554,0,2,1,3
204556,4,18,5,15
204558,3,18,4,16
204560,0,1,1,2
204562,0,1,1,2
204564,0,1,1,2
204566,0,1,1,2
204568,0,2,1,3
204570,0,2,1,3
204572,0,2,1,3
204574,0,2,1,3
204576,0,4,1,5
204578,2,4,3,3
204580,0,2,1,3
204582,2,4,3,3
204584,0,2,1,3
204586,0,1,1,2
204588,0,1,1,2
204590,0,1,1,2
204592,1,1,2,1
204594,0,2,1,3
204596,0,1,1,2
204598,1,2,2,2
204600,0,2,1,3
204602,0,1,1,2
204606,0,1,1,2
204608,1,3,2,3
204610,0,2,1,3
204612,0,2,1,3
204614,0,3,1,4
204616,0,3,1,4
204618,0,3,1,4
204620,2,6,3,5
204622,0,1,1,2
204624,0,2,1,3
204626,0,1,1,2
204628,1,2,2,2
204630,0,2,1,3
204632,1,4,2,4
204634,0,1,1,2
204636,0,3,1,4
204638,0,1,1,2
204640,0,1,1,2
204642,1,2,2,2
204644,0,1,1,2
204646,0,1,1,2
204648,0,3,1,4
204652,1,1,2,1
204654,0,1,1,2
204656,0,8,1,9
204658,0,1,1,2
204662,0,1,1,2
204664,0,1,1,2
204672,0,1,1,2
204674,0,1,1,2
204676,0,2,1,3
204678,0,1,1,2
204680,0,2,1,3
204684,0,2,1,3
204688,1,7,2,7
204690,7,27,8,21
204692,8,50,9,43
204694,0,1,1,2
204696,0,2,1,3
204698,597,818,598,222
204700,1,4,2,4
204702,7,21,8,15
204704,21,54,22,34
204710,0,3,1,4
204712,0,3,1,4
204714,0,2,1,3
204720,0,1,1,2
204722,1,4,2,4
204724,0,1,1,2
204730,0,1,1,2
204732,1,2,2,2
204734,0,1,1,2
204736,0,2,1,3
204740,0,1,1,2
204750,5,9,6,5
204752,0,2,1,3
204754,0,1,1,2
204756,1,1,2,1
204764,0,2,1,3
204766,1,3,2,3
204768,0,1,1,2
204770,0,1,1,2
204772,1,3,2,3
204774,0,1,1,2
204776,0,1,1,2
204778,0,1,1,2
204780,1,2,2,2
204782,1,1,2,1
204786,0,2,1,3
204788,0,2,1,3
204790,0,1,1,2
204794,0,1,1,2
204796,0,2,1,3
204798,1,3,2,3
204802,0,6,1,7
204804,0,1,1,2
204806,0,2,1,3
204808,0,1,1,2
204810,0,2,1,3
204812,0,1,1,2
204814,1,1,2,1
204816,0,2,1,3
204818,0,1,1,2
204820,0,1,1,2
204822,2,3,3,2
204824,0,2,1,3
204826,1,12,2,12
204830,0,2,1,3
204832,3,11,4,9
204834,1,3,2,3
204836,6,13,7,8
204838,1,4,2,4
204840,0,4,1,5
204842,1,3,2,3
204844,0,2,1,3
204846,0,2,1,3
204848,0,1,1,2
204850,1,2,2,2
204852,0,1,1,2
204854,0,1,1,2
204856,0,1,1,2
204858,0,1,1,2
204864,1,2,2,2
204866,1,1,2,1
204868,5,10,6,6
204874,0,2,1,3
204876,0,2,1,3
204878,16,43,17,28
204880,0,1,1,2
204882,0,1,1,2
204890,0,1,1,2
204892,0,2,1,3
204896,0,1,1,2
204898,0,3,1,4
204900,0,2,1,3
204902,1,1,2,1
204910,0,1,1,2
204912,0,1,1,2
204914,0,1,1,2
204916,0,1,1,2
204918,1,3,2,3
204920,0,1,1,2
204924,1,1,2,1
204926,0,2,1,3
204928,1,1,2,1
204936,0,1,1,2
204938,0,1,1,2
204942,0,1,1,2
204946,0,1,1,2
204948,0,1,1,2
204954,1,1,2,1
204966,4,11,5,8
204970,0,2,1,3
204972,0,1,1,2
204974,3,3,4,1
204976,0,2,1,3
204980,1,5,2,5
204982,0,1,1,2
204986,0,1,1,2
204990,1,3,2,3
204992,1,2,2,2
204994,1,4,2,4
204996,0,2,1,3
204998,1,1,2,1
205002,0,3,1,4
205004,0,1,1,2
205006,0,1,1,2
205008,0,1,1,2
205010,0,2,1,3
205012,0,1,1,2
205014,0,2,1,3
205016,0,1,1,2
205018,1,2,2,2
205020,0,1,1,2
205022,0,3,1,4
205024,0,1,1,2
205026,0,2,1,3
205028,0,2,1,3
205030,0,1,1,2
205034,0,1,1,2
205036,0,1,1,2
205038,0,2,1,3
205040,0,1,1,2
205042,0,2,1,3
205044,3,4,4,2
205046,0,3,1,4
205048,0,2,1,3
205052,1,2,2,2
205054,14,41,15,28
205058,0,1,1,2
205060,1,2,2,2
205062,0,1,1,2
205064,4,15,5,12
205066,2,6,3,5
205068,1,1,2,1
205070,1,4,2,4
205072,20,58,21,39
205074,5,30,6,26
205076,14,53,15,40
205078,0,4,1,5
205080,0,2,1,3
205082,6,21,7,16
205090,0,4,1,5
205094,0,1,1,2
205102,0,1,1,2
205106,7,20,8,14
205108,0,1,1,2
205110,0,1,1,2
205112,0,1,1,2
205114,0,1,1,2
205116,0,1,1,2
205118,0,2,1,3
205120,0,2,1,3
205122,1,1,2,1
205124,1,3,2,3
205126,0,2,1,3
205128,3,8,4,6
205130,0,5,1,6
205132,1,1,2,1
205134,1,12,2,12
205136,0,1,1,2
205140,0,1,1,2
205142,1,2,2,2
205144,0,1,1,2
205146,5,16,6,12
205148,0,1,1,2
205150,0,2,1,3
205152,0,2,1,3
205154,1,3,2,3
205156,31,42,32,12
205158,0,3,1,4
205160,2,8,3,7
205162,0,3,1,4
205164,1,1,2,1
205166,0,1,1,2
205168,0,1,1,2
205170,0,1,1,2
205172,0,2,1,3
205174,0,1,1,2
205176,1,2,2,2
205178,0,1,1,2
205180,0,1,1,2
205182,0,1,1,2
205184,0,1,1,2
205186,0,1,1,2
205190,1,1,2,1
205192,0,5,1,6
205194,1,2,2,2
205196,0,2,1,3
205198,0,1,1,2
205200,0,2,1,3
205205,0,15,1,16
205257,2,5,3,4
205259,1,5,2,5
205261,1,2,2,2
205263,0,2,1,3
205265,0,1,1,2
205267,0,1,1,2
205269,0,1,1,2
205271,0,4,1,5
205273,1,2,2,2
205275,0,3,1,4
205277,1,1,2,1
205279,0,2,1,3
205281,0,3,1,4
205283,0,2,1,3
205285,0,2,1,3
205287,11,21,12,11
205289,1,2,2,2
205291,4,6,5,3
205293,1,1,2,1
205295,0,1,1,2
205297,4,28,5,25
205299,0,4,1,5
205301,0,1,1,2
205303,31,42,32,12
205305,7,12,8,6
205309,0,2,1,3
205311,0,1,1,2
205313,0,3,1,4
205315,0,2,1,3
205321,1,1,2,1
205323,1,1,2,1
205325,6,11,7,6
205327,7,8,8,2
205329,2,6,3,5
205331,0,1,1,2
205333,0,2,1,3
205335,0,1,1,2
205337,0,2,1,3
205339,0,4,1,5
205341,0,1,1,2
205345,0,1,1,2
205351,0,1,1,2
205357,0,2,1,3
205359,0,2,1,3
205361,3,7,4,5
205365,0,2,1,3
205367,1,2,2,2
205369,2,4,3,3
205371,0,1,1,2
205373,0,2,1,3
205375,0,2,1,3
205377,0,2,1,3
205379,4,5,5,2
205381,0,1,1,2
205383,122,252,123,131
205385,1,2,2,2
205387,0,1,1,2
205389,1,1,2,1
205391,0,1,1,2
205393,0,1,1,2
205395,1,1,2,1
205397,0,1,1,2
205399,23,35,24,13
205403,0,1,1,2
205405,0,1,1,2
205407,0,2,1,3
205413,0,1,1,2
205415,0,1,1,2
205417,0,3,1,4
205419,1,1,2,1
205421,1,13,2,13
205423,0,1,1,2
205425,37,69,38,33
205427,2,2,3,1
205429,0,1,1,2
205431,0,1,1,2
205433,1,2,2,2
205435,1,3,2,3
205437,1,2,2,2
205439,1,3,2,3
205441,4,7,5,4
205443,0,1,1,2
205445,1,3,2,3
205447,1,2,2,2
205449,0,2,1,3
205451,1,1,2,1
205453,1,2,2,2
205459,0,2,1,3
205461,0,3,1,4
205463,0,2,1,3
205465,1,1,2,1
205469,1,1,2,1
205473,2,3,3,2
205475,0,1,1,2
205479,1,2,2,2
205481,0,1,1,2
205483,0,1,1,2
205485,0,2,1,3
205489,1,3,2,3
205491,1,1,2,1
205493,0,1,1,2
205499,1,1,2,1
205501,1,1,2,1
205503,0,1,1,2
205505,1,3,2,3
205507,0,1,1,2
205509,4,14,5,11
205511,1,1,2,1
205513,1,2,2,2
205515,1,6,2,6
205517,1,1,2,1
205523,1,3,2,3
205525,0,1,1,2
205527,0,3,1,4
205529,0,1,1,2
205531,1,2,2,2
205535,1,1,2,1
205537,0,1,1,2
205539,0,1,1,2
205541,1,1,2,1
205543,0,1,1,2
205545,6,18,7,13
205547,1,3,2,3
205551,0,1,1,2
205557,1,4,2,4
205559,0,4,1,5
205561,0,1,1,2
205563,0,1,1,2
205573,1,7,2,7
205575,2,8,3,7
205577,0,3,1,4
205583,0,3,1,4
205589,0,1,1,2
205591,2,2,3,1
205595,0,1,1,2
205599,0,1,1,2
205605,0,1,1,2
205613,0,1,1,2
205615,0,1,1,2
205617,0,1,1,2
205619,0,2,1,3
205621,0,1,1,2
205623,0,1,1,2
205625,0,1,1,2
205629,0,1,1,2
205633,0,1,1,2
205635,1,1,2,1
205637,0,1,1,2
205639,0,1,1,2
205645,0,1,1,2
205647,0,2,1,3
205649,0,1,1,2
205651,1,1,2,1
205657,0,1,1,2
205659,0,1,1,2
205661,10,41,11,32
205663,0,1,1,2
205665,1,1,2,1
205667,0,2,1,3
205671,0,1,1,2
205673,0,1,1,2
205675,0,1,1,2
205677,0,1,1,2
205679,0,1,1,2
205681,0,1,1,2
205683,0,1,1,2
205685,0,2,1,3
205687,0,1,1,2
205689,0,2,1,3
205691,0,1,1,2
205697,0,1,1,2
205699,0,1,1,2
205707,0,1,1,2
205713,0,1,1,2
205715,0,1,1,2
205717,0,1,1,2
205719,0,1,1,2
205721,0,2,1,3
205723,0,1,1,2
205727,0,1,1,2
205729,0,1,1,2
205741,1,1,2,1
205743,0,1,1,2
205745,0,1,1,2
205749,0,1,1,2
205753,1,1,2,1
205755,0,3,1,4
205761,0,2,1,3
205763,2,5,3,4
205765,0,1,1,2
205767,0,1,1,2
205769,1,4,2,4
205771,0,1,1,2
205773,0,1,1,2
205777,0,1,1,2
205779,1,1,2,1
205797,2,2,3,1
205799,0,1,1,2
205805,1,2,2,2
205807,2,2,3,1
205809,1,7,2,7
205811,0,1,1,2
205815,0,1,1,2
205817,0,1,1,2
205819,0,1,1,2
205827,0,1,1,2
205829,0,1,1,2
205831,1,2,2,2
205833,1,2,2,2
205835,0,1,1,2
205837,1,2,2,2
205839,0,4,1,5
205841,0,2,1,3
205843,1,1,2,1
205845,0,1,1,2
205847,0,1,1,2
205849,0,1,1,2
205851,0,1,1,2
205855,1,2,2,2
205857,7,17,8,11
205859,0,1,1,2
205861,0,1,1,2
205863,0,1,1,2
205865,1,1,2,1
205867,1,2,2,2
205869,1,1,2,1
205871,0,1,1,2
205873,0,2,1,3
205889,0,1,1,2
205893,3,4,4,2
205895,0,1,1,2
205897,0,1,1,2
205899,0,1,1,2
205907,0,1,1,2
205909,0,1,1,2
205913,0,1,1,2
205917,0,2,1,3
205919,1,2,2,2
205921,0,2,1,3
205923,0,3,1,4
205925,0,1,1,2
205929,0,1,1,2
205931,0,1,1,2
205933,0,1,1,2
205935,0,1,1,2
205937,0,1,1,2
205939,0,1,1,2
205941,0,5,1,6
205943,0,1,1,2
205945,9,20,10,12
205947,1,1,2,1
205949,0,2,1,3
205951,0,1,1,2
205953,0,2,1,3
205955,0,4,1,5
205957,0,1,1,2
205963,0,1,1,2
205965,0,1,1,2
205967,1,3,2,3
205969,0,2,1,3
205975,0,1,1,2
205982,0,1,1,2
205984,0,3,1,4
205986,0,5,1,6
205988,2,2,3,1
205990,0,1,1,2
205992,1,10,2,10
205994,0,1,1,2
205998,0,1,1,2
206002,0,1,1,2
206004,0,3,1,4
206006,0,1,1,2
206008,0,2,1,3
206010,0,3,1,4
206012,0,1,1,2
206014,1,1,2,1
206016,1,3,2,3
206018,1,7,2,7
206020,0,1,1,2
206022,0,2,1,3
206024,2,5,3,4
206026,0,1,1,2
206028,1,3,2,3
206030,0,1,1,2
206036,0,8,1,9
206040,0,1,1,2
206042,0,1,1,2
206044,0,2,1,3
206046,0,1,1,2
206048,0,1,1,2
206050,1,4,2,4
206052,0,1,1,2
206054,0,1,1,2
206056,0,2,1,3
206058,0,1,1,2
206060,0,1,1,2
206062,0,1,1,2
206064,1,3,2,3
206066,2,2,3,1
206068,0,4,1,5
206071,0,2,1,3
206073,0,1,1,2
206075,0,1,1,2
206077,0,1,1,2
206083,0,1,1,2
206087,0,1,1,2
206089,0,2,1,3
206091,0,1,1,2
206093,0,3,1,4
206095,0,2,1,3
206097,1,2,2,2
206099,0,1,1,2
206101,0,1,1,2
206103,0,1,1,2
206105,0,1,1,2
206107,0,4,1,5
206109,1,1,2,1
206111,0,1,1,2
206115,0,2,1,3
206117,2,5,3,4
206119,0,2,1,3
206121,0,2,1,3
206123,0,1,1,2
206125,0,2,1,3
206127,0,2,1,3
206129,0,2,1,3
206131,0,2,1,3
206133,0,3,1,4
206135,1,4,2,4
206137,0,2,1,3
206139,0,2,1,3
206141,0,2,1,3
206143,0,1,1,2
206145,0,1,1,2
206147,0,2,1,3
206150,0,2,1,3
206152,1,2,2,2
206164,0,1,1,2
206174,1,1,2,1
206176,1,1,2,1
206178,0,1,1,2
206180,0,1,1,2
206184,2,3,3,2
206190,0,2,1,3
206192,0,1,1,2
206194,0,1,1,2
206196,0,1,1,2
206198,0,2,1,3
206200,1,4,2,4
206202,0,1,1,2
206204,1,2,2,2
206206,0,2,1,3
206208,23,37,24,15
206210,1,1,2,1
206212,1,1,2,1
206214,0,1,1,2
206216,1,1,2,1
206218,0,1,1,2
206226,0,1,1,2
206242,0,1,1,2
206244,0,1,1,2
206250,0,1,1,2
206252,0,1,1,2
206254,1,2,2,2
206260,0,1,1,2
206262,0,1,1,2
206264,0,1,1,2
206268,1,4,2,4
206270,1,1,2,1
206272,3,18,4,16
206274,0,3,1,4
206276,0,1,1,2
206278,1,2,2,2
206280,1,3,2,3
206282,0,1,1,2
206285,0,1,1,2
206287,0,2,1,3
206289,0,1,1,2
206291,0,2,1,3
206293,4,26,5,23
206295,1,1,2,1
206297,0,2,1,3
206299,0,3,1,4
206301,1,1,2,1
206303,0,3,1,4
206305,0,2,1,3
206307,3,3,4,1
206309,0,2,1,3
206311,0,1,1,2
206313,0,1,1,2
206315,0,1,1,2
206317,0,1,1,2
206319,0,1,1,2
206323,0,2,1,3
206325,2,5,3,4
206327,0,1,1,2
206329,2,9,3,8
206337,1,1,2,1
206339,0,1,1,2
206341,0,1,1,2
206343,1,2,2,2
206345,1,3,2,3
206347,0,3,1,4
206349,0,1,1,2
206351,0,1,1,2
206353,1,2,2,2
206355,0,2,1,3
206357,0,1,1,2
206359,0,1,1,2
206361,0,2,1,3
206363,1,1,2,1
206365,0,1,1,2
206369,0,1,1,2
206371,0,1,1,2
206373,0,1,1,2
206377,0,1,1,2
206383,1,1,2,1
206385,2,3,3,2
206387,2,3,3,2
206389,1,1,2,1
206391,1,1,2,1
206393,4,6,5,3
206395,2,8,3,7
206399,3,4,4,2
206401,0,1,1,2
206403,0,3,1,4
206407,1,2,2,2
206409,1,1,2,1
206411,1,2,2,2
206415,0,1,1,2
206417,0,1,1,2
206419,1,1,2,1
206423,0,1,1,2
206425,1,1,2,1
206429,0,1,1,2
206431,1,1,2,1
206433,0,1,1,2
206435,2,5,3,4
206447,1,4,2,4
206449,0,1,1,2
206451,0,1,1,2
206453,1,1,2,1
206455,0,1,1,2
206457,1,3,2,3
206459,1,1,2,1
206461,0,1,1,2
206463,0,2,1,3
206465,0,1,1,2
206467,1,1,2,1
206471,0,2,1,3
206477,1,2,2,2
206479,0,1,1,2
206481,0,1,1,2
206483,0,3,1,4
206487,0,1,1,2
206489,0,1,1,2
206497,1,3,2,3
206499,16,90,17,75
206501,1,2,2,2
206503,1,2,2,2
206505,0,2,1,3
206507,2,2,3,1
206509,2,3,3,2
206511,0,1,1,2
206515,0,1,1,2
206517,1,4,2,4
206519,0,2,1,3
206521,0,2,1,3
206523,0,4,1,5
206525,1,4,2,4
206527,3,9,4,7
206529,0,2,1,3
206531,1,2,2,2
206533,0,2,1,3
206535,0,1,1,2
206537,0,1,1,2
206565,1,2,2,2
206625,0,1,1,2
206633,0,3,1,4
206637,0,1,1,2
206639,0,2,1,3
206641,1,1,2,1
206643,0,1,1,2
206645,0,1,1,2
206647,0,1,1,2
206649,0,2,1,3
206651,1,2,2,2
206653,0,2,1,3
206658,0,2,1,3
206662,0,1,1,2
206666,0,3,1,4
206668,0,1,1,2
206670,1,6,2,6
206672,0,2,1,3
206674,1,2,2,2
206676,0,1,1,2
206678,0,2,1,3
206680,0,3,1,4
206686,0,1,1,2
206688,0,1,1,2
206694,0,1,1,2
206696,0,1,1,2
206698,0,2,1,3
206700,0,4,1,5
206702,0,18,1,19
206704,1,2,2,2
206706,0,1,1,2
206708,2,4,3,3
206710,0,1,1,2
206712,0,1,1,2
206714,6,16,7,11
206717,0,1,1,2
206719,0,1,1,2
206721,1,1,2,1
206723,1,1,2,1
206727,0,14,1,15
206729,0,1,1,2
206731,0,1,1,2
206733,0,1,1,2
206735,0,3,1,4
206737,1,1,2,1
206741,1,2,2,2
206743,1,1,2,1
206747,0,1,1,2
206749,0,2,1,3
206751,0,1,1,2
206755,0,5,1,6
206757,2,2,3,1
206759,0,1,1,2
206761,1,1,2,1
206765,0,1,1,2
206769,0,1,1,2
206771,1,1,2,1
206773,0,1,1,2
206775,0,1,1,2
206777,1,1,2,1
206779,0,1,1,2
206781,1,1,2,1
206783,0,1,1,2
206785,0,1,1,2
206789,0,1,1,2
206791,0,1,1,2
206793,0,1,1,2
206795,2,9,3,8
206797,0,1,1,2
206799,0,1,1,2
206801,0,1,1,2
206803,0,2,1,3
206805,11,50,12,40
206807,0,1,1,2
206809,0,1,1,2
206811,0,1,1,2
206815,0,2,1,3
206817,0,1,1,2
206819,0,1,1,2
206821,0,1,1,2
206823,0,2,1,3
206825,0,1,1,2
206827,1,1,2,1
206829,1,1,2,1
206833,1,1,2,1
206837,1,2,2,2
206839,0,2,1,3
206841,0,2,1,3
206843,1,2,2,2
206845,11,42,12,32
206847,1,2,2,2
206849,0,1,1,2
206851,0,2,1,3
206855,0,1,1,2
206857,10,12,11,3
206859,1,1,2,1
206861,0,1,1,2
206863,0,6,1,7
206865,0,1,1,2
206867,0,1,1,2
206869,0,2,1,3
206881,1,2,2,2
206883,0,1,1,2
206885,1,1,2,1
206887,0,1,1,2
206889,1,1,2,1
206891,1,1,2,1
206893,1,3,2,3
206895,0,4,1,5
206899,2,15,3,14
206901,1,1,2,1
206905,1,2,2,2
206907,0,1,1,2
206909,1,1,2,1
206911,2,2,3,1
206915,1,1,2,1
206919,1,1,2,1
206921,0,1,1,2
206923,0,1,1,2
206925,0,1,1,2
206927,0,1,1,2
206929,1,1,2,1
206931,0,4,1,5
206933,0,1,1,2
206935,0,1,1,2
206937,0,2,1,3
206939,3,6,4,4
206943,1,2,2,2
206945,0,2,1,3
206947,0,2,1,3
206949,2,3,3,2
206953,0,1,1,2
206955,1,1,2,1
206957,1,1,2,1
206959,1,6,2,6
206961,0,1,1,2
206963,1,1,2,1
206967,1,1,2,1
206969,2,2,3,1
206971,0,1,1,2
206973,0,1,1,2
206975,0,1,1,2
207021,1,1,2,1
207023,1,3,2,3
207025,1,4,2,4
207027,0,9,1,10
207029,0,1,1,2
207031,0,1,1,2
207033,0,2,1,3
207035,0,1,1,2
207037,0,1,1,2
207039,0,3,1,4
207041,0,1,1,2
207043,1,1,2,1
207045,0,1,1,2
207047,0,1,1,2
207049,1,1,2,1
207051,1,1,2,1
207053,1,1,2,1
207055,0,1,1,2
207057,1,1,2,1
207059,0,1,1,2
207061,0,1,1,2
207065,0,1,1,2
207067,0,1,1,2
207071,0,1,1,2
207075,2,6,3,5
207077,3,6,4,4
207079,0,1,1,2
207087,0,1,1,2
207089,0,2,1,3
207091,0,1,1,2
207093,1,2,2,2
207095,1,1,2,1
207097,1,1,2,1
207101,1,1,2,1
207103,0,1,1,2
207107,0,1,1,2
207109,0,1,1,2
207111,1,1,2,1
207113,1,1,2,1
207115,0,3,1,4
207117,2,5,3,4
207119,1,1,2,1
207121,1,8,2,8
207129,0,1,1,2
207133,0,1,1,2
207135,0,1,1,2
207139,0,1,1,2
207141,0,2,1,3
207143,0,1,1,2
207145,9,16,10,8
207147,1,2,2,2
207149,1,1,2,1
207151,1,1,2,1
207153,0,1,1,2
207155,0,2,1,3
207157,0,1,1,2
207159,1,3,2,3
207161,0,1,1,2
207163,0,1,1,2
207165,0,3,1,4
207167,0,1,1,2
207169,1,1,2,1
207171,0,1,1,2
207173,0,2,1,3
207181,1,1,2,1
207185,1,1,2,1
207187,1,1,2,1
207189,1,13,2,13
207191,1,1,2,1
207193,1,1,2,1
207195,1,1,2,1
207197,0,1,1,2
207199,0,4,1,5
207201,1,2,2,2
207203,1,2,2,2
207205,0,1,1,2
207209,0,1,1,2
207211,0,1,1,2
207213,2,4,3,3
207215,0,1,1,2
207217,0,1,1,2
207223,0,1,1,2
207225,1,1,2,1
207227,1,3,2,3
207229,0,5,1,6
207231,3,3,4,1
207235,0,1,1,2
207237,0,1,1,2
207239,0,1,1,2
207243,1,10,2,10
207249,0,1,1,2
207255,0,1,1,2
207259,1,1,2,1
207261,1,1,2,1
207263,1,1,2,1
207265,1,1,2,1
207269,0,1,1,2
207271,0,1,1,2
207273,0,1,1,2
207277,1,1,2,1
207279,0,1,1,2
207281,1,1,2,1
207283,0,1,1,2
207287,1,1,2,1
207289,1,1,2,1
207291,0,1,1,2
207293,0,1,1,2
207295,0,1,1,2
207297,2,3,3,2
207299,0,1,1,2
207303,1,1,2,1
207307,0,3,1,4
207309,7,37,8,31
207311,3,14,4,12
207313,0,1,1,2
207317,0,1,1,2
207319,0,1,1,2
207321,1,1,2,1
207323,1,1,2,1
207325,1,1,2,1
207329,0,1,1,2
207331,0,1,1,2
207333,0,1,1,2
207335,0,1,1,2
207337,0,1,1,2
207339,0,1,1,2
207341,0,1,1,2
207343,2,5,3,4
207345,1,1,2,1
207347,1,2,2,2
207349,0,1,1,2
207357,0,1,1,2
207359,1,2,2,2
207361,0,1,1,2
207363,0,1,1,2
207365,1,1,2,1
207367,4,15,5,12
207369,0,1,1,2
207371,0,1,1,2
207375,0,1,1,2
207387,0,1,1,2
207401,0,2,1,3
207403,1,1,2,1
207405,21,39,22,19
207409,0,1,1,2
207415,0,1,1,2
207417,0,1,1,2
207419,1,2,2,2
207423,0,1,1,2
207425,1,1,2,1
207429,0,1,1,2
207431,0,1,1,2
207433,0,2,1,3
207435,1,2,2,2
207437,1,2,2,2
207439,0,1,1,2
207441,0,1,1,2
207443,0,1,1,2
207445,0,2,1,3
207447,1,2,2,2
207451,0,1,1,2
207453,0,1,1,2
207457,1,1,2,1
207461,0,1,1,2
207465,0,1,1,2
207467,0,1,1,2
207469,0,1,1,2
207473,1,1,2,1
207475,0,1,1,2
207477,0,2,1,3
207479,0,1,1,2
207481,3,3,4,1
207483,0,1,1,2
207487,0,1,1,2
207493,0,1,1,2
207497,1,1,2,1
207499,1,1,2,1
207501,2,2,3,1
207503,0,1,1,2
207507,0,3,1,4
207509,0,1,1,2
207514,1,2,2,2
207516,1,1,2,1
207518,0,1,1,2
207530,1,1,2,1
207532,0,1,1,2
207534,1,2,2,2
207544,0,1,1,2
207546,0,1,1,2
207556,1,1,2,1
207568,1,1,2,1
207576,1,1,2,1
207584,0,1,1,2
207588,0,1,1,2
207592,0,2,1,3
207594,0,1,1,2
207596,0,1,1,2
207598,0,1,1,2
207600,0,1,1,2
207602,0,1,1,2
207604,0,2,1,3
207606,0,2,1,3
207610,0,2,1,3
207612,4,14,5,11
207614,0,1,1,2
207616,0,1,1,2
207618,0,1,1,2
207620,0,1,1,2
207622,0,1,1,2
207624,0,2,1,3
207626,0,2,1,3
207628,0,1,1,2
207630,0,1,1,2
207632,0,1,1,2
207634,2,2,3,1
207638,0,2,1,3
207640,1,1,2,1
207642,1,1,2,1
207644,0,1,1,2
207646,2,4,3,3
207648,1,1,2,1
207650,0,1,1,2
207652,0,1,1,2
207654,0,1,1,2
207656,2,6,3,5
207658,0,1,1,2
207660,0,1,1,2
207662,1,1,2,1
207666,1,1,2,1
207668,0,2,1,3
207672,0,2,1,3
207674,0,1,1,2
207678,0,1,1,2
207680,0,1,1,2
207682,0,1,1,2
207684,0,1,1,2
207688,0,3,1,4
207690,1,2,2,2
207692,0,1,1,2
207694,1,1,2,1
207698,0,1,1,2
207700,0,1,1,2
207702,0,2,1,3
207706,0,1,1,2
207708,1,1,2,1
207710,0,2,1,3
207712,0,1,1,2
207714,0,1,1,2
207718,1,1,2,1
207722,0,2,1,3
207726,1,1,2,1
207734,0,1,1,2
207738,0,1,1,2
207782,0,1,1,2
207796,0,4,1,5
207802,0,1,1,2
207808,0,1,1,2
207810,0,1,1,2
207812,0,1,1,2
207818,0,1,1,2
207824,1,2,2,2
207826,0,1,1,2
207828,0,1,1,2
207830,17,55,18,39
207834,2,6,3,5
207848,0,2,1,3
207850,0,1,1,2
207852,0,1,1,2
207854,0,1,1,2
207856,0,3,1,4
207858,0,1,1,2
207860,2,3,3,2
207862,1,1,2,1
207868,0,1,1,2
207874,2,2,3,1
207876,0,1,1,2
207878,0,1,1,2
207880,0,2,1,3
207882,0,1,1,2
207884,1,1,2,1
207888,4,6,5,3
207890,2,8,3,7
207892,2,4,3,3
207898,0,1,1,2
207900,0,1,1,2
207902,0,1,1,2
207906,0,2,1,3
207908,1,1,2,1
207912,0,2,1,3
207914,0,1,1,2
207926,0,1,1,2
207928,0,1,1,2
207930,0,6,1,7
207944,0,2,1,3
207946,0,1,1,2
207976,0,1,1,2
207984,0,1,1,2
207986,1,1,2,1
207996,1,1,2,1
207998,0,1,1,2
208000,1,4,2,4
208002,0,3,1,4
208006,1,1,2,1
208008,0,1,1,2
208012,0,1,1,2
208014,0,1,1,2
208016,0,1,1,2
208024,0,1,1,2
208026,1,1,2,1
208028,1,1,2,1
208030,0,1,1,2
208032,1,1,2,1
208034,1,1,2,1
208036,0,1,1,2
208038,0,1,1,2
208040,2,3,3,2
208042,1,3,2,3
208044,0,1,1,2
208046,0,2,1,3
208058,1,1,2,1
208062,0,1,1,2
208064,0,1,1,2
208076,0,2,1,3
208078,0,1,1,2
208080,0,1,1,2
208082,0,2,1,3
208086,0,1,1,2
208090,1,1,2,1
208092,0,1,1,2
208094,0,1,1,2
208096,3,5,4,3
208098,0,1,1,2
208100,1,1,2,1
208104,0,5,1,6
208110,2,2,3,1
208112,3,4,4,2
208114,1,2,2,2
208116,1,1,2,1
208118,0,1,1,2
208120,0,1,1,2
208122,0,2,1,3
208148,0,1,1,2
208150,0,1,1,2
208152,0,2,1,3
208156,0,1,1,2
208158,0,1,1,2
208160,0,1,1,2
208162,0,1,1,2
208164,1,1,2,1
208166,0,1,1,2
208168,0,1,1,2
208170,1,3,2,3
208172,1,1,2,1
208178,0,1,1,2
208181,1,1,2,1
208183,1,1,2,1
208185,0,1,1,2
208187,1,1,2,1
208189,0,1,1,2
208195,1,2,2,2
208199,0,1,1,2
208201,0,1,1,2
208213,0,1,1,2
208215,1,1,2,1
208217,0,1,1,2
208219,0,1,1,2
208221,0,1,1,2
208225,0,1,1,2
208229,0,1,1,2
208231,0,1,1,2
208233,0,1,1,2
208235,0,2,1,3
208237,1,2,2,2
208239,0,2,1,3
208241,0,1,1,2
208247,1,3,2,3
208249,1,2,2,2
208253,1,1,2,1
208255,0,1,1,2
208259,0,1,1,2
208265,1,1,2,1
208267,1,1,2,1
208269,0,1,1,2
208271,0,1,1,2
208273,1,1,2,1
208275,1,1,2,1
208277,2,2,3,1
208279,0,1,1,2
208291,0,1,1,2
208293,1,1,2,1
208295,1,6,2,6
208297,0,1,1,2
208319,0,1,1,2
208341,0,2,1,3
208351,1,1,2,1
208353,0,1,1,2
208355,0,1,1,2
208367,1,1,2,1
208377,0,2,1,3
208381,0,1,1,2
208383,0,1,1,2
208385,2,9,3,8
208389,0,1,1,2
208417,0,1,1,2
208419,0,1,1,2
208421,1,1,2,1
208423,0,1,1,2
208425,0,1,1,2
208427,1,1,2,1
208431,1,1,2,1
208433,1,1,2,1
208435,0,1,1,2
208443,1,2,2,2
208445,0,1,1,2
208447,2,2,3,1
208453,0,1,1,2
208455,0,1,1,2
208457,0,1,1,2
208465,1,1,2,1
208467,0,1,1,2
208471,0,1,1,2
208473,1,1,2,1
208475,0,1,1,2
208477,2,2,3,1
208479,0,1,1,2
208495,1,1,2,1
208497,0,1,1,2
208499,0,2,1,3
208501,0,1,1,2
208503,0,1,1,2
208505,0,1,1,2
208507,0,1,1,2
208513,0,1,1,2
208515,0,1,1,2
208529,0,1,1,2
208531,1,2,2,2
208545,0,1,1,2
208563,0,1,1,2
208565,0,1,1,2
208567,1,1,2,1
208569,1,1,2,1
208573,1,1,2,1
208575,0,1,1,2
208577,0,1,1,2
208579,0,1,1,2
208581,0,1,1,2
208591,1,1,2,1
208597,1,1,2,1
208599,1,1,2,1
208603,1,1,2,1
208605,1,1,2,1
208607,0,1,1,2
208609,0,1,1,2
208611,0,1,1,2
208613,0,1,1,2
208615,1,1,2,1
208617,0,1,1,2
208623,0,1,1,2
208639,0,1,1,2
208651,2,2,3,1
208679,1,1,2,1
208681,0,1,1,2
208683,0,2,1,3
208689,0,1,1,2
208691,1,1,2,1
208693,1,1,2,1
208695,1,1,2,1
208697,1,1,2,1
208699,1,1,2,1
208701,1,1,2,1
208705,1,1,2,1
208707,0,1,1,2
208709,1,1,2,1
208711,0,4,1,5
208715,3,15,4,13
208717,0,1,1,2
208727,0,1,1,2
208731,0,1,1,2
208733,0,1,1,2
208735,1,1,2,1
208737,4,12,5,9
208741,0,1,1,2
208743,1,1,2,1
208745,0,1,1,2
208747,4,8,5,5
208749,0,1,1,2
208751,0,1,1,2
208763,0,1,1,2
208765,1,3,2,3
208767,1,1,2,1
208769,0,1,1,2
208773,1,1,2,1
208779,0,1,1,2
208783,0,1,1,2
208785,1,1,2,1
208787,0,1,1,2
208789,0,1,1,2
208791,0,1,1,2
208793,0,2,1,3
208795,1,1,2,1
208799,0,1,1,2
208800,1,4,2,4
208802,0,1,1,2
208806,1,1,2,1
208809,0,1,1,2
208811,0,1,1,2
208813,1,3,2,3
208815,1,1,2,1
208819,1,1,2,1
208821,0,1,1,2
208823,1,1,2,1
208837,0,1,1,2
208843,0,1,1,2
208855,1,1,2,1
208857,0,1,1,2
208859,1,1,2,1
208861,0,1,1,2
208863,1,1,2,1
208869,1,1,2,1
208887,1,1,2,1
208889,0,2,1,3
208893,0,1,1,2
208901,0,1,1,2
208905,0,1,1,2
208907,0,1,1,2
208909,0,1,1,2
208911,1,1,2,1
208913,0,1,1,2
208915,0,1,1,2
208917,0,1,1,2
208919,0,1,1,2
208921,0,1,1,2
208923,1,1,2,1
208933,0,1,1,2
208939,7,8,8,2
208941,0,1,1,2
208943,0,1,1,2
208945,1,1,2,1
208955,0,1,1,2
208967,0,1,1,2
208973,0,1,1,2
209005,0,1,1,2
209007,0,1,1,2
209035,0,1,1,2
209037,1,1,2,1
209041,0,1,1,2
209049,1,1,2,1
209051,0,1,1,2
209053,0,1,1,2
209055,0,1,1,2
209057,0,1,1,2
209063,1,1,2,1
209065,0,1,1,2
209067,0,1,1,2
209069,0,1,1,2
209073,1,1,2,1
209075,1,1,2,1
209079,0,1,1,2
209085,1,2,2,2
209089,0,1,1,2
209101,0,1,1,2
209103,1,1,2,1
209119,0,1,1,2
209121,1,1,2,1
209123,1,1,2,1
209129,1,1,2,1
209131,0,1,1,2
209133,1,2,2,2
209135,0,2,1,3
209137,0,1,1,2
209139,0,1,1,2
209141,0,1,1,2
209143,0,1,1,2
209145,0,1,1,2
209147,0,2,1,3
209151,0,1,1,2
209153,0,1,1,2
209155,1,1,2,1
209157,0,1,1,2
209159,0,1,1,2
209163,1,1,2,1
209169,0,1,1,2
209171,0,1,1,2
